{"type":"FeatureCollection","features":[{"type":"Feature","properties":{"name":"Allegheny Center","group":"Allegheny Center","acres_attribute":133.719566,"parcel_count":69,"valid_sales":0,"price_per_sqft":null,"turnover_per_100":0.0},"geometry":{"type":"Polygon","coordinates":[[[-80.002624,40.456227],[-80.000909,40.450865],[-80.001343,40.450784],[-80.001208,40.450375],[-80.005335,40.449553],[-80.00655,40.449446],[-80.007413,40.4495],[-80.008315,40.449697],[-80.008951,40.449961],[-80.00963,40.451826],[-80.011116,40.451551],[-80.013188,40.452378],[-80.014021,40.452413],[-80.014571,40.453974],[-80.002624,40.456227]]]}},{"type":"Feature","properties":{"name":"Allegheny West","group":"Allegheny West","acres_attribute":92.66835251,"parcel_count":282,"valid_sales":14,"price_per_sqft":215.3,"turnover_per_100":4.96},"geometry":{"type":"Polygon","coordinates":[[[-80.014571,40.453974],[-80.014021,40.452413],[-80.013188,40.452378],[-80.011116,40.451551],[-80.00963,40.451826],[-80.008733,40.44925],[-80.010326,40.448915],[-80.010442,40.448299],[-80.010685,40.448308],[-80.010661,40.448261],[-80.015044,40.448338],[-80.01589,40.448834],[-80.018071,40.448891],[-80.019432,40.45311],[-80.014571,40.453974]]]}},{"type":"Feature","properties":{"name":"Allentown","group":"Allentown","acres_attribute":190.07889133,"parcel_count":1555,"valid_sales":35,"price_per_sqft":53.3,"turnover_per_100":2.25},"geometry":{"type":"Polygon","coordinates":[[[-79.999667,40.428129],[-79.999486,40.428146],[-79.998939,40.428475],[-79.998439,40.428447],[-79.998037,40.428311],[-79.997551,40.428401],[-79.997079,40.428222],[-79.996789,40.428202],[-79.996146,40.427807],[-79.994524,40.42734],[-79.994046,40.427021],[-79.993758,40.426629],[-79.993568,40.426508],[-79.992641,40.426436],[-79.992121,40.426313],[-79.990788,40.425577],[-79.990194,40.424919],[-79.988202,40.424944],[-79.987731,40.424874],[-79.987811,40.42426],[-79.988099,40.42374],[-79.988549,40.423318],[-79.988694,40.422851],[-79.988315,40.422883],[-79.988291,40.422791],[-79.98816,40.419915],[-79.988037,40.418985],[-79.9881,40.418543],[-79.997284,40.418269],[-79.99753,40.425731],[-79.997551,40.426],[-79.997761,40.42613],[-79.997602,40.426488],[-79.997449,40.426624],[-79.997623,40.426757],[-79.997801,40.426623],[-79.998021,40.426766],[-79.997832,40.426909],[-79.998032,40.427041],[-79.998221,40.426904],[-79.998452,40.427046],[-79.998253,40.427191],[-79.998441,40.427307],[-79.998655,40.427167],[-79.998977,40.42678],[-80.000733,40.427601],[-80.002075,40.427639],[-80.003841,40.427838],[-80.003245,40.428088],[-80.002653,40.428488],[-80.002071,40.428578],[-80.001431,40.428944],[-80.000336,40.428634],[-79.999667,40.428129]]]}},{"type":"Feature","properties":{"name":"Arlington","group":"Arlington","acres_attribute":307.18431056,"parcel_count":1057,"valid_sales":24,"price_per_sqft":70.2,"turnover_per_100":2.27},"geometry":{"type":"Polygon","coordinates":[[[-79.961291,40.421265],[-79.957902,40.419014],[-79.957389,40.418451],[-79.956417,40.417008],[-79.955904,40.415396],[-79.955757,40.414285],[-79.955839,40.410955],[-79.955255,40.41107],[-79.955101,40.410554],[-79.955979,40.410475],[-79.956369,40.410639],[-79.956785,40.410638],[-79.957267,40.410564],[-79.957814,40.410345],[-79.958295,40.409977],[-79.959058,40.409786],[-79.959493,40.409759],[-79.959696,40.409914],[-79.960145,40.409923],[-79.962004,40.409684],[-79.962833,40.409679],[-79.963587,40.409488],[-79.963773,40.40951],[-79.964422,40.409184],[-79.964484,40.409702],[-79.964883,40.410143],[-79.967497,40.411661],[-79.968036,40.41186],[-79.969312,40.411873],[-79.971456,40.412243],[-79.972033,40.412458],[-79.973518,40.412664],[-79.974981,40.413127],[-79.975617,40.413248],[-79.976999,40.413915],[-79.977972,40.414232],[-79.981798,40.414111],[-79.98189,40.416114],[-79.982188,40.416091],[-79.982262,40.417675],[-79.980605,40.417728],[-79.978872,40.417965],[-79.978351,40.417931],[-79.976757,40.417759],[-79.976585,40.41769],[-79.976028,40.417173],[-79.975702,40.417136],[-79.970905,40.417657],[-79.967067,40.417192],[-79.965679,40.417347],[-79.965312,40.415134],[-79.962347,40.415148],[-79.961307,40.41481],[-79.960612,40.414755],[-79.960394,40.414616],[-79.960391,40.413857],[-79.960266,40.4128],[-79.958781,40.41259],[-79.958392,40.412451],[-79.958322,40.413021],[-79.957741,40.412433],[-79.957252,40.412525],[-79.95729,40.414715],[-79.957535,40.415177],[-79.957585,40.415924],[-79.95781,40.416899],[-79.958704,40.416574],[-79.959097,40.417192],[-79.959285,40.417179],[-79.958446,40.417805],[-79.959486,40.418647],[-79.960232,40.418068],[-79.961773,40.41926],[-79.961002,40.42026],[-79.962007,40.420924],[-79.961621,40.421248],[-79.961432,40.421129],[-79.961291,40.421265]]]}},{"type":"Feature","properties":{"name":"Arlington Heights","group":"Arlington Heights","acres_attribute":81.42957212,"parcel_count":9,"valid_sales":0,"price_per_sqft":null,"turnover_per_100":0.0},"geometry":{"type":"Polygon","coordinates":[[[-79.960269,40.418096],[-79.959486,40.418647],[-79.958426,40.417788],[-79.959285,40.417179],[-79.959097,40.417192],[-79.958704,40.416574],[-79.95781,40.416899],[-79.957585,40.415924],[-79.957535,40.415177],[-79.95729,40.414715],[-79.957252,40.412525],[-79.957741,40.412433],[-79.958322,40.413021],[-79.958392,40.412451],[-79.958781,40.41259],[-79.960266,40.4128],[-79.960391,40.413857],[-79.960394,40.414616],[-79.960612,40.414755],[-79.961307,40.41481],[-79.962347,40.415148],[-79.965312,40.415134],[-79.965679,40.417347],[-79.965108,40.417439],[-79.964042,40.418274],[-79.963599,40.419032],[-79.963043,40.419294],[-79.962727,40.420107],[-79.962571,40.420196],[-79.962731,40.420329],[-79.962007,40.420924],[-79.961002,40.42026],[-79.961773,40.41926],[-79.960269,40.418096]]]}},{"type":"Feature","properties":{"name":"Banksville","group":"Banksville","acres_attribute":625.67643177,"parcel_count":1481,"valid_sales":127,"price_per_sqft":180.3,"turnover_per_100":8.58},"geometry":{"type":"Polygon","coordinates":[[[-80.029591,40.422438],[-80.029886,40.415925],[-80.029948,40.415096],[-80.03011,40.414294],[-80.031298,40.410783],[-80.031657,40.409892],[-80.032383,40.408595],[-80.033033,40.407709],[-80.03421,40.406973],[-80.033778,40.40618],[-80.034401,40.405957],[-80.035053,40.405857],[-80.03522,40.405727],[-80.035516,40.405243],[-80.036296,40.405294],[-80.036346,40.404269],[-80.036419,40.404285],[-80.039767,40.401327],[-80.042081,40.399754],[-80.041856,40.399441],[-80.04194,40.399394],[-80.045054,40.399049],[-80.051205,40.401951],[-80.03962,40.420678],[-80.035013,40.420048],[-80.033639,40.420109],[-80.032538,40.420431],[-80.031875,40.420796],[-80.031339,40.421268],[-80.030764,40.422115],[-80.030612,40.42271],[-80.03057,40.423339],[-80.030919,40.424923],[-80.030308,40.424507],[-80.029948,40.423941],[-80.029591,40.422438]]]}},{"type":"Feature","properties":{"name":"Bedford Dwellings","group":"Bedford Dwellings","acres_attribute":112.43155145,"parcel_count":269,"valid_sales":1,"price_per_sqft":84.7,"turnover_per_100":0.37},"geometry":{"type":"Polygon","coordinates":[[[-79.966008,40.455199],[-79.96579,40.453852],[-79.964928,40.452891],[-79.965984,40.452983],[-79.966446,40.453185],[-79.966668,40.453183],[-79.96946,40.452005],[-79.968924,40.451157],[-79.96909,40.451085],[-79.972526,40.449628],[-79.973001,40.450501],[-79.982726,40.446377],[-79.983655,40.44765],[-79.983902,40.448528],[-79.981759,40.449606],[-79.979858,40.450242],[-79.977971,40.450635],[-79.976853,40.450973],[-79.975688,40.451549],[-79.974249,40.452549],[-79.97367,40.452851],[-79.968305,40.455005],[-79.966013,40.455668],[-79.966008,40.455199]]]}},{"type":"Feature","properties":{"name":"Beechview","group":"Beechview","acres_attribute":933.88886667,"parcel_count":4203,"valid_sales":292,"price_per_sqft":128.0,"turnover_per_100":6.95},"geometry":{"type":"Polygon","coordinates":[[[-80.021125,40.425192],[-80.021445,40.424607],[-80.021481,40.424004],[-80.021338,40.423498],[-80.021036,40.423437],[-80.019597,40.423992],[-80.017785,40.422357],[-80.0164,40.420858],[-80.016198,40.420398],[-80.016117,40.419924],[-80.016241,40.418823],[-80.016145,40.418061],[-80.015682,40.416971],[-80.015278,40.415615],[-80.015006,40.415174],[-80.014526,40.414745],[-80.013805,40.41437],[-80.011048,40.413577],[-80.009973,40.413087],[-80.010573,40.412253],[-80.011492,40.411688],[-80.012854,40.411178],[-80.01525,40.410586],[-80.015818,40.410236],[-80.017673,40.408568],[-80.017933,40.408207],[-80.018217,40.407561],[-80.01853,40.406262],[-80.019037,40.404666],[-80.019356,40.404056],[-80.019688,40.403715],[-80.022174,40.401748],[-80.023817,40.400132],[-80.02594,40.398508],[-80.026237,40.398318],[-80.029393,40.397213],[-80.03176,40.400097],[-80.031471,40.400405],[-80.032485,40.401737],[-80.032669,40.401543],[-80.0367,40.400793],[-80.035625,40.401706],[-80.035474,40.404294],[-80.036346,40.404269],[-80.036296,40.405294],[-80.035516,40.405243],[-80.03522,40.405727],[-80.035053,40.405857],[-80.034401,40.405957],[-80.033778,40.40618],[-80.03421,40.406973],[-80.033033,40.407709],[-80.032383,40.408595],[-80.031657,40.409892],[-80.031298,40.410783],[-80.03011,40.414294],[-80.029948,40.415096],[-80.029886,40.415925],[-80.029591,40.422438],[-80.030062,40.4242],[-80.03059,40.42475],[-80.030919,40.424923],[-80.031042,40.426051],[-80.030896,40.426973],[-80.030487,40.427905],[-80.0297,40.428934],[-80.028841,40.429637],[-80.028037,40.430084],[-80.027241,40.429469],[-80.024521,40.426487],[-80.023436,40.425936],[-80.021125,40.425192]]]}},{"type":"Feature","properties":{"name":"Beltzhoover","group":"Beltzhoover","acres_attribute":265.85583068,"parcel_count":1750,"valid_sales":14,"price_per_sqft":31.1,"turnover_per_100":0.8},"geometry":{"type":"Polygon","coordinates":[[[-80.00247,40.421782],[-79.998465,40.421732],[-79.998256,40.421449],[-79.997404,40.421656],[-79.997046,40.413888],[-79.997128,40.41342],[-79.997314,40.413134],[-79.99885,40.411963],[-79.999553,40.411785],[-80.001656,40.412023],[-80.002262,40.411982],[-80.005463,40.411305],[-80.006037,40.411115],[-80.007415,40.412598],[-80.008026,40.41309],[-80.011364,40.415076],[-80.011028,40.415887],[-80.011231,40.417094],[-80.010723,40.41764],[-80.01068,40.417851],[-80.009871,40.418355],[-80.009342,40.418957],[-80.008394,40.41974],[-80.007764,40.419971],[-80.00768,40.420096],[-80.006392,40.420541],[-80.005258,40.420749],[-80.002489,40.421037],[-80.002371,40.421105],[-80.00247,40.421782]]]}},{"type":"Feature","properties":{"name":"Bloomfield","group":"Bloomfield","acres_attribute":449.23559615,"parcel_count":3469,"valid_sales":197,"price_per_sqft":188.5,"turnover_per_100":5.68},"geometry":{"type":"Polygon","coordinates":[[[-79.951933,40.466178],[-79.939385,40.464541],[-79.935111,40.464742],[-79.935828,40.462929],[-79.936077,40.462984],[-79.937061,40.457683],[-79.936493,40.456573],[-79.941496,40.455048],[-79.941988,40.455947],[-79.942878,40.45568],[-79.944275,40.455258],[-79.943085,40.454574],[-79.949691,40.452593],[-79.949778,40.453122],[-79.951004,40.455933],[-79.951483,40.457352],[-79.952994,40.457637],[-79.953752,40.458033],[-79.954268,40.458495],[-79.955479,40.459922],[-79.955939,40.460311],[-79.953638,40.462765],[-79.953966,40.46291],[-79.957173,40.462391],[-79.957964,40.46519],[-79.951933,40.466178]]]}},{"type":"Feature","properties":{"name":"Bluff","group":"Bluff","acres_attribute":208.16719001,"parcel_count":780,"valid_sales":6,"price_per_sqft":112.4,"turnover_per_100":0.77},"geometry":{"type":"Polygon","coordinates":[[[-79.993714,40.438929],[-79.97589,40.438155],[-79.973549,40.437956],[-79.972646,40.437703],[-79.973408,40.434279],[-79.975511,40.434688],[-79.977848,40.435348],[-79.982119,40.434705],[-79.982129,40.434767],[-79.981981,40.434817],[-79.98294,40.434838],[-79.9859,40.434005],[-79.988051,40.433719],[-79.990753,40.433626],[-79.995829,40.433995],[-79.994579,40.435881],[-79.994014,40.438137],[-79.993714,40.438929]]]}},{"type":"Feature","properties":{"name":"Bon Air","group":"Bon Air","acres_attribute":201.49147968,"parcel_count":512,"valid_sales":41,"price_per_sqft":151.9,"turnover_per_100":8.01},"geometry":{"type":"Polygon","coordinates":[[[-80.007415,40.412598],[-80.006037,40.411115],[-80.005463,40.411305],[-80.00201,40.412009],[-79.999446,40.411794],[-79.99885,40.411963],[-79.997597,40.412876],[-79.997314,40.413134],[-79.997031,40.413701],[-79.9968,40.411402],[-79.99695,40.411021],[-79.996803,40.409687],[-79.996489,40.401713],[-79.997088,40.401591],[-79.999422,40.401662],[-79.999529,40.402189],[-80.000311,40.402139],[-80.001613,40.401921],[-80.002294,40.403568],[-80.002659,40.404142],[-80.005173,40.406025],[-80.005575,40.406504],[-80.00577,40.407103],[-80.005629,40.408264],[-80.005658,40.408726],[-80.005987,40.409286],[-80.006321,40.409547],[-80.007282,40.410065],[-80.007818,40.410663],[-80.008432,40.411964],[-80.008957,40.412506],[-80.009973,40.413087],[-80.009566,40.414031],[-80.008026,40.41309],[-80.007415,40.412598]]]}},{"type":"Feature","properties":{"name":"Brighton Heights","group":"Brighton Heights","acres_attribute":714.89430542,"parcel_count":3309,"valid_sales":233,"price_per_sqft":136.1,"turnover_per_100":7.04},"geometry":{"type":"Polygon","coordinates":[[[-80.040715,40.491463],[-80.037493,40.490073],[-80.035762,40.490937],[-80.027787,40.491108],[-80.027656,40.490707],[-80.027038,40.489852],[-80.026835,40.489183],[-80.025116,40.485987],[-80.025051,40.485747],[-80.0257,40.48266],[-80.025614,40.480709],[-80.026684,40.480269],[-80.027292,40.479876],[-80.027878,40.478353],[-80.028225,40.478063],[-80.029514,40.477535],[-80.029886,40.477124],[-80.03009,40.476593],[-80.030215,40.476484],[-80.032437,40.476469],[-80.033113,40.476284],[-80.034029,40.475884],[-80.034948,40.475236],[-80.03512,40.475099],[-80.034865,40.474151],[-80.036498,40.472628],[-80.036504,40.472821],[-80.036289,40.473168],[-80.035246,40.474175],[-80.035785,40.474685],[-80.036531,40.474911],[-80.037866,40.472868],[-80.037184,40.471998],[-80.037439,40.471783],[-80.037712,40.471778],[-80.038449,40.473074],[-80.043036,40.478938],[-80.04371,40.478611],[-80.046458,40.477735],[-80.047109,40.479115],[-80.047715,40.479983],[-80.048536,40.480926],[-80.049561,40.481915],[-80.051447,40.483522],[-80.050661,40.48414],[-80.05073,40.484184],[-80.050006,40.484791],[-80.049935,40.485395],[-80.049831,40.485632],[-80.048595,40.486428],[-80.04793,40.486307],[-80.046834,40.487173],[-80.046687,40.487037],[-80.046447,40.487171],[-80.040715,40.491463]]]}},{"type":"Feature","properties":{"name":"Brookline","group":"Brookline","acres_attribute":1336.91504781,"parcel_count":6495,"valid_sales":605,"price_per_sqft":159.0,"turnover_per_100":9.31},"geometry":{"type":"Polygon","coordinates":[[[-80.002294,40.403568],[-80.001613,40.401921],[-80.00062,40.402085],[-80.000476,40.401569],[-80.000134,40.399029],[-79.999982,40.398652],[-79.999617,40.398014],[-79.997401,40.395386],[-79.997298,40.395131],[-79.997223,40.394792],[-79.997343,40.393517],[-79.997309,40.392999],[-79.997689,40.392603],[-79.997913,40.392194],[-79.997826,40.391207],[-79.997841,40.389754],[-79.999401,40.389895],[-79.999195,40.388933],[-80.002167,40.388201],[-80.002771,40.388718],[-80.004651,40.388373],[-80.005883,40.388382],[-80.00591,40.388817],[-80.006777,40.388852],[-80.00695,40.389045],[-80.007427,40.388844],[-80.007009,40.388479],[-80.00777,40.388242],[-80.007449,40.387527],[-80.007688,40.387232],[-80.006847,40.385778],[-80.005995,40.384043],[-80.005969,40.38362],[-80.006451,40.383511],[-80.006329,40.38348],[-80.007679,40.38302],[-80.007161,40.381539],[-80.007359,40.380906],[-80.007688,40.381138],[-80.007887,40.380967],[-80.008138,40.380882],[-80.008951,40.381145],[-80.00903,40.381024],[-80.010031,40.380929],[-80.010385,40.38045],[-80.012582,40.380897],[-80.013177,40.382843],[-80.012333,40.382982],[-80.012319,40.383037],[-80.01258,40.383075],[-80.012495,40.383407],[-80.013393,40.383489],[-80.014161,40.385773],[-80.013613,40.385714],[-80.01357,40.386098],[-80.013822,40.38657],[-80.014916,40.386078],[-80.016421,40.385137],[-80.017111,40.386322],[-80.018162,40.386458],[-80.01891,40.386824],[-80.02783,40.391606],[-80.028681,40.391271],[-80.03077,40.395015],[-80.030701,40.395359],[-80.031147,40.396621],[-80.026237,40.398318],[-80.02408,40.399915],[-80.022174,40.401748],[-80.019688,40.403715],[-80.019356,40.404056],[-80.019181,40.404316],[-80.018803,40.405363],[-80.018149,40.407764],[-80.017673,40.408568],[-80.01554,40.410438],[-80.01525,40.410586],[-80.012854,40.411178],[-80.011492,40.411688],[-80.010573,40.412253],[-80.009973,40.413087],[-80.008957,40.412506],[-80.008432,40.411964],[-80.007818,40.410663],[-80.007282,40.410065],[-80.006321,40.409547],[-80.005987,40.409286],[-80.005658,40.408726],[-80.005629,40.408264],[-80.00577,40.407103],[-80.005575,40.406504],[-80.005173,40.406025],[-80.002659,40.404142],[-80.002294,40.403568]]]}},{"type":"Feature","properties":{"name":"California-Kirkbride","group":"California-Kirkbride","acres_attribute":138.8105677,"parcel_count":866,"valid_sales":6,"price_per_sqft":92.8,"turnover_per_100":0.69},"geometry":{"type":"Polygon","coordinates":[[[-80.020569,40.46298],[-80.019627,40.462269],[-80.019247,40.46189],[-80.018799,40.461276],[-80.01835,40.460438],[-80.016397,40.45926],[-80.015351,40.456104],[-80.016514,40.455891],[-80.017478,40.455877],[-80.018078,40.455777],[-80.018254,40.455563],[-80.020112,40.455208],[-80.020596,40.456692],[-80.023459,40.458167],[-80.023544,40.458689],[-80.023446,40.458812],[-80.024626,40.459628],[-80.0298,40.461576],[-80.030541,40.461928],[-80.030779,40.462133],[-80.029418,40.463087],[-80.029109,40.46284],[-80.029056,40.462876],[-80.028892,40.462767],[-80.026812,40.463003],[-80.02271,40.463791],[-80.022038,40.463388],[-80.021052,40.463202],[-80.020569,40.46298]]]}},{"type":"Feature","properties":{"name":"Carrick","group":"Carrick","acres_attribute":1068.49913476,"parcel_count":4684,"valid_sales":358,"price_per_sqft":97.3,"turnover_per_100":7.64},"geometry":{"type":"Polygon","coordinates":[[[-79.991911,40.40718],[-79.991945,40.407134],[-79.991033,40.406972],[-79.987668,40.406083],[-79.981455,40.405863],[-79.981094,40.407848],[-79.980482,40.407168],[-79.979253,40.40671],[-79.978615,40.406386],[-79.978265,40.406157],[-79.97788,40.405715],[-79.975895,40.404383],[-79.979308,40.401948],[-79.979813,40.401302],[-79.980009,40.400445],[-79.979939,40.399951],[-79.979742,40.39947],[-79.979398,40.399052],[-79.975791,40.39313],[-79.973906,40.393441],[-79.973641,40.39276],[-79.973229,40.392786],[-79.973038,40.392471],[-79.973568,40.392207],[-79.973249,40.390848],[-79.973086,40.388725],[-79.975416,40.388288],[-79.975759,40.38722],[-79.974084,40.3848],[-79.976475,40.385394],[-79.977653,40.384151],[-79.976848,40.382852],[-79.976145,40.381309],[-79.976758,40.381149],[-79.977096,40.381234],[-79.977348,40.381315],[-79.977648,40.381751],[-79.978031,40.381855],[-79.978931,40.381657],[-79.98195,40.38065],[-79.982757,40.381495],[-79.983345,40.381524],[-79.984831,40.379558],[-79.985568,40.380722],[-79.984923,40.381194],[-79.984229,40.381578],[-79.985632,40.381657],[-79.986559,40.381838],[-79.986913,40.383738],[-79.987208,40.384451],[-79.988188,40.384348],[-79.989727,40.384006],[-79.991893,40.383973],[-79.992886,40.383797],[-79.993552,40.383917],[-79.992935,40.384485],[-79.990348,40.385033],[-79.990561,40.385666],[-79.992018,40.385375],[-79.991996,40.385868],[-79.992238,40.387449],[-79.991322,40.387676],[-79.991138,40.387785],[-79.991263,40.388358],[-79.991147,40.389119],[-79.991292,40.389391],[-79.992183,40.390355],[-79.992487,40.390204],[-79.992915,40.390216],[-79.993212,40.391408],[-79.992812,40.391337],[-79.993013,40.392152],[-79.993426,40.392272],[-79.993508,40.3926],[-79.994384,40.392541],[-79.994477,40.393225],[-79.995333,40.393159],[-79.99555,40.394357],[-79.995768,40.394522],[-79.996301,40.394453],[-79.996969,40.395547],[-79.997128,40.395678],[-79.997185,40.395534],[-79.997401,40.395386],[-79.999617,40.398014],[-80.000134,40.399029],[-80.000476,40.401569],[-80.00062,40.402085],[-79.999529,40.402189],[-79.999422,40.401662],[-79.998979,40.40161],[-79.997088,40.401591],[-79.996489,40.401713],[-79.996752,40.408173],[-79.99524,40.40782],[-79.99245,40.407387],[-79.991911,40.40718]]]}},{"type":"Feature","properties":{"name":"Central Business District","group":"Central Business District","acres_attribute":413.20446531,"parcel_count":1330,"valid_sales":138,"price_per_sqft":246.5,"turnover_per_100":10.38},"geometry":{"type":"Polygon","coordinates":[[[-79.992961,40.444967],[-79.992334,40.444938],[-79.991716,40.445041],[-79.990012,40.445949],[-79.990091,40.445261],[-79.990345,40.444644],[-79.992037,40.442211],[-79.993646,40.439093],[-79.994014,40.438137],[-79.994579,40.435881],[-79.995829,40.433995],[-79.997283,40.434263],[-79.998788,40.434811],[-79.999405,40.435141],[-79.999837,40.435544],[-80.000794,40.436128],[-80.002064,40.436693],[-80.007584,40.438771],[-80.009444,40.439572],[-80.010189,40.440053],[-80.012891,40.4414],[-80.013189,40.441579],[-80.013298,40.441835],[-80.013158,40.442111],[-80.012887,40.442213],[-80.007422,40.443369],[-80.002332,40.444612],[-79.999078,40.445648],[-79.995614,40.447007],[-79.99544,40.447139],[-79.99477,40.446094],[-79.994251,40.445447],[-79.993731,40.445148],[-79.992961,40.444967]]]}},{"type":"Feature","properties":{"name":"Central Lawrenceville","group":"Lawrenceville","acres_attribute":614.47181156,"parcel_count":2220,"valid_sales":207,"price_per_sqft":266.9,"turnover_per_100":9.32},"geometry":{"type":"Polygon","coordinates":[[[-79.95981,40.481323],[-79.955957,40.478524],[-79.954393,40.477474],[-79.953984,40.477308],[-79.952389,40.477641],[-79.950911,40.477418],[-79.949109,40.478198],[-79.947061,40.47762],[-79.946574,40.477598],[-79.944417,40.478653],[-79.942517,40.477348],[-79.938374,40.474125],[-79.936532,40.474276],[-79.936522,40.474109],[-79.93494,40.47255],[-79.935456,40.47257],[-79.937819,40.473064],[-79.939085,40.473089],[-79.940153,40.472905],[-79.941731,40.472361],[-79.943708,40.471953],[-79.944498,40.471642],[-79.945672,40.470761],[-79.946466,40.470005],[-79.946958,40.469395],[-79.947336,40.468687],[-79.94736,40.468222],[-79.947246,40.467981],[-79.946749,40.467461],[-79.946119,40.466972],[-79.946449,40.465474],[-79.951933,40.466178],[-79.957964,40.46519],[-79.963849,40.469944],[-79.967146,40.471873],[-79.966547,40.472565],[-79.966141,40.473334],[-79.965609,40.473965],[-79.965637,40.474398],[-79.965358,40.474616],[-79.964923,40.47528],[-79.964814,40.475578],[-79.964455,40.475777],[-79.963086,40.477812],[-79.962808,40.478417],[-79.961873,40.479706],[-79.960842,40.480569],[-79.960444,40.480788],[-79.9605,40.480833],[-79.960172,40.481119],[-79.960078,40.481077],[-79.95981,40.481323]]]}},{"type":"Feature","properties":{"name":"Central Northside","group":"Central Northside","acres_attribute":166.19398243,"parcel_count":1781,"valid_sales":94,"price_per_sqft":235.5,"turnover_per_100":5.28},"geometry":{"type":"Polygon","coordinates":[[[-80.008739,40.461225],[-80.008453,40.459502],[-80.007947,40.459136],[-80.007767,40.458863],[-80.006843,40.459081],[-80.005537,40.45898],[-80.004652,40.458764],[-80.002961,40.458556],[-80.002241,40.45869],[-80.00157,40.456421],[-80.019432,40.45311],[-80.020112,40.455208],[-80.018254,40.455563],[-80.018078,40.455777],[-80.017478,40.455877],[-80.016514,40.455891],[-80.015351,40.456104],[-80.016423,40.459281],[-80.015362,40.459474],[-80.015452,40.459744],[-80.012895,40.460266],[-80.012175,40.46008],[-80.010205,40.459904],[-80.009972,40.460045],[-80.009075,40.461149],[-80.008889,40.461213],[-80.008739,40.461225]]]}},{"type":"Feature","properties":{"name":"Central Oakland","group":"Central Oakland","acres_attribute":179.22977556,"parcel_count":1118,"valid_sales":18,"price_per_sqft":191.4,"turnover_per_100":1.61},"geometry":{"type":"Polygon","coordinates":[[[-79.95304,40.442035],[-79.952663,40.441817],[-79.952292,40.442245],[-79.951678,40.442416],[-79.950346,40.441964],[-79.948956,40.441188],[-79.949483,40.440582],[-79.949697,40.440244],[-79.949835,40.439825],[-79.949864,40.439318],[-79.949584,40.436513],[-79.949863,40.434438],[-79.951689,40.434241],[-79.952216,40.434253],[-79.954732,40.43462],[-79.956411,40.435132],[-79.958174,40.435827],[-79.958201,40.435961],[-79.958423,40.436195],[-79.962074,40.439139],[-79.957441,40.442522],[-79.956441,40.441957],[-79.955392,40.442692],[-79.953548,40.443183],[-79.95304,40.442035]]]}},{"type":"Feature","properties":{"name":"Chartiers City","group":"Chartiers City","acres_attribute":85.76980109,"parcel_count":331,"valid_sales":14,"price_per_sqft":84.8,"turnover_per_100":4.23},"geometry":{"type":"Polygon","coordinates":[[[-80.069963,40.460482],[-80.068989,40.460454],[-80.066969,40.459787],[-80.067458,40.457907],[-80.06722,40.457765],[-80.066904,40.45735],[-80.067346,40.457164],[-80.067096,40.456879],[-80.066916,40.456331],[-80.066952,40.456085],[-80.07216,40.453284],[-80.072206,40.453439],[-80.071989,40.453979],[-80.071995,40.454282],[-80.072401,40.455001],[-80.072963,40.455604],[-80.073237,40.457978],[-80.073222,40.460869],[-80.073358,40.461008],[-80.07589,40.461842],[-80.07544,40.46268],[-80.073881,40.461566],[-80.072596,40.461134],[-80.069963,40.460482]]]}},{"type":"Feature","properties":{"name":"Chateau","group":"Chateau","acres_attribute":244.80787848,"parcel_count":259,"valid_sales":0,"price_per_sqft":null,"turnover_per_100":0.0},"geometry":{"type":"Polygon","coordinates":[[[-80.031348,40.46154],[-80.030585,40.460893],[-80.028119,40.453225],[-80.027502,40.451407],[-80.027286,40.450984],[-80.026805,40.451064],[-80.026645,40.450573],[-80.025174,40.450841],[-80.024994,40.450422],[-80.0189,40.451526],[-80.016861,40.444895],[-80.019179,40.445463],[-80.020028,40.445792],[-80.021813,40.446257],[-80.022635,40.446342],[-80.022752,40.446291],[-80.023714,40.446467],[-80.024101,40.446698],[-80.02545,40.447205],[-80.025518,40.44716],[-80.028935,40.448985],[-80.030929,40.450516],[-80.03222,40.452016],[-80.032388,40.452111],[-80.032842,40.452084],[-80.032836,40.452169],[-80.032464,40.45223],[-80.032643,40.452325],[-80.03277,40.452517],[-80.033039,40.452633],[-80.033763,40.453333],[-80.034164,40.453968],[-80.034756,40.455628],[-80.034762,40.456242],[-80.034707,40.456363],[-80.034551,40.456388],[-80.034562,40.456474],[-80.034772,40.456526],[-80.034814,40.456679],[-80.034725,40.457551],[-80.034831,40.457822],[-80.034883,40.458492],[-80.034793,40.458687],[-80.03501,40.458722],[-80.035036,40.459495],[-80.035153,40.459862],[-80.03591,40.461315],[-80.032134,40.46207],[-80.031348,40.46154]]]}},{"type":"Feature","properties":{"name":"Crafton Heights","group":"Crafton Heights","acres_attribute":480.84267305,"parcel_count":1975,"valid_sales":126,"price_per_sqft":131.4,"turnover_per_100":6.38},"geometry":{"type":"Polygon","coordinates":[[[-80.045284,40.45043],[-80.045081,40.450161],[-80.044071,40.448012],[-80.044005,40.447766],[-80.044153,40.446906],[-80.043968,40.446151],[-80.04373,40.445898],[-80.043454,40.445746],[-80.042101,40.445457],[-80.041843,40.445281],[-80.041614,40.444978],[-80.042785,40.444002],[-80.043259,40.444326],[-80.045786,40.442341],[-80.045309,40.441957],[-80.045116,40.442108],[-80.045126,40.441958],[-80.045704,40.440768],[-80.045882,40.440576],[-80.047434,40.439991],[-80.047346,40.43961],[-80.047298,40.438161],[-80.049218,40.438129],[-80.050947,40.437512],[-80.05236,40.43758],[-80.053218,40.437919],[-80.053578,40.437964],[-80.055861,40.437775],[-80.057599,40.437542],[-80.059402,40.43916],[-80.061219,40.44064],[-80.060924,40.44175],[-80.060514,40.442217],[-80.06013,40.442406],[-80.055374,40.443944],[-80.056802,40.444338],[-80.058047,40.444427],[-80.0585,40.444596],[-80.05996,40.445644],[-80.062098,40.448018],[-80.062843,40.448553],[-80.059999,40.450665],[-80.05525,40.452117],[-80.055106,40.452544],[-80.054526,40.452613],[-80.053168,40.452337],[-80.051722,40.451684],[-80.051112,40.451503],[-80.045284,40.45043]]]}},{"type":"Feature","properties":{"name":"Crawford-Roberts","group":"Crawford-Roberts","acres_attribute":160.85876719,"parcel_count":1464,"valid_sales":73,"price_per_sqft":195.3,"turnover_per_100":4.99},"geometry":{"type":"Polygon","coordinates":[[[-79.983655,40.44765],[-79.982726,40.446377],[-79.982432,40.446501],[-79.980345,40.44364],[-79.980007,40.443878],[-79.979276,40.44288],[-79.979675,40.442706],[-79.979207,40.44217],[-79.97902,40.441769],[-79.978881,40.441083],[-79.978658,40.440851],[-79.978323,40.44066],[-79.978672,40.44032],[-79.977881,40.439356],[-79.97718,40.439369],[-79.975376,40.43921],[-79.977475,40.438336],[-79.977548,40.438237],[-79.993714,40.438929],[-79.992037,40.442211],[-79.990368,40.444601],[-79.988878,40.445547],[-79.988817,40.445491],[-79.984788,40.448049],[-79.983902,40.448528],[-79.983655,40.44765]]]}},{"type":"Feature","properties":{"name":"Duquesne Heights","group":"Duquesne Heights","acres_attribute":396.51557922,"parcel_count":1866,"valid_sales":127,"price_per_sqft":223.3,"turnover_per_100":6.81},"geometry":{"type":"Polygon","coordinates":[[[-80.02479,40.442431],[-80.017731,40.439744],[-80.018928,40.438149],[-80.018229,40.437784],[-80.018586,40.437373],[-80.018829,40.436378],[-80.01829,40.436294],[-80.019022,40.435405],[-80.019176,40.43499],[-80.017978,40.434811],[-80.02062,40.42619],[-80.020819,40.425733],[-80.021084,40.42574],[-80.02097,40.425536],[-80.021125,40.425192],[-80.023436,40.425936],[-80.024521,40.426487],[-80.027241,40.429469],[-80.028037,40.430084],[-80.026299,40.431018],[-80.027166,40.431785],[-80.028114,40.432965],[-80.028584,40.433387],[-80.029474,40.433922],[-80.029534,40.433845],[-80.030464,40.434361],[-80.032307,40.435469],[-80.032887,40.436215],[-80.033033,40.436661],[-80.033053,40.437319],[-80.032899,40.439],[-80.032538,40.439803],[-80.030256,40.442152],[-80.03019,40.442083],[-80.029611,40.442643],[-80.029598,40.442816],[-80.028503,40.443951],[-80.02479,40.442431]]]}},{"type":"Feature","properties":{"name":"East Allegheny","group":"East Allegheny","acres_attribute":150.34595404,"parcel_count":1280,"valid_sales":59,"price_per_sqft":194.8,"turnover_per_100":4.61},"geometry":{"type":"Polygon","coordinates":[[[-79.994646,40.459727],[-79.995438,40.458339],[-79.99548,40.458109],[-79.99483,40.458219],[-79.994589,40.458183],[-79.991307,40.456742],[-79.993102,40.455796],[-79.994672,40.455412],[-79.994452,40.45484],[-79.993767,40.455214],[-79.993434,40.455269],[-79.992931,40.455236],[-79.992284,40.454779],[-79.993445,40.453827],[-79.995617,40.45241],[-79.996749,40.451738],[-79.997484,40.451397],[-79.997581,40.45128],[-80.001208,40.450375],[-80.001343,40.450784],[-80.000909,40.450865],[-80.002624,40.456227],[-80.00157,40.456421],[-80.002241,40.45869],[-80.000831,40.458962],[-80.000979,40.459428],[-80.000053,40.459969],[-80.000047,40.459779],[-79.999733,40.459886],[-79.999406,40.458613],[-79.997459,40.459019],[-79.996472,40.459311],[-79.995183,40.459956],[-79.993189,40.461231],[-79.99407,40.460423],[-79.994646,40.459727]]]}},{"type":"Feature","properties":{"name":"East Carnegie","group":"East Carnegie","acres_attribute":277.41123706,"parcel_count":315,"valid_sales":15,"price_per_sqft":100.1,"turnover_per_100":4.76},"geometry":{"type":"Polygon","coordinates":[[[-80.071088,40.424043],[-80.068481,40.422476],[-80.067364,40.42129],[-80.067243,40.421034],[-80.067265,40.42069],[-80.066885,40.420629],[-80.066151,40.417738],[-80.066103,40.417309],[-80.066555,40.416673],[-80.067285,40.416229],[-80.067666,40.416095],[-80.06874,40.415949],[-80.071529,40.415822],[-80.071778,40.415732],[-80.072811,40.41425],[-80.073865,40.413407],[-80.075042,40.414264],[-80.075136,40.414198],[-80.075834,40.414728],[-80.075924,40.414659],[-80.076675,40.415241],[-80.076768,40.415173],[-80.077153,40.415449],[-80.077356,40.41527],[-80.078662,40.41647],[-80.077159,40.417098],[-80.07636,40.417611],[-80.076033,40.417955],[-80.074806,40.420132],[-80.074786,40.420416],[-80.074862,40.42061],[-80.075162,40.420766],[-80.075651,40.420835],[-80.076662,40.420567],[-80.079597,40.420046],[-80.081572,40.420221],[-80.082687,40.420109],[-80.08451,40.42053],[-80.085415,40.421251],[-80.085745,40.4228],[-80.085545,40.42385],[-80.083601,40.423799],[-80.083349,40.423734],[-80.080522,40.423731],[-80.074316,40.425334],[-80.07372,40.425554],[-80.07321,40.426047],[-80.072699,40.425687],[-80.072596,40.425528],[-80.072328,40.424622],[-80.071088,40.424043]]]}},{"type":"Feature","properties":{"name":"East Hills","group":"East Hills","acres_attribute":345.9566702,"parcel_count":1617,"valid_sales":19,"price_per_sqft":64.4,"turnover_per_100":1.18},"geometry":{"type":"Polygon","coordinates":[[[-79.875347,40.459799],[-79.874507,40.459271],[-79.873143,40.460435],[-79.872287,40.460892],[-79.871381,40.461116],[-79.870576,40.461198],[-79.869105,40.460981],[-79.869225,40.460534],[-79.870635,40.46076],[-79.871698,40.460573],[-79.871623,40.458397],[-79.872559,40.457651],[-79.872647,40.457463],[-79.865846,40.455753],[-79.867143,40.4494],[-79.872688,40.449375],[-79.878315,40.44993],[-79.881219,40.44936],[-79.881475,40.449318],[-79.881617,40.449387],[-79.882188,40.449197],[-79.882902,40.449159],[-79.884032,40.448926],[-79.884781,40.45186],[-79.885216,40.452556],[-79.885261,40.452704],[-79.885175,40.452876],[-79.885471,40.453444],[-79.885947,40.455082],[-79.884089,40.455493],[-79.883017,40.455413],[-79.880936,40.455058],[-79.879711,40.455337],[-79.877689,40.457102],[-79.878796,40.4583],[-79.879206,40.458882],[-79.879244,40.45916],[-79.877369,40.458968],[-79.877284,40.459392],[-79.877496,40.459416],[-79.877402,40.459838],[-79.876298,40.459709],[-79.876905,40.461615],[-79.875534,40.461557],[-79.875647,40.459963],[-79.875213,40.459913],[-79.875347,40.459799]]]}},{"type":"Feature","properties":{"name":"East Liberty","group":"East Liberty","acres_attribute":372.08254294,"parcel_count":1478,"valid_sales":87,"price_per_sqft":222.8,"turnover_per_100":5.89},"geometry":{"type":"Polygon","coordinates":[[[-79.928352,40.472326],[-79.921244,40.469764],[-79.916951,40.468589],[-79.916164,40.466999],[-79.917801,40.466612],[-79.919056,40.466128],[-79.919458,40.465747],[-79.919907,40.465078],[-79.918773,40.464635],[-79.918357,40.464343],[-79.917409,40.463454],[-79.916379,40.462273],[-79.915898,40.461143],[-79.915684,40.460114],[-79.915774,40.459866],[-79.916443,40.45875],[-79.916742,40.458098],[-79.917415,40.457489],[-79.921232,40.460053],[-79.922625,40.460563],[-79.922726,40.460664],[-79.93406,40.45727],[-79.934259,40.457585],[-79.934069,40.457935],[-79.92752,40.468758],[-79.93279,40.470645],[-79.931719,40.472049],[-79.931527,40.473865],[-79.931466,40.473917],[-79.931313,40.473519],[-79.931197,40.473445],[-79.928352,40.472326]]]}},{"type":"Feature","properties":{"name":"Elliott","group":"Elliott","acres_attribute":387.76984567,"parcel_count":1631,"valid_sales":60,"price_per_sqft":69.3,"turnover_per_100":3.68},"geometry":{"type":"Polygon","coordinates":[[[-80.037487,40.451782],[-80.032026,40.447531],[-80.029274,40.445704],[-80.027821,40.444901],[-80.028158,40.444299],[-80.028283,40.444264],[-80.0287,40.444545],[-80.031675,40.443082],[-80.03281,40.442628],[-80.033164,40.443052],[-80.035657,40.442107],[-80.035443,40.441673],[-80.03655,40.441287],[-80.037053,40.441286],[-80.037109,40.440718],[-80.035714,40.440586],[-80.03516,40.4396],[-80.035229,40.438719],[-80.035649,40.437681],[-80.035685,40.436613],[-80.035781,40.43615],[-80.035871,40.435869],[-80.036097,40.435732],[-80.037141,40.435912],[-80.038005,40.436181],[-80.039131,40.436637],[-80.039761,40.437097],[-80.041276,40.437354],[-80.044246,40.438173],[-80.045729,40.438306],[-80.047298,40.438161],[-80.047346,40.43961],[-80.047434,40.439991],[-80.045882,40.440576],[-80.045704,40.440768],[-80.045126,40.441958],[-80.045116,40.442108],[-80.045309,40.441957],[-80.045786,40.442341],[-80.043259,40.444326],[-80.042785,40.444002],[-80.041614,40.444978],[-80.041843,40.445281],[-80.042101,40.445457],[-80.043454,40.445746],[-80.04373,40.445898],[-80.043968,40.446151],[-80.044153,40.446906],[-80.044005,40.447766],[-80.044071,40.448012],[-80.045081,40.450161],[-80.045284,40.45043],[-80.044795,40.450447],[-80.044454,40.450548],[-80.042314,40.451555],[-80.040951,40.452065],[-80.038978,40.453148],[-80.037487,40.451782]]]}},{"type":"Feature","properties":{"name":"Esplen","group":"Esplen","acres_attribute":147.91525462,"parcel_count":384,"valid_sales":2,"price_per_sqft":22.6,"turnover_per_100":0.52},"geometry":{"type":"Polygon","coordinates":[[[-80.051964,40.464299],[-80.050688,40.462596],[-80.047673,40.460402],[-80.041453,40.455583],[-80.038978,40.453148],[-80.039901,40.452624],[-80.040969,40.453408],[-80.041297,40.453822],[-80.041527,40.454278],[-80.04192,40.454717],[-80.042588,40.455332],[-80.043732,40.456201],[-80.045219,40.457097],[-80.048372,40.458746],[-80.051809,40.461007],[-80.052517,40.461311],[-80.053566,40.461349],[-80.055843,40.460699],[-80.056499,40.460583],[-80.057393,40.460596],[-80.058383,40.460752],[-80.061676,40.461827],[-80.062052,40.461881],[-80.063008,40.461745],[-80.064641,40.461332],[-80.06878,40.460477],[-80.069467,40.460431],[-80.070506,40.460599],[-80.073266,40.461324],[-80.073881,40.461566],[-80.074395,40.461883],[-80.07544,40.46268],[-80.074894,40.463693],[-80.072337,40.461382],[-80.069533,40.460835],[-80.068554,40.460795],[-80.066907,40.461306],[-80.064499,40.462462],[-80.063401,40.462824],[-80.061938,40.463522],[-80.060838,40.464192],[-80.060111,40.464154],[-80.059436,40.463931],[-80.058488,40.463455],[-80.058137,40.463437],[-80.055042,40.464556],[-80.052389,40.465257],[-80.051964,40.464299]]]}},{"type":"Feature","properties":{"name":"Fairywood","group":"Fairywood","acres_attribute":620.53813973,"parcel_count":279,"valid_sales":6,"price_per_sqft":70.2,"turnover_per_100":2.15},"geometry":{"type":"Polygon","coordinates":[[[-80.083916,40.459474],[-80.084254,40.459385],[-80.082065,40.457245],[-80.080735,40.456181],[-80.080212,40.456164],[-80.080152,40.45584],[-80.077684,40.453463],[-80.076605,40.452534],[-80.075085,40.451565],[-80.073895,40.450644],[-80.072939,40.449615],[-80.072638,40.449439],[-80.071466,40.449293],[-80.069947,40.448894],[-80.068619,40.447853],[-80.07159,40.448629],[-80.072948,40.448333],[-80.073152,40.448661],[-80.076537,40.448015],[-80.076355,40.447254],[-80.076951,40.447148],[-80.078508,40.446535],[-80.076355,40.441816],[-80.078121,40.441357],[-80.080237,40.440649],[-80.080514,40.440503],[-80.080752,40.439746],[-80.082886,40.440445],[-80.084071,40.441937],[-80.088106,40.442959],[-80.08924,40.443341],[-80.090168,40.44417],[-80.090402,40.445418],[-80.090111,40.446587],[-80.090276,40.44753],[-80.091027,40.449058],[-80.089537,40.449844],[-80.08952,40.450435],[-80.089943,40.451026],[-80.090241,40.451248],[-80.090716,40.451429],[-80.091516,40.45135],[-80.092703,40.450798],[-80.093602,40.450755],[-80.094183,40.451031],[-80.094503,40.451339],[-80.094657,40.451938],[-80.094555,40.453363],[-80.095331,40.457503],[-80.095233,40.459111],[-80.095036,40.459428],[-80.094687,40.459678],[-80.09346,40.459831],[-80.091867,40.459861],[-80.088027,40.459745],[-80.086785,40.459864],[-80.083916,40.459474]]]}},{"type":"Feature","properties":{"name":"Fineview","group":"Fineview","acres_attribute":159.03317368,"parcel_count":883,"valid_sales":23,"price_per_sqft":136.0,"turnover_per_100":2.6},"geometry":{"type":"Polygon","coordinates":[[[-80.002212,40.468452],[-80.000533,40.466138],[-80.000035,40.465002],[-79.999925,40.464402],[-79.999807,40.46264],[-79.999733,40.459886],[-80.000047,40.459779],[-80.000053,40.459969],[-80.000979,40.459428],[-80.000831,40.458962],[-80.002961,40.458556],[-80.004652,40.458764],[-80.005537,40.45898],[-80.006843,40.459081],[-80.007767,40.458863],[-80.007947,40.459136],[-80.008334,40.459363],[-80.008499,40.459607],[-80.008678,40.460668],[-80.008798,40.462195],[-80.009537,40.46345],[-80.010046,40.465108],[-80.005892,40.465884],[-80.005851,40.46551],[-80.005606,40.465023],[-80.005091,40.465434],[-80.003785,40.465765],[-80.003641,40.465919],[-80.00361,40.466096],[-80.003795,40.466347],[-80.005781,40.467143],[-80.005921,40.467382],[-80.005501,40.467318],[-80.003506,40.46754],[-80.002508,40.467922],[-80.002212,40.468452]]]}},{"type":"Feature","properties":{"name":"Friendship","group":"Friendship","acres_attribute":67.96250434,"parcel_count":381,"valid_sales":13,"price_per_sqft":182.8,"turnover_per_100":3.41},"geometry":{"type":"Polygon","coordinates":[[[-79.930676,40.463501],[-79.934069,40.457935],[-79.934259,40.457585],[-79.93406,40.45727],[-79.936493,40.456573],[-79.937061,40.457683],[-79.936077,40.462984],[-79.935828,40.462929],[-79.935111,40.464742],[-79.934521,40.46478],[-79.930676,40.463501]]]}},{"type":"Feature","properties":{"name":"Garfield","group":"Garfield","acres_attribute":292.72612537,"parcel_count":2233,"valid_sales":69,"price_per_sqft":175.6,"turnover_per_100":3.09},"geometry":{"type":"Polygon","coordinates":[[[-79.935456,40.47257],[-79.934545,40.472155],[-79.932854,40.470659],[-79.92752,40.468758],[-79.930676,40.463501],[-79.934521,40.46478],[-79.939385,40.464541],[-79.946449,40.465474],[-79.946119,40.466972],[-79.946749,40.467461],[-79.947246,40.467981],[-79.94736,40.468222],[-79.947336,40.468687],[-79.946673,40.469781],[-79.945908,40.470554],[-79.944795,40.471453],[-79.944156,40.471807],[-79.943708,40.471953],[-79.942061,40.472266],[-79.940338,40.472852],[-79.939416,40.473052],[-79.937819,40.473064],[-79.935456,40.47257]]]}},{"type":"Feature","properties":{"name":"Glen Hazel","group":"Glen Hazel","acres_attribute":292.77636784,"parcel_count":75,"valid_sales":0,"price_per_sqft":null,"turnover_per_100":0.0},"geometry":{"type":"Polygon","coordinates":[[[-79.921312,40.412368],[-79.920764,40.411635],[-79.920273,40.412034],[-79.919738,40.411632],[-79.920931,40.410559],[-79.922047,40.409303],[-79.922753,40.408141],[-79.922938,40.407645],[-79.924427,40.406016],[-79.926478,40.403503],[-79.92781,40.402287],[-79.928736,40.401575],[-79.930881,40.400239],[-79.932292,40.399523],[-79.932341,40.399488],[-79.932245,40.399436],[-79.932424,40.399349],[-79.93563,40.398596],[-79.935759,40.399489],[-79.935935,40.399832],[-79.936254,40.399961],[-79.937691,40.400068],[-79.938025,40.40024],[-79.937867,40.400197],[-79.937317,40.400752],[-79.936514,40.402176],[-79.93594,40.403007],[-79.935353,40.403436],[-79.935263,40.404834],[-79.935841,40.404897],[-79.936511,40.405154],[-79.936094,40.405786],[-79.935465,40.406502],[-79.936357,40.407141],[-79.937388,40.407604],[-79.937181,40.407878],[-79.937274,40.407942],[-79.93707,40.408507],[-79.936866,40.408557],[-79.937265,40.40985],[-79.934255,40.410628],[-79.930559,40.411375],[-79.929604,40.409664],[-79.927363,40.410641],[-79.927231,40.410342],[-79.926958,40.41024],[-79.926473,40.410323],[-79.92608,40.410502],[-79.925175,40.410449],[-79.923061,40.411371],[-79.922777,40.411812],[-79.922306,40.411715],[-79.922015,40.411938],[-79.921706,40.41178],[-79.921563,40.412228],[-79.921312,40.412368]]]}},{"type":"Feature","properties":{"name":"Greenfield","group":"Greenfield","acres_attribute":495.63876528,"parcel_count":3584,"valid_sales":298,"price_per_sqft":180.4,"turnover_per_100":8.31},"geometry":{"type":"Polygon","coordinates":[[[-79.939048,40.428858],[-79.937865,40.428635],[-79.936371,40.428559],[-79.933226,40.428939],[-79.931677,40.429016],[-79.929442,40.428766],[-79.926763,40.42816],[-79.928161,40.427526],[-79.926872,40.426583],[-79.926737,40.42637],[-79.926706,40.425865],[-79.92646,40.42583],[-79.925735,40.425431],[-79.926288,40.42355],[-79.926099,40.41955],[-79.927154,40.419616],[-79.926777,40.418919],[-79.928135,40.41911],[-79.928171,40.419691],[-79.929218,40.419761],[-79.92916,40.418951],[-79.930697,40.418931],[-79.930701,40.419045],[-79.932214,40.418964],[-79.932311,40.419843],[-79.933693,40.41974],[-79.933833,40.419796],[-79.937608,40.41917],[-79.941042,40.418879],[-79.947562,40.422001],[-79.949509,40.425103],[-79.950081,40.424891],[-79.95065,40.425084],[-79.95104,40.42492],[-79.950876,40.425187],[-79.949788,40.425615],[-79.949838,40.425673],[-79.950797,40.425496],[-79.952039,40.424925],[-79.952291,40.424906],[-79.952239,40.425437],[-79.951959,40.426024],[-79.950434,40.427606],[-79.950084,40.42807],[-79.949817,40.428589],[-79.949661,40.429199],[-79.949396,40.428894],[-79.949122,40.429132],[-79.947651,40.428609],[-79.946845,40.428482],[-79.944477,40.429092],[-79.943469,40.429272],[-79.943141,40.429657],[-79.941859,40.430111],[-79.94005,40.42982],[-79.940137,40.429519],[-79.939048,40.428858]]]}},{"type":"Feature","properties":{"name":"Hays","group":"Hays","acres_attribute":1116.86260649,"parcel_count":416,"valid_sales":7,"price_per_sqft":52.9,"turnover_per_100":1.68},"geometry":{"type":"Polygon","coordinates":[[[-79.956206,40.40944],[-79.956115,40.409124],[-79.956647,40.408237],[-79.956628,40.407782],[-79.956286,40.407196],[-79.955974,40.406895],[-79.956035,40.406625],[-79.954923,40.406853],[-79.953291,40.403266],[-79.953495,40.403213],[-79.953204,40.402526],[-79.952924,40.402678],[-79.952558,40.402192],[-79.952843,40.401713],[-79.95152,40.400037],[-79.951056,40.400246],[-79.950611,40.399626],[-79.947382,40.396922],[-79.946081,40.395913],[-79.944936,40.395425],[-79.945311,40.394937],[-79.944393,40.394412],[-79.943873,40.394176],[-79.938159,40.392988],[-79.938796,40.395034],[-79.936716,40.395169],[-79.937115,40.395275],[-79.937387,40.395512],[-79.937561,40.395835],[-79.937622,40.396178],[-79.937015,40.396352],[-79.935652,40.39642],[-79.933256,40.396839],[-79.932902,40.396703],[-79.93236,40.391507],[-79.931192,40.390733],[-79.931173,40.389653],[-79.931343,40.387974],[-79.932007,40.385947],[-79.931973,40.38458],[-79.931596,40.383913],[-79.929343,40.382622],[-79.927175,40.381001],[-79.925847,40.379827],[-79.92551,40.379615],[-79.926485,40.377687],[-79.926722,40.377058],[-79.926821,40.376032],[-79.92658,40.375007],[-79.939442,40.373949],[-79.942737,40.375973],[-79.943669,40.374973],[-79.945503,40.376087],[-79.943335,40.378165],[-79.944063,40.378582],[-79.943155,40.379492],[-79.942892,40.379333],[-79.942538,40.379678],[-79.938281,40.380168],[-79.935476,40.380958],[-79.935533,40.382509],[-79.935387,40.383621],[-79.936127,40.388808],[-79.942096,40.388222],[-79.94365,40.389109],[-79.943844,40.389039],[-79.944398,40.390185],[-79.946343,40.390276],[-79.947076,40.390179],[-79.947285,40.390057],[-79.949205,40.390599],[-79.949157,40.391237],[-79.949505,40.391248],[-79.949525,40.390734],[-79.949777,40.390824],[-79.950102,40.390809],[-79.952439,40.390191],[-79.954026,40.390168],[-79.954356,40.389987],[-79.954923,40.389829],[-79.957738,40.389922],[-79.958049,40.395398],[-79.959927,40.395606],[-79.959515,40.397564],[-79.96106,40.397836],[-79.962568,40.397954],[-79.962992,40.398076],[-79.963479,40.398333],[-79.963907,40.399723],[-79.964798,40.399695],[-79.969057,40.400476],[-79.970868,40.402819],[-79.970874,40.403262],[-79.970964,40.403431],[-79.970739,40.403473],[-79.970109,40.404764],[-79.96589,40.407238],[-79.963887,40.408745],[-79.963566,40.408803],[-79.963033,40.407889],[-79.96223,40.408163],[-79.961357,40.408087],[-79.960912,40.407569],[-79.960396,40.407769],[-79.960101,40.408763],[-79.959314,40.408735],[-79.959295,40.409065],[-79.959073,40.409069],[-79.959051,40.409748],[-79.956585,40.410354],[-79.956134,40.410317],[-79.956206,40.40944]]]}},{"type":"Feature","properties":{"name":"Hazelwood","group":"Hazelwood","acres_attribute":1027.3553266,"parcel_count":3604,"valid_sales":74,"price_per_sqft":153.1,"turnover_per_100":2.05},"geometry":{"type":"Polygon","coordinates":[[[-79.957742,40.429958],[-79.956628,40.428876],[-79.956275,40.429121],[-79.955783,40.428659],[-79.955079,40.428174],[-79.954415,40.427845],[-79.953536,40.427567],[-79.952564,40.427416],[-79.951828,40.427402],[-79.950434,40.427606],[-79.951959,40.426024],[-79.952239,40.425437],[-79.952291,40.424906],[-79.952039,40.424925],[-79.950797,40.425496],[-79.949838,40.425673],[-79.949788,40.425615],[-79.950876,40.425187],[-79.95104,40.42492],[-79.95065,40.425084],[-79.950081,40.424891],[-79.949509,40.425103],[-79.947562,40.422001],[-79.941042,40.418879],[-79.937608,40.41917],[-79.933833,40.419796],[-79.933693,40.41974],[-79.932311,40.419843],[-79.932214,40.418964],[-79.930701,40.419045],[-79.930697,40.418931],[-79.92916,40.418951],[-79.929218,40.419761],[-79.928171,40.419691],[-79.928135,40.41911],[-79.926777,40.418919],[-79.926403,40.4185],[-79.926031,40.417888],[-79.925777,40.416598],[-79.924912,40.415457],[-79.924974,40.415056],[-79.923874,40.414011],[-79.923426,40.413739],[-79.923532,40.413549],[-79.92285,40.412938],[-79.922894,40.412791],[-79.922597,40.412745],[-79.922813,40.412083],[-79.922777,40.411812],[-79.922922,40.411497],[-79.923281,40.411249],[-79.924103,40.410966],[-79.925175,40.410449],[-79.92608,40.410502],[-79.926473,40.410323],[-79.926958,40.41024],[-79.927231,40.410342],[-79.927363,40.410641],[-79.929604,40.409664],[-79.930559,40.411375],[-79.934255,40.410628],[-79.937265,40.40985],[-79.936866,40.408557],[-79.93707,40.408507],[-79.937274,40.407942],[-79.937181,40.407878],[-79.937388,40.407604],[-79.936357,40.407141],[-79.935465,40.406502],[-79.936094,40.405786],[-79.936511,40.405154],[-79.935841,40.404897],[-79.935263,40.404834],[-79.935353,40.403436],[-79.93594,40.403007],[-79.936514,40.402176],[-79.937317,40.400752],[-79.937867,40.400197],[-79.938025,40.40024],[-79.937691,40.400068],[-79.936254,40.399961],[-79.935935,40.399832],[-79.935759,40.399489],[-79.93563,40.398596],[-79.936169,40.398536],[-79.936411,40.398652],[-79.936591,40.398435],[-79.936803,40.398352],[-79.937839,40.398219],[-79.93923,40.398218],[-79.941272,40.398382],[-79.941997,40.398506],[-79.943179,40.39886],[-79.94461,40.399481],[-79.945547,40.400193],[-79.946073,40.400456],[-79.947017,40.401188],[-79.948199,40.402474],[-79.948528,40.403055],[-79.949547,40.404256],[-79.950129,40.405402],[-79.950461,40.406554],[-79.950481,40.407148],[-79.950725,40.407319],[-79.95078,40.407919],[-79.951258,40.409553],[-79.951033,40.40975],[-79.951226,40.409807],[-79.951329,40.409941],[-79.951488,40.410829],[-79.95154,40.411943],[-79.951689,40.412765],[-79.95184,40.413125],[-79.951735,40.413323],[-79.951739,40.41698],[-79.952013,40.41965],[-79.952418,40.421075],[-79.95264,40.421622],[-79.953431,40.422816],[-79.95351,40.423182],[-79.954121,40.424009],[-79.954511,40.424404],[-79.954601,40.424622],[-79.954975,40.424934],[-79.955632,40.425759],[-79.956265,40.426401],[-79.957087,40.426996],[-79.958444,40.428274],[-79.959446,40.428982],[-79.957742,40.429958]]]}},{"type":"Feature","properties":{"name":"Highland Park","group":"Highland Park","acres_attribute":748.71045651,"parcel_count":2131,"valid_sales":179,"price_per_sqft":231.9,"turnover_per_100":8.4},"geometry":{"type":"Polygon","coordinates":[[[-79.919371,40.488209],[-79.913335,40.486691],[-79.913348,40.48664],[-79.913257,40.486622],[-79.913173,40.486868],[-79.911439,40.48637],[-79.911343,40.486365],[-79.911282,40.486462],[-79.908267,40.485625],[-79.908103,40.485446],[-79.907817,40.485339],[-79.907069,40.485229],[-79.906068,40.485235],[-79.906378,40.484573],[-79.906533,40.483944],[-79.906921,40.483993],[-79.907574,40.483941],[-79.907932,40.483628],[-79.90807,40.482519],[-79.907848,40.480502],[-79.907838,40.479655],[-79.908625,40.470289],[-79.909549,40.470189],[-79.910859,40.469083],[-79.91171,40.468613],[-79.91445,40.467475],[-79.916164,40.466999],[-79.916951,40.468589],[-79.921244,40.469764],[-79.928352,40.472326],[-79.928317,40.474725],[-79.928586,40.47534],[-79.927631,40.477913],[-79.927496,40.478668],[-79.927336,40.480999],[-79.924818,40.481907],[-79.924155,40.48316],[-79.924228,40.48324],[-79.923286,40.484366],[-79.922355,40.485328],[-79.920606,40.486574],[-79.920461,40.486793],[-79.920529,40.487207],[-79.920476,40.487256],[-79.920251,40.48742],[-79.919642,40.487316],[-79.919371,40.488209]]]}},{"type":"Feature","properties":{"name":"Homewood North","group":"Homewood North","acres_attribute":276.8346875,"parcel_count":2536,"valid_sales":17,"price_per_sqft":33.4,"turnover_per_100":0.67},"geometry":{"type":"Polygon","coordinates":[[[-79.8962,40.464043],[-79.894456,40.462551],[-79.893098,40.462416],[-79.889996,40.461687],[-79.889995,40.461837],[-79.879317,40.45912],[-79.879244,40.45916],[-79.879206,40.458882],[-79.878796,40.4583],[-79.877689,40.457102],[-79.879637,40.455384],[-79.879934,40.455252],[-79.880936,40.455058],[-79.883017,40.455413],[-79.884055,40.455494],[-79.886113,40.455084],[-79.901118,40.458498],[-79.89903,40.463873],[-79.900633,40.464247],[-79.898979,40.464676],[-79.8962,40.464043]]]}},{"type":"Feature","properties":{"name":"Homewood South","group":"Homewood South","acres_attribute":247.77481235,"parcel_count":1874,"valid_sales":12,"price_per_sqft":62.8,"turnover_per_100":0.64},"geometry":{"type":"Polygon","coordinates":[[[-79.901118,40.458498],[-79.885947,40.455082],[-79.885471,40.453444],[-79.885175,40.452876],[-79.885261,40.452704],[-79.885216,40.452556],[-79.884781,40.45186],[-79.88409,40.449152],[-79.884579,40.449311],[-79.885933,40.446915],[-79.888369,40.447743],[-79.889819,40.449059],[-79.891157,40.449829],[-79.891771,40.450106],[-79.892426,40.450274],[-79.892426,40.450463],[-79.892604,40.450569],[-79.892787,40.45031],[-79.894442,40.45112],[-79.902253,40.454176],[-79.905313,40.45549],[-79.905267,40.455564],[-79.902912,40.4549],[-79.902757,40.454914],[-79.902227,40.455701],[-79.901118,40.458498]]]}},{"type":"Feature","properties":{"name":"Homewood West","group":"Homewood West","acres_attribute":124.93008836,"parcel_count":662,"valid_sales":3,"price_per_sqft":38.9,"turnover_per_100":0.45},"geometry":{"type":"Polygon","coordinates":[[[-79.89903,40.463873],[-79.902227,40.455701],[-79.902757,40.454914],[-79.902845,40.454887],[-79.905267,40.455564],[-79.905313,40.45549],[-79.906141,40.455808],[-79.907889,40.456069],[-79.90955,40.456699],[-79.906059,40.461357],[-79.905598,40.462267],[-79.90562,40.462604],[-79.904191,40.463322],[-79.900633,40.464247],[-79.89903,40.463873]]]}},{"type":"Feature","properties":{"name":"Knoxville","group":"Knoxville","acres_attribute":191.75977734,"parcel_count":1728,"valid_sales":80,"price_per_sqft":51.3,"turnover_per_100":4.63},"geometry":{"type":"Polygon","coordinates":[[[-79.988186,40.418518],[-79.988237,40.418477],[-79.988042,40.414442],[-79.989526,40.412231],[-79.991601,40.40769],[-79.991911,40.40718],[-79.99245,40.407387],[-79.99524,40.40782],[-79.996752,40.408173],[-79.996824,40.410031],[-79.99695,40.411021],[-79.9968,40.411402],[-79.997061,40.413726],[-79.997066,40.41531],[-79.997152,40.415381],[-79.997284,40.418269],[-79.989632,40.418465],[-79.988452,40.418512],[-79.988351,40.418584],[-79.988186,40.418518]]]}},{"type":"Feature","properties":{"name":"Larimer","group":"Larimer","acres_attribute":284.9177058,"parcel_count":1700,"valid_sales":15,"price_per_sqft":46.1,"turnover_per_100":0.88},"geometry":{"type":"Polygon","coordinates":[[[-79.90562,40.462604],[-79.905598,40.462267],[-79.906059,40.461357],[-79.909406,40.456848],[-79.912287,40.454099],[-79.912427,40.454045],[-79.917415,40.457489],[-79.916742,40.458098],[-79.916443,40.45875],[-79.915774,40.459866],[-79.915684,40.460114],[-79.915898,40.461143],[-79.916379,40.462273],[-79.917409,40.463454],[-79.918357,40.464343],[-79.918773,40.464635],[-79.919907,40.465078],[-79.919458,40.465747],[-79.919056,40.466128],[-79.917801,40.466612],[-79.914938,40.467308],[-79.914274,40.467539],[-79.911136,40.468908],[-79.910352,40.469475],[-79.909549,40.470189],[-79.908625,40.470289],[-79.908822,40.467904],[-79.908731,40.467356],[-79.90834,40.466655],[-79.905935,40.46338],[-79.90562,40.462604]]]}},{"type":"Feature","properties":{"name":"Lincoln Place","group":"Lincoln Place","acres_attribute":628.18080526,"parcel_count":1776,"valid_sales":135,"price_per_sqft":138.0,"turnover_per_100":7.6},"geometry":{"type":"Polygon","coordinates":[[[-79.910537,40.378596],[-79.91048,40.378383],[-79.910296,40.378554],[-79.90835,40.378161],[-79.909339,40.376903],[-79.908847,40.3767],[-79.911821,40.372813],[-79.908543,40.37046],[-79.903441,40.371897],[-79.900298,40.365263],[-79.905255,40.362869],[-79.904947,40.362173],[-79.905911,40.362076],[-79.907184,40.361522],[-79.908211,40.36358],[-79.908632,40.363466],[-79.908672,40.363513],[-79.910824,40.362857],[-79.911295,40.36408],[-79.911901,40.365016],[-79.913316,40.364644],[-79.913733,40.365522],[-79.920668,40.365369],[-79.922288,40.368641],[-79.922363,40.37072],[-79.923441,40.37054],[-79.924685,40.37307],[-79.924985,40.375099],[-79.92658,40.375007],[-79.926771,40.375643],[-79.92682,40.376521],[-79.926663,40.377254],[-79.92551,40.379615],[-79.923916,40.379069],[-79.923494,40.379147],[-79.923037,40.378887],[-79.921833,40.378664],[-79.920499,40.378077],[-79.920066,40.378052],[-79.918318,40.379291],[-79.917838,40.379533],[-79.913982,40.380886],[-79.913308,40.380942],[-79.911692,40.380549],[-79.911487,40.379584],[-79.910537,40.378596]]]}},{"type":"Feature","properties":{"name":"Lincoln-Lemington-Belmar","group":"Lincoln-Lemington-Belmar","acres_attribute":1163.58474507,"parcel_count":2703,"valid_sales":44,"price_per_sqft":51.4,"turnover_per_100":1.63},"geometry":{"type":"MultiPolygon","coordinates":[[[[-79.906068,40.485235],[-79.904668,40.485205],[-79.903599,40.485044],[-79.903315,40.484982],[-79.902344,40.484481],[-79.899776,40.484036],[-79.896871,40.483718],[-79.896381,40.483741],[-79.89503,40.48324],[-79.888342,40.48246],[-79.886295,40.482367],[-79.885919,40.482412],[-79.884869,40.48223],[-79.883956,40.482422],[-79.884668,40.47932],[-79.884986,40.478821],[-79.885364,40.4786],[-79.886564,40.478192],[-79.887725,40.47315],[-79.888286,40.470045],[-79.889977,40.462116],[-79.889996,40.461687],[-79.893098,40.462416],[-79.894456,40.462551],[-79.8962,40.464043],[-79.898979,40.464676],[-79.904191,40.463322],[-79.90562,40.462604],[-79.905935,40.46338],[-79.90834,40.466655],[-79.908731,40.467356],[-79.908822,40.467904],[-79.907838,40.479655],[-79.907848,40.480502],[-79.908047,40.481984],[-79.908034,40.48297],[-79.907932,40.483628],[-79.907574,40.483941],[-79.906921,40.483993],[-79.906533,40.483944],[-79.906378,40.484573],[-79.906068,40.485235]]],[[[-79.884621,40.488383],[-79.884559,40.486782],[-79.888178,40.486448],[-79.888114,40.485196],[-79.888861,40.485149],[-79.89031,40.48529],[-79.891263,40.485555],[-79.893447,40.48577],[-79.901489,40.487439],[-79.901629,40.488993],[-79.897607,40.487887],[-79.896964,40.491743],[-79.896915,40.492622],[-79.887243,40.491159],[-79.884607,40.49093],[-79.884598,40.490559],[-79.884707,40.490302],[-79.884577,40.489827],[-79.884487,40.488957],[-79.884621,40.488383]]]]}},{"type":"Feature","properties":{"name":"Lower Lawrenceville","group":"Lawrenceville","acres_attribute":275.16424871,"parcel_count":1352,"valid_sales":106,"price_per_sqft":270.6,"turnover_per_100":7.84},"geometry":{"type":"Polygon","coordinates":[[[-79.957964,40.46519],[-79.957173,40.462391],[-79.953966,40.46291],[-79.953638,40.462765],[-79.955939,40.460311],[-79.956598,40.460654],[-79.957103,40.460775],[-79.958198,40.460824],[-79.966082,40.459445],[-79.966643,40.460615],[-79.967158,40.46056],[-79.968077,40.46102],[-79.972648,40.464865],[-79.972508,40.46514],[-79.97165,40.46607],[-79.970546,40.467454],[-79.96935,40.469122],[-79.967575,40.471175],[-79.967146,40.471873],[-79.963849,40.469944],[-79.957964,40.46519]]]}},{"type":"Feature","properties":{"name":"Manchester","group":"Manchester","acres_attribute":178.5910782,"parcel_count":1486,"valid_sales":35,"price_per_sqft":163.0,"turnover_per_100":2.36},"geometry":{"type":"Polygon","coordinates":[[[-80.020596,40.456692],[-80.0189,40.451526],[-80.024994,40.450422],[-80.025174,40.450841],[-80.026645,40.450573],[-80.026805,40.451064],[-80.027286,40.450984],[-80.027428,40.451218],[-80.030585,40.460893],[-80.031348,40.46154],[-80.031344,40.46175],[-80.030779,40.462133],[-80.030541,40.461928],[-80.0298,40.461576],[-80.024626,40.459628],[-80.023446,40.458812],[-80.023544,40.458689],[-80.023459,40.458167],[-80.020596,40.456692]]]}},{"type":"Feature","properties":{"name":"Marshall-Shadeland","group":"Marshall-Shadeland","acres_attribute":802.60647233,"parcel_count":2692,"valid_sales":94,"price_per_sqft":76.1,"turnover_per_100":3.49},"geometry":{"type":"MultiPolygon","coordinates":[[[[-80.02568,40.482756],[-80.024927,40.481778],[-80.023512,40.479405],[-80.026004,40.479377],[-80.025977,40.478973],[-80.025811,40.478983],[-80.025806,40.4789],[-80.026999,40.477691],[-80.026587,40.477462],[-80.0273,40.476736],[-80.026764,40.476431],[-80.026635,40.47648],[-80.02685,40.476602],[-80.026732,40.476712],[-80.026464,40.476549],[-80.026244,40.476655],[-80.026127,40.476561],[-80.026614,40.476345],[-80.026352,40.476203],[-80.026164,40.476366],[-80.025821,40.476219],[-80.025329,40.476215],[-80.024632,40.476578],[-80.022935,40.476577],[-80.022734,40.476669],[-80.021693,40.476676],[-80.021536,40.476622],[-80.021527,40.476527],[-80.019718,40.476597],[-80.018872,40.476997],[-80.018534,40.477273],[-80.017374,40.477302],[-80.017179,40.472319],[-80.022625,40.472176],[-80.023696,40.471178],[-80.025831,40.47062],[-80.025333,40.469023],[-80.024829,40.465667],[-80.023571,40.464398],[-80.02271,40.463791],[-80.026812,40.463003],[-80.028892,40.462767],[-80.029056,40.462876],[-80.029109,40.46284],[-80.029418,40.463087],[-80.031344,40.46175],[-80.031348,40.46154],[-80.032134,40.46207],[-80.03591,40.461315],[-80.038141,40.464511],[-80.038842,40.465166],[-80.039143,40.465608],[-80.040833,40.467539],[-80.041238,40.468159],[-80.041478,40.4682],[-80.041744,40.46861],[-80.042175,40.468997],[-80.042538,40.469514],[-80.042896,40.470099],[-80.043489,40.471746],[-80.043735,40.471974],[-80.043732,40.472214],[-80.044163,40.472285],[-80.044463,40.472753],[-80.044703,40.472965],[-80.044804,40.47322],[-80.044681,40.473528],[-80.045077,40.474091],[-80.045902,40.476708],[-80.046458,40.477735],[-80.04371,40.478611],[-80.043036,40.478938],[-80.038449,40.473074],[-80.037712,40.471778],[-80.037439,40.471783],[-80.037184,40.471998],[-80.037866,40.472868],[-80.036531,40.474911],[-80.035785,40.474685],[-80.035246,40.474175],[-80.036289,40.473168],[-80.036504,40.472821],[-80.036498,40.472628],[-80.034865,40.474151],[-80.03512,40.475099],[-80.034166,40.475803],[-80.033113,40.476284],[-80.032437,40.476469],[-80.030215,40.476484],[-80.03009,40.476593],[-80.029886,40.477124],[-80.029514,40.477535],[-80.028225,40.478063],[-80.027878,40.478353],[-80.027292,40.479876],[-80.026684,40.480269],[-80.025585,40.480746],[-80.02568,40.482756]]],[[[-80.037895,40.455621],[-80.038099,40.455619],[-80.038228,40.455713],[-80.038778,40.456348],[-80.040065,40.457389],[-80.040836,40.458263],[-80.044448,40.461369],[-80.045083,40.46209],[-80.04571,40.462567],[-80.046942,40.463287],[-80.047943,40.464044],[-80.048645,40.465019],[-80.049266,40.466152],[-80.049436,40.467715],[-80.049232,40.468348],[-80.049195,40.468764],[-80.04904,40.468912],[-80.048851,40.469338],[-80.047453,40.470778],[-80.04721,40.470712],[-80.045711,40.469],[-80.045373,40.468451],[-80.044516,40.467657],[-80.044454,40.467439],[-80.043767,40.466762],[-80.043491,40.466308],[-80.043022,40.465837],[-80.042615,40.465239],[-80.041981,40.464605],[-80.041518,40.46443],[-80.040483,40.463358],[-80.03983,40.462483],[-80.039849,40.462232],[-80.039581,40.462021],[-80.03915,40.461381],[-80.039054,40.461073],[-80.038936,40.460993],[-80.038315,40.45979],[-80.038198,40.458612],[-80.037772,40.45744],[-80.037736,40.456379],[-80.037895,40.455621]]]]}},{"type":"Feature","properties":{"name":"Middle Hill","group":"Middle Hill","acres_attribute":195.28998606,"parcel_count":1878,"valid_sales":10,"price_per_sqft":166.4,"turnover_per_100":0.53},"geometry":{"type":"Polygon","coordinates":[[[-79.964928,40.452891],[-79.96438,40.452279],[-79.964339,40.45211],[-79.965375,40.450163],[-79.964873,40.448785],[-79.965168,40.448721],[-79.96896,40.446095],[-79.970876,40.445413],[-79.975048,40.443668],[-79.975619,40.444446],[-79.979276,40.44288],[-79.980007,40.443878],[-79.980345,40.44364],[-79.982432,40.446501],[-79.973001,40.450501],[-79.972526,40.449628],[-79.970465,40.450499],[-79.968924,40.451157],[-79.96946,40.452005],[-79.966668,40.453183],[-79.966446,40.453185],[-79.965984,40.452983],[-79.964928,40.452891]]]}},{"type":"Feature","properties":{"name":"Morningside","group":"Morningside","acres_attribute":239.74901281,"parcel_count":1547,"valid_sales":123,"price_per_sqft":212.5,"turnover_per_100":7.95},"geometry":{"type":"Polygon","coordinates":[[[-79.933096,40.490513],[-79.928334,40.490266],[-79.926428,40.490046],[-79.921864,40.489036],[-79.920207,40.488747],[-79.918736,40.48839],[-79.91836,40.488132],[-79.918165,40.488251],[-79.916552,40.487828],[-79.916443,40.487885],[-79.913839,40.487159],[-79.913765,40.487005],[-79.913173,40.486868],[-79.913257,40.486622],[-79.913348,40.48664],[-79.913335,40.486691],[-79.919371,40.488209],[-79.919642,40.487316],[-79.920251,40.48742],[-79.920476,40.487256],[-79.920529,40.487207],[-79.920461,40.486793],[-79.920606,40.486574],[-79.922355,40.485328],[-79.923286,40.484366],[-79.924228,40.48324],[-79.924155,40.48316],[-79.924818,40.481907],[-79.927336,40.480999],[-79.927496,40.478668],[-79.927631,40.477913],[-79.928586,40.47534],[-79.928317,40.474725],[-79.928352,40.472326],[-79.931313,40.473519],[-79.931919,40.475225],[-79.931802,40.475399],[-79.931843,40.476092],[-79.931719,40.47649],[-79.932023,40.478592],[-79.929835,40.485396],[-79.926973,40.487694],[-79.925981,40.487625],[-79.925677,40.487945],[-79.925535,40.488316],[-79.927875,40.488857],[-79.930236,40.489142],[-79.931566,40.489152],[-79.932154,40.489033],[-79.932638,40.489034],[-79.933258,40.48907],[-79.933281,40.489153],[-79.934855,40.489177],[-79.935408,40.489061],[-79.937159,40.488437],[-79.937677,40.490012],[-79.935864,40.490278],[-79.93568,40.49022],[-79.935132,40.490376],[-79.934436,40.490308],[-79.933096,40.490513]]]}},{"type":"Feature","properties":{"name":"Mount Washington","group":"Mount Washington","acres_attribute":724.81969622,"parcel_count":4433,"valid_sales":277,"price_per_sqft":151.5,"turnover_per_100":6.25},"geometry":{"type":"Polygon","coordinates":[[[-80.000963,40.429765],[-79.99866,40.428922],[-79.998299,40.429014],[-79.998063,40.428924],[-79.996789,40.428202],[-79.997079,40.428222],[-79.997551,40.428401],[-79.998037,40.428311],[-79.998439,40.428447],[-79.998939,40.428475],[-79.999486,40.428146],[-79.999667,40.428129],[-80.000336,40.428634],[-80.001431,40.428944],[-80.002071,40.428578],[-80.002653,40.428488],[-80.003245,40.428088],[-80.003841,40.427838],[-80.002075,40.427639],[-80.000733,40.427601],[-79.998977,40.42678],[-79.998655,40.427167],[-79.998441,40.427307],[-79.998253,40.427191],[-79.998452,40.427046],[-79.998221,40.426904],[-79.998032,40.427041],[-79.997832,40.426909],[-79.998021,40.426766],[-79.997801,40.426623],[-79.997623,40.426757],[-79.997449,40.426624],[-79.997602,40.426488],[-79.997761,40.42613],[-79.997546,40.425946],[-79.997404,40.421656],[-79.998256,40.421449],[-79.998465,40.421732],[-80.00247,40.421782],[-80.002371,40.421105],[-80.002489,40.421037],[-80.005258,40.420749],[-80.006392,40.420541],[-80.00768,40.420096],[-80.007764,40.419971],[-80.008394,40.41974],[-80.009342,40.418957],[-80.009871,40.418355],[-80.01068,40.417851],[-80.010723,40.41764],[-80.011231,40.417094],[-80.011028,40.415887],[-80.011364,40.415076],[-80.009566,40.414031],[-80.009973,40.413087],[-80.011048,40.413577],[-80.013805,40.41437],[-80.014767,40.414933],[-80.01515,40.415343],[-80.015278,40.415615],[-80.015682,40.416971],[-80.016145,40.418061],[-80.016241,40.418823],[-80.016117,40.419924],[-80.016198,40.420398],[-80.0164,40.420858],[-80.017785,40.422357],[-80.019597,40.423992],[-80.021107,40.42342],[-80.021338,40.423498],[-80.021431,40.423675],[-80.021445,40.424607],[-80.020977,40.425464],[-80.021084,40.42574],[-80.020819,40.425733],[-80.02062,40.42619],[-80.017978,40.434811],[-80.019176,40.43499],[-80.019022,40.435405],[-80.01829,40.436294],[-80.018829,40.436378],[-80.018586,40.437373],[-80.018229,40.437784],[-80.018928,40.438149],[-80.017731,40.439744],[-80.01648,40.439228],[-80.016396,40.438136],[-80.01537,40.437685],[-80.013825,40.437597],[-80.013446,40.437198],[-80.013617,40.437003],[-80.012585,40.436108],[-80.01161,40.435764],[-80.005808,40.432081],[-80.005613,40.431724],[-80.000963,40.429765]]]}},{"type":"Feature","properties":{"name":"Mt. Oliver","group":"Mt. Oliver","acres_attribute":66.11041005,"parcel_count":298,"valid_sales":8,"price_per_sqft":78.1,"turnover_per_100":2.68},"geometry":{"type":"Polygon","coordinates":[[[-79.977696,40.41414],[-79.977267,40.413646],[-79.976988,40.41299],[-79.977305,40.411261],[-79.977233,40.410611],[-79.977404,40.409424],[-79.978464,40.40681],[-79.978415,40.406264],[-79.979253,40.40671],[-79.980482,40.407168],[-79.981094,40.407848],[-79.980804,40.409493],[-79.981574,40.410423],[-79.981798,40.414111],[-79.97835,40.414239],[-79.977696,40.41414]]]}},{"type":"Feature","properties":{"name":"New Homestead","group":"New Homestead","acres_attribute":505.58191193,"parcel_count":1102,"valid_sales":23,"price_per_sqft":155.0,"turnover_per_100":2.09},"geometry":{"type":"Polygon","coordinates":[[[-79.918247,40.399314],[-79.916601,40.398615],[-79.916403,40.398792],[-79.913309,40.39698],[-79.916915,40.393929],[-79.914903,40.393398],[-79.916373,40.391371],[-79.916691,40.39151],[-79.917094,40.390921],[-79.916788,40.390786],[-79.918469,40.388483],[-79.917869,40.388041],[-79.917654,40.387349],[-79.917166,40.384717],[-79.917403,40.384518],[-79.916087,40.382121],[-79.917317,40.381605],[-79.916244,40.380087],[-79.918156,40.379394],[-79.919954,40.378096],[-79.920404,40.378055],[-79.921833,40.378664],[-79.923037,40.378887],[-79.923494,40.379147],[-79.923916,40.379069],[-79.924441,40.379218],[-79.92551,40.379615],[-79.925847,40.379827],[-79.927175,40.381001],[-79.929343,40.382622],[-79.931596,40.383913],[-79.931973,40.38458],[-79.932007,40.385947],[-79.931343,40.387974],[-79.931173,40.389653],[-79.931192,40.390733],[-79.929622,40.389739],[-79.918247,40.399314]]]}},{"type":"Feature","properties":{"name":"North Oakland","group":"North Oakland","acres_attribute":318.08128336,"parcel_count":1291,"valid_sales":200,"price_per_sqft":199.0,"turnover_per_100":15.49},"geometry":{"type":"Polygon","coordinates":[[[-79.949691,40.452593],[-79.946521,40.445249],[-79.946587,40.444919],[-79.947012,40.444399],[-79.947568,40.443414],[-79.948783,40.442037],[-79.949247,40.441353],[-79.950346,40.441964],[-79.951678,40.442416],[-79.952292,40.442245],[-79.952663,40.441817],[-79.95304,40.442035],[-79.953548,40.443183],[-79.955392,40.442692],[-79.956441,40.441957],[-79.959336,40.443563],[-79.959881,40.443155],[-79.960751,40.44364],[-79.961005,40.443662],[-79.961991,40.442776],[-79.962884,40.443268],[-79.963205,40.443529],[-79.963357,40.443854],[-79.963363,40.444308],[-79.963255,40.444671],[-79.962786,40.44522],[-79.962444,40.445413],[-79.96195,40.44554],[-79.960891,40.445481],[-79.96043,40.445659],[-79.960282,40.445845],[-79.960038,40.447006],[-79.95982,40.447404],[-79.959546,40.447606],[-79.959199,40.447706],[-79.958784,40.44827],[-79.954907,40.450984],[-79.954156,40.452824],[-79.954071,40.453228],[-79.954406,40.454057],[-79.955277,40.457308],[-79.955793,40.458085],[-79.95595,40.458212],[-79.957223,40.458662],[-79.957062,40.459069],[-79.955939,40.460311],[-79.955479,40.459922],[-79.954268,40.458495],[-79.953752,40.458033],[-79.952994,40.457637],[-79.951483,40.457352],[-79.951004,40.455933],[-79.949778,40.453122],[-79.949691,40.452593]]]}},{"type":"Feature","properties":{"name":"North Shore","group":"North Shore","acres_attribute":190.09475432,"parcel_count":279,"valid_sales":0,"price_per_sqft":null,"turnover_per_100":0.0},"geometry":{"type":"Polygon","coordinates":[[[-79.991804,40.452443],[-79.992968,40.451374],[-79.993202,40.451045],[-79.995847,40.44956],[-79.998571,40.448263],[-80.000608,40.447543],[-80.003573,40.446684],[-80.003959,40.446436],[-80.005262,40.446007],[-80.005737,40.445928],[-80.006063,40.446],[-80.007904,40.445629],[-80.00911,40.44549],[-80.009696,40.445265],[-80.010819,40.445112],[-80.013721,40.444889],[-80.01423,40.444704],[-80.016861,40.444895],[-80.018071,40.448891],[-80.01589,40.448834],[-80.015044,40.448338],[-80.010661,40.448261],[-80.010685,40.448308],[-80.010442,40.448299],[-80.010326,40.448915],[-80.008733,40.44925],[-80.008951,40.449961],[-80.008315,40.449697],[-80.007413,40.4495],[-80.005912,40.44948],[-80.001208,40.450375],[-80.000685,40.450549],[-79.998151,40.45109],[-79.997581,40.45128],[-79.997484,40.451397],[-79.996749,40.451738],[-79.993445,40.453827],[-79.991804,40.452443]]]}},{"type":"Feature","properties":{"name":"Northview Heights","group":"Northview Heights","acres_attribute":200.83016634,"parcel_count":97,"valid_sales":1,"price_per_sqft":88.5,"turnover_per_100":1.03},"geometry":{"type":"Polygon","coordinates":[[[-80.003634,40.482941],[-80.003223,40.482947],[-80.003191,40.482384],[-80.00177,40.482436],[-80.001686,40.48009],[-79.998781,40.479822],[-79.998542,40.478914],[-79.99652,40.479194],[-79.995349,40.477369],[-79.99599,40.47734],[-79.995836,40.474544],[-79.996434,40.474437],[-79.997699,40.474602],[-79.999216,40.474322],[-80.000503,40.474184],[-80.000553,40.4733],[-80.002871,40.473209],[-80.005,40.472217],[-80.007466,40.475898],[-80.007762,40.476715],[-80.007793,40.477591],[-80.007511,40.480808],[-80.007557,40.481689],[-80.007849,40.483135],[-80.006481,40.482804],[-80.005979,40.482367],[-80.005593,40.482563],[-80.004935,40.483219],[-80.004723,40.483328],[-80.004241,40.483297],[-80.003634,40.482941]]]}},{"type":"Feature","properties":{"name":"Oakwood","group":"Oakwood","acres_attribute":161.52497734,"parcel_count":430,"valid_sales":36,"price_per_sqft":152.2,"turnover_per_100":8.37},"geometry":{"type":"Polygon","coordinates":[[[-80.064367,40.428766],[-80.063176,40.427874],[-80.062169,40.429057],[-80.060011,40.428307],[-80.05979,40.428291],[-80.059157,40.429339],[-80.056076,40.42812],[-80.053776,40.427946],[-80.054343,40.427548],[-80.057238,40.426447],[-80.063608,40.42639],[-80.063955,40.426299],[-80.065517,40.425125],[-80.067167,40.422892],[-80.067214,40.422466],[-80.066885,40.420629],[-80.067265,40.42069],[-80.067284,40.421179],[-80.068481,40.422476],[-80.071088,40.424043],[-80.072328,40.424622],[-80.072596,40.425528],[-80.072699,40.425687],[-80.07321,40.426047],[-80.07057,40.428637],[-80.069507,40.429938],[-80.068583,40.431366],[-80.066447,40.430552],[-80.065549,40.430357],[-80.064367,40.428766]]]}},{"type":"Feature","properties":{"name":"Overbrook","group":"Overbrook","acres_attribute":535.35823494,"parcel_count":2090,"valid_sales":139,"price_per_sqft":140.2,"turnover_per_100":6.65},"geometry":{"type":"Polygon","coordinates":[[[-79.996969,40.395547],[-79.996301,40.394453],[-79.995768,40.394522],[-79.99555,40.394357],[-79.995333,40.393159],[-79.994477,40.393225],[-79.994384,40.392541],[-79.993508,40.3926],[-79.993426,40.392272],[-79.993013,40.392152],[-79.992812,40.391337],[-79.993212,40.391408],[-79.992915,40.390216],[-79.992487,40.390204],[-79.992183,40.390355],[-79.991292,40.389391],[-79.991147,40.389119],[-79.991263,40.388358],[-79.991138,40.387785],[-79.991322,40.387676],[-79.992238,40.387449],[-79.991996,40.385868],[-79.992018,40.385375],[-79.990561,40.385666],[-79.990348,40.385033],[-79.992935,40.384485],[-79.993552,40.383917],[-79.992886,40.383797],[-79.991893,40.383973],[-79.989727,40.384006],[-79.988188,40.384348],[-79.987208,40.384451],[-79.986913,40.383738],[-79.986559,40.381838],[-79.985632,40.381657],[-79.984229,40.381578],[-79.984923,40.381194],[-79.985568,40.380722],[-79.984831,40.379558],[-79.985309,40.378821],[-79.985823,40.378249],[-79.986035,40.37783],[-79.990229,40.378797],[-79.99113,40.378932],[-79.992904,40.378612],[-79.993583,40.378329],[-79.994113,40.376934],[-79.994002,40.375847],[-79.994404,40.375726],[-79.994948,40.375674],[-79.998054,40.37648],[-79.999126,40.377352],[-80.000285,40.376025],[-80.00063,40.375517],[-80.001442,40.374895],[-80.003775,40.374401],[-80.004128,40.373989],[-80.00498,40.374469],[-80.005609,40.374686],[-80.006711,40.374869],[-80.006139,40.375498],[-80.005878,40.375997],[-80.005692,40.376621],[-80.005364,40.377141],[-80.004872,40.377635],[-80.003179,40.378848],[-80.002223,40.379295],[-80.001731,40.379707],[-80.003338,40.381178],[-80.003656,40.382049],[-80.005124,40.383891],[-80.006429,40.383464],[-80.006451,40.383511],[-80.005969,40.38362],[-80.005995,40.384043],[-80.006847,40.385778],[-80.007688,40.387232],[-80.007449,40.387527],[-80.00777,40.388242],[-80.007009,40.388479],[-80.007427,40.388844],[-80.00695,40.389045],[-80.006777,40.388852],[-80.00591,40.388817],[-80.005883,40.388382],[-80.004651,40.388373],[-80.002908,40.388731],[-80.002635,40.388627],[-80.002167,40.388201],[-79.999195,40.388933],[-79.999401,40.389895],[-79.997841,40.389754],[-79.997826,40.391207],[-79.997913,40.392194],[-79.997689,40.392603],[-79.997309,40.392999],[-79.997343,40.393517],[-79.997223,40.394792],[-79.997401,40.395386],[-79.997185,40.395534],[-79.997128,40.395678],[-79.996969,40.395547]]]}},{"type":"Feature","properties":{"name":"Perry North","group":"Perry North","acres_attribute":774.34430822,"parcel_count":2269,"valid_sales":115,"price_per_sqft":111.6,"turnover_per_100":5.07},"geometry":{"type":"Polygon","coordinates":[[[-80.017833,40.497361],[-80.017871,40.497254],[-80.017706,40.497351],[-80.016158,40.497418],[-80.014433,40.496593],[-80.014004,40.496486],[-80.012508,40.496714],[-80.011743,40.494004],[-80.011371,40.493063],[-80.011206,40.492211],[-80.010439,40.489693],[-80.009189,40.483742],[-80.008983,40.48349],[-80.008765,40.483382],[-80.007849,40.483135],[-80.007557,40.481689],[-80.007511,40.480808],[-80.007793,40.477591],[-80.007762,40.476715],[-80.012154,40.476149],[-80.012109,40.475662],[-80.011252,40.474958],[-80.013914,40.474865],[-80.014433,40.474778],[-80.014859,40.475664],[-80.014963,40.475803],[-80.015788,40.476329],[-80.015877,40.476478],[-80.015873,40.476728],[-80.015688,40.477008],[-80.015455,40.477186],[-80.014471,40.477291],[-80.014219,40.477452],[-80.015258,40.477429],[-80.01573,40.477335],[-80.018534,40.477273],[-80.018872,40.476997],[-80.019718,40.476597],[-80.021527,40.476527],[-80.021536,40.476622],[-80.021693,40.476676],[-80.022734,40.476669],[-80.022935,40.476577],[-80.024632,40.476578],[-80.025329,40.476215],[-80.025821,40.476219],[-80.026164,40.476366],[-80.026352,40.476203],[-80.026614,40.476345],[-80.026127,40.476561],[-80.026244,40.476655],[-80.026464,40.476549],[-80.026732,40.476712],[-80.02685,40.476602],[-80.026635,40.47648],[-80.026764,40.476431],[-80.0273,40.476736],[-80.026587,40.477462],[-80.026999,40.477691],[-80.025806,40.4789],[-80.025811,40.478983],[-80.025977,40.478973],[-80.026004,40.479377],[-80.023512,40.479405],[-80.024927,40.481778],[-80.02568,40.482756],[-80.025121,40.485256],[-80.025073,40.485859],[-80.026741,40.48899],[-80.027038,40.489852],[-80.027656,40.490707],[-80.027771,40.491032],[-80.027797,40.4965],[-80.025901,40.496808],[-80.025429,40.49534],[-80.024598,40.495492],[-80.024167,40.495053],[-80.022909,40.4953],[-80.021986,40.493847],[-80.02098,40.494623],[-80.020253,40.49571],[-80.02005,40.496235],[-80.019947,40.496789],[-80.020082,40.497717],[-80.017833,40.497361]]]}},{"type":"Feature","properties":{"name":"Perry South","group":"Perry South","acres_attribute":580.06153858,"parcel_count":3152,"valid_sales":62,"price_per_sqft":90.4,"turnover_per_100":1.97},"geometry":{"type":"Polygon","coordinates":[[[-80.014219,40.477452],[-80.014471,40.477291],[-80.015455,40.477186],[-80.015688,40.477008],[-80.015873,40.476728],[-80.015877,40.476478],[-80.015788,40.476329],[-80.014963,40.475803],[-80.014859,40.475664],[-80.014433,40.474778],[-80.013914,40.474865],[-80.011252,40.474958],[-80.012109,40.475662],[-80.012154,40.476149],[-80.007762,40.476715],[-80.007466,40.475898],[-80.007239,40.475531],[-80.005967,40.473739],[-80.005,40.472217],[-80.002212,40.468452],[-80.002508,40.467922],[-80.003506,40.46754],[-80.005501,40.467318],[-80.005921,40.467382],[-80.005781,40.467143],[-80.003736,40.466312],[-80.003621,40.466151],[-80.003613,40.465979],[-80.003845,40.465735],[-80.005091,40.465434],[-80.005606,40.465023],[-80.005851,40.46551],[-80.005892,40.465884],[-80.010046,40.465108],[-80.009537,40.46345],[-80.008838,40.462336],[-80.008739,40.461225],[-80.009075,40.461149],[-80.010049,40.459972],[-80.010327,40.459895],[-80.012175,40.46008],[-80.012895,40.460266],[-80.015452,40.459744],[-80.015362,40.459474],[-80.016423,40.459281],[-80.01835,40.460438],[-80.018799,40.461276],[-80.019247,40.46189],[-80.020389,40.462851],[-80.020837,40.463135],[-80.021837,40.463327],[-80.022355,40.463561],[-80.023571,40.464398],[-80.024683,40.465464],[-80.024829,40.465667],[-80.025333,40.469023],[-80.025831,40.47062],[-80.023696,40.471178],[-80.022625,40.472176],[-80.017179,40.472319],[-80.017374,40.477302],[-80.014219,40.477452]]]}},{"type":"Feature","properties":{"name":"Point Breeze","group":"Point Breeze","acres_attribute":642.17104211,"parcel_count":2148,"valid_sales":217,"price_per_sqft":284.1,"turnover_per_100":10.1},"geometry":{"type":"Polygon","coordinates":[[[-79.908657,40.451673],[-79.893228,40.446502],[-79.893587,40.444597],[-79.894685,40.439839],[-79.901751,40.439415],[-79.902187,40.439301],[-79.904818,40.438197],[-79.905348,40.438096],[-79.913086,40.438036],[-79.911653,40.446704],[-79.912031,40.44678],[-79.912343,40.446742],[-79.914128,40.446365],[-79.914423,40.446168],[-79.915447,40.445005],[-79.915851,40.444699],[-79.920516,40.443859],[-79.921589,40.447518],[-79.921506,40.447912],[-79.920272,40.450965],[-79.920233,40.451226],[-79.920715,40.452902],[-79.912427,40.454045],[-79.909846,40.452276],[-79.908657,40.451673]]]}},{"type":"Feature","properties":{"name":"Point Breeze North","group":"Point Breeze North","acres_attribute":193.22923916,"parcel_count":710,"valid_sales":46,"price_per_sqft":174.5,"turnover_per_100":6.48},"geometry":{"type":"Polygon","coordinates":[[[-79.906141,40.455808],[-79.902253,40.454176],[-79.894442,40.45112],[-79.892787,40.45031],[-79.892604,40.450569],[-79.892426,40.450463],[-79.893228,40.446502],[-79.908657,40.451673],[-79.909846,40.452276],[-79.912427,40.454045],[-79.912287,40.454099],[-79.90955,40.456699],[-79.907889,40.456069],[-79.906141,40.455808]]]}},{"type":"Feature","properties":{"name":"Polish Hill","group":"Polish Hill","acres_attribute":163.9451111,"parcel_count":891,"valid_sales":24,"price_per_sqft":121.8,"turnover_per_100":2.69},"geometry":{"type":"Polygon","coordinates":[[[-79.968077,40.46102],[-79.967158,40.46056],[-79.966643,40.460615],[-79.966082,40.459445],[-79.958198,40.460824],[-79.957103,40.460775],[-79.956598,40.460654],[-79.955939,40.460311],[-79.957159,40.458942],[-79.95722,40.458616],[-79.957077,40.458321],[-79.957982,40.458516],[-79.960423,40.456988],[-79.964295,40.455963],[-79.966008,40.455199],[-79.966013,40.455668],[-79.968305,40.455005],[-79.97367,40.452851],[-79.974185,40.453384],[-79.97335,40.454185],[-79.973573,40.454565],[-79.973835,40.454745],[-79.972908,40.455621],[-79.973974,40.456457],[-79.974325,40.456463],[-79.974765,40.456216],[-79.97495,40.456302],[-79.968077,40.46102]]]}},{"type":"Feature","properties":{"name":"Regent Square","group":"Regent Square","acres_attribute":125.58002964,"parcel_count":390,"valid_sales":35,"price_per_sqft":266.3,"turnover_per_100":8.97},"geometry":{"type":"Polygon","coordinates":[[[-79.897114,40.427617],[-79.896632,40.427519],[-79.895099,40.428174],[-79.894254,40.427023],[-79.893765,40.42693],[-79.892881,40.428273],[-79.892316,40.428065],[-79.892331,40.42798],[-79.892183,40.427896],[-79.892621,40.427575],[-79.892909,40.427083],[-79.893289,40.42678],[-79.894008,40.426535],[-79.894612,40.426455],[-79.895438,40.426553],[-79.896236,40.426934],[-79.897012,40.4265],[-79.897321,40.42649],[-79.897924,40.426622],[-79.898348,40.426581],[-79.89893,40.426915],[-79.900691,40.427216],[-79.901371,40.427238],[-79.898675,40.435576],[-79.898993,40.436451],[-79.899045,40.437742],[-79.90027,40.439524],[-79.894685,40.439839],[-79.894918,40.43885],[-79.894845,40.438655],[-79.895571,40.43497],[-79.896646,40.430143],[-79.897114,40.427617]]]}},{"type":"Feature","properties":{"name":"Ridgemont","group":"Ridgemont","acres_attribute":228.89516499,"parcel_count":385,"valid_sales":24,"price_per_sqft":160.0,"turnover_per_100":6.23},"geometry":{"type":"Polygon","coordinates":[[[-80.028037,40.430084],[-80.028841,40.429637],[-80.0297,40.428934],[-80.030186,40.428366],[-80.030754,40.427338],[-80.030976,40.426642],[-80.031042,40.426051],[-80.030919,40.424923],[-80.030601,40.423671],[-80.030567,40.423136],[-80.030648,40.422484],[-80.030907,40.421819],[-80.031127,40.421502],[-80.031875,40.420796],[-80.032945,40.420277],[-80.034313,40.420037],[-80.035947,40.420137],[-80.03962,40.420678],[-80.03483,40.428366],[-80.037466,40.428553],[-80.038374,40.427854],[-80.040701,40.428691],[-80.040113,40.429057],[-80.03984,40.429422],[-80.038787,40.432],[-80.038151,40.43287],[-80.037844,40.433616],[-80.037147,40.433815],[-80.036044,40.433922],[-80.035237,40.433902],[-80.034591,40.433743],[-80.032144,40.43254],[-80.029052,40.430586],[-80.028037,40.430084]]]}},{"type":"Feature","properties":{"name":"Shadyside","group":"Shadyside","acres_attribute":588.90301806,"parcel_count":3985,"valid_sales":503,"price_per_sqft":267.2,"turnover_per_100":12.62},"geometry":{"type":"Polygon","coordinates":[[[-79.921232,40.460053],[-79.912427,40.454045],[-79.922078,40.452694],[-79.927511,40.450522],[-79.935805,40.447919],[-79.947364,40.447114],[-79.949691,40.452593],[-79.943085,40.454574],[-79.944275,40.455258],[-79.941988,40.455947],[-79.941496,40.455048],[-79.922726,40.460664],[-79.922625,40.460563],[-79.921232,40.460053]]]}},{"type":"Feature","properties":{"name":"Sheraden","group":"Sheraden","acres_attribute":568.08512413,"parcel_count":2753,"valid_sales":109,"price_per_sqft":77.4,"turnover_per_100":3.96},"geometry":{"type":"Polygon","coordinates":[[[-80.057393,40.460596],[-80.056499,40.460583],[-80.055843,40.460699],[-80.053466,40.461361],[-80.052714,40.461347],[-80.052091,40.461162],[-80.048507,40.458826],[-80.045219,40.457097],[-80.043732,40.456201],[-80.042588,40.455332],[-80.04192,40.454717],[-80.041527,40.454278],[-80.041297,40.453822],[-80.040969,40.453408],[-80.039901,40.452624],[-80.040951,40.452065],[-80.042314,40.451555],[-80.044501,40.450528],[-80.045131,40.450419],[-80.051112,40.451503],[-80.051722,40.451684],[-80.052651,40.452142],[-80.053485,40.452427],[-80.054448,40.452611],[-80.055023,40.452564],[-80.055176,40.452473],[-80.05525,40.452117],[-80.059961,40.450685],[-80.062843,40.448553],[-80.064568,40.449743],[-80.065704,40.450417],[-80.066206,40.450626],[-80.069442,40.451577],[-80.07216,40.453284],[-80.066952,40.456085],[-80.066916,40.456331],[-80.067096,40.456879],[-80.067346,40.457164],[-80.066904,40.45735],[-80.06722,40.457765],[-80.067458,40.457907],[-80.066969,40.459787],[-80.068989,40.460454],[-80.064641,40.461332],[-80.062509,40.461849],[-80.062052,40.461881],[-80.061676,40.461827],[-80.058383,40.460752],[-80.057393,40.460596]]]}},{"type":"Feature","properties":{"name":"South Oakland","group":"South Oakland","acres_attribute":309.73337025,"parcel_count":1651,"valid_sales":90,"price_per_sqft":181.9,"turnover_per_100":5.45},"geometry":{"type":"Polygon","coordinates":[[[-79.962074,40.439139],[-79.95826,40.436047],[-79.958174,40.435827],[-79.956411,40.435132],[-79.954732,40.43462],[-79.951869,40.43423],[-79.949863,40.434438],[-79.949887,40.433617],[-79.949661,40.429199],[-79.949916,40.428353],[-79.950434,40.427606],[-79.951081,40.427461],[-79.952374,40.427401],[-79.953922,40.427667],[-79.955079,40.428174],[-79.955783,40.428659],[-79.956275,40.429121],[-79.956628,40.428876],[-79.957742,40.429958],[-79.959446,40.428982],[-79.960699,40.429938],[-79.962402,40.430973],[-79.965014,40.432261],[-79.968504,40.433458],[-79.973408,40.434279],[-79.972646,40.437703],[-79.968799,40.43646],[-79.966711,40.436483],[-79.966212,40.436624],[-79.96591,40.436837],[-79.965339,40.437671],[-79.963808,40.437898],[-79.963411,40.438114],[-79.962074,40.439139]]]}},{"type":"Feature","properties":{"name":"South Shore","group":"South Shore","acres_attribute":147.67587999,"parcel_count":167,"valid_sales":0,"price_per_sqft":null,"turnover_per_100":0.0},"geometry":{"type":"Polygon","coordinates":[[[-80.026894,40.444427],[-80.024461,40.443523],[-80.020594,40.442538],[-80.019784,40.442225],[-80.015709,40.439961],[-80.015307,40.43984],[-80.015169,40.439644],[-80.014531,40.439261],[-80.012643,40.438253],[-80.007925,40.436209],[-80.000621,40.432633],[-79.999354,40.432179],[-79.998828,40.431885],[-79.997435,40.431737],[-79.999271,40.429155],[-80.000963,40.429765],[-80.005613,40.431724],[-80.005808,40.432081],[-80.01161,40.435764],[-80.012585,40.436108],[-80.013617,40.437003],[-80.013446,40.437198],[-80.013825,40.437597],[-80.01537,40.437685],[-80.016396,40.438136],[-80.01648,40.439228],[-80.026263,40.442989],[-80.028503,40.443951],[-80.027753,40.443943],[-80.028283,40.444264],[-80.028158,40.444299],[-80.027821,40.444901],[-80.026894,40.444427]]]}},{"type":"Feature","properties":{"name":"South Side Flats","group":"South Side Flats","acres_attribute":591.56268818,"parcel_count":3412,"valid_sales":345,"price_per_sqft":180.6,"turnover_per_100":10.11},"geometry":{"type":"Polygon","coordinates":[[[-79.977711,40.432787],[-79.975885,40.432521],[-79.975011,40.432591],[-79.974577,40.432396],[-79.974406,40.432469],[-79.974337,40.43241],[-79.974397,40.432288],[-79.974249,40.432262],[-79.974122,40.432127],[-79.973453,40.431932],[-79.971895,40.431811],[-79.970694,40.431575],[-79.969456,40.431188],[-79.968802,40.431102],[-79.968552,40.430868],[-79.968552,40.431086],[-79.966826,40.430539],[-79.966134,40.430141],[-79.964676,40.429558],[-79.962475,40.428196],[-79.961874,40.427777],[-79.961804,40.427573],[-79.961548,40.427412],[-79.960083,40.425986],[-79.959376,40.425458],[-79.958787,40.425137],[-79.958723,40.425003],[-79.958204,40.424584],[-79.957641,40.423855],[-79.957596,40.423643],[-79.956519,40.422723],[-79.955958,40.421761],[-79.955239,40.419964],[-79.954989,40.418601],[-79.954856,40.41376],[-79.954744,40.412947],[-79.954489,40.412041],[-79.954698,40.411334],[-79.954399,40.410942],[-79.954431,40.410702],[-79.954554,40.410583],[-79.955101,40.410554],[-79.955255,40.41107],[-79.955839,40.410955],[-79.955757,40.414285],[-79.955904,40.415396],[-79.956417,40.417008],[-79.957389,40.418451],[-79.958166,40.419229],[-79.964964,40.423741],[-79.965977,40.424142],[-79.966742,40.424277],[-79.972105,40.424888],[-79.982957,40.425499],[-79.986275,40.425761],[-79.987493,40.426048],[-79.991074,40.427331],[-79.992298,40.427687],[-79.992555,40.427673],[-79.992899,40.42778],[-79.998806,40.429757],[-79.997435,40.431737],[-79.996661,40.431502],[-79.994109,40.431413],[-79.991427,40.431458],[-79.991349,40.431395],[-79.991119,40.431414],[-79.991114,40.431481],[-79.990216,40.43155],[-79.990048,40.43148],[-79.989281,40.431532],[-79.988313,40.431789],[-79.986909,40.431848],[-79.984934,40.432124],[-79.982584,40.432242],[-79.981707,40.432139],[-79.981623,40.432201],[-79.97943,40.432398],[-79.979007,40.432564],[-79.977711,40.432787]]]}},{"type":"Feature","properties":{"name":"South Side Slopes","group":"South Side Slopes","acres_attribute":462.75848152,"parcel_count":3110,"valid_sales":169,"price_per_sqft":131.7,"turnover_per_100":5.43},"geometry":{"type":"Polygon","coordinates":[[[-79.998806,40.429757],[-79.992555,40.427673],[-79.992298,40.427687],[-79.991074,40.427331],[-79.987493,40.426048],[-79.986275,40.425761],[-79.982957,40.425499],[-79.972105,40.424888],[-79.965977,40.424142],[-79.964964,40.423741],[-79.961291,40.421265],[-79.961432,40.421129],[-79.961621,40.421248],[-79.962731,40.420329],[-79.962571,40.420196],[-79.962727,40.420107],[-79.963043,40.419294],[-79.963599,40.419032],[-79.964042,40.418274],[-79.965108,40.417439],[-79.966444,40.417216],[-79.967295,40.41721],[-79.970905,40.417657],[-79.975702,40.417136],[-79.976028,40.417173],[-79.976585,40.41769],[-79.976757,40.417759],[-79.978872,40.417965],[-79.980605,40.417728],[-79.986365,40.417564],[-79.988186,40.418518],[-79.9881,40.418543],[-79.988037,40.418985],[-79.98816,40.419915],[-79.988291,40.422791],[-79.988315,40.422883],[-79.988694,40.422851],[-79.988549,40.423318],[-79.988099,40.42374],[-79.987811,40.42426],[-79.987731,40.424874],[-79.988202,40.424944],[-79.990194,40.424919],[-79.990788,40.425577],[-79.992121,40.426313],[-79.992641,40.426436],[-79.993568,40.426508],[-79.993758,40.426629],[-79.994046,40.427021],[-79.994524,40.42734],[-79.996146,40.427807],[-79.998063,40.428924],[-79.998299,40.429014],[-79.99866,40.428922],[-79.999271,40.429155],[-79.998806,40.429757]]]}},{"type":"Feature","properties":{"name":"Spring Garden","group":"Spring Garden","acres_attribute":170.94593174,"parcel_count":786,"valid_sales":12,"price_per_sqft":78.4,"turnover_per_100":1.53},"geometry":{"type":"Polygon","coordinates":[[[-79.983871,40.46633],[-79.98446,40.466058],[-79.985289,40.466135],[-79.98561,40.465403],[-79.985974,40.464044],[-79.985156,40.463681],[-79.985462,40.46317],[-79.986554,40.462078],[-79.986911,40.461441],[-79.987383,40.460869],[-79.987481,40.460643],[-79.987368,40.460224],[-79.987698,40.459948],[-79.988136,40.459696],[-79.990138,40.459373],[-79.992395,40.458784],[-79.992602,40.458594],[-79.992565,40.457998],[-79.992895,40.457456],[-79.994708,40.45822],[-79.99548,40.458109],[-79.995438,40.458339],[-79.994646,40.459727],[-79.993953,40.460544],[-79.993008,40.461362],[-79.992305,40.461735],[-79.99218,40.461122],[-79.991622,40.461478],[-79.99126,40.461477],[-79.990366,40.461765],[-79.990209,40.461597],[-79.98885,40.462185],[-79.988987,40.462496],[-79.988342,40.46211],[-79.987307,40.463701],[-79.987043,40.463843],[-79.986916,40.464327],[-79.986667,40.466338],[-79.987059,40.467774],[-79.987739,40.468602],[-79.987837,40.469511],[-79.987976,40.470031],[-79.98834,40.470438],[-79.988716,40.470693],[-79.989268,40.470875],[-79.989691,40.470903],[-79.990057,40.471549],[-79.990515,40.472059],[-79.990815,40.472658],[-79.991459,40.473609],[-79.992277,40.473564],[-79.993289,40.4746],[-79.993417,40.476669],[-79.995026,40.477369],[-79.992691,40.477395],[-79.988934,40.477048],[-79.988095,40.476771],[-79.985884,40.471909],[-79.983871,40.46633]]]}},{"type":"Feature","properties":{"name":"Spring Hill-City View","group":"Spring Hill-City View","acres_attribute":407.1784424,"parcel_count":1524,"valid_sales":44,"price_per_sqft":113.0,"turnover_per_100":2.89},"geometry":{"type":"Polygon","coordinates":[[[-79.997614,40.474599],[-79.997548,40.47299],[-79.991863,40.473142],[-79.992277,40.473564],[-79.991459,40.473609],[-79.990815,40.472658],[-79.990515,40.472059],[-79.990057,40.471549],[-79.989691,40.470903],[-79.989268,40.470875],[-79.988716,40.470693],[-79.98834,40.470438],[-79.987976,40.470031],[-79.987837,40.469511],[-79.987739,40.468602],[-79.987059,40.467774],[-79.986667,40.466338],[-79.986916,40.464327],[-79.987043,40.463843],[-79.987307,40.463701],[-79.988342,40.46211],[-79.988987,40.462496],[-79.98885,40.462185],[-79.990209,40.461597],[-79.990366,40.461765],[-79.99126,40.461477],[-79.991622,40.461478],[-79.99218,40.461122],[-79.992305,40.461735],[-79.993361,40.461174],[-79.993789,40.460823],[-79.995183,40.459956],[-79.996381,40.459351],[-79.997459,40.459019],[-79.999406,40.458613],[-79.999733,40.459886],[-79.999925,40.464402],[-80.000035,40.465002],[-80.000278,40.465669],[-80.001085,40.466931],[-80.005,40.472217],[-80.002871,40.473209],[-80.000553,40.4733],[-80.000503,40.474184],[-79.997614,40.474599]]]}},{"type":"Feature","properties":{"name":"Squirrel Hill North","group":"Squirrel Hill North","acres_attribute":782.98154712,"parcel_count":2819,"valid_sales":285,"price_per_sqft":296.1,"turnover_per_100":10.11},"geometry":{"type":"Polygon","coordinates":[[[-79.921589,40.447518],[-79.920516,40.443859],[-79.915851,40.444699],[-79.915447,40.445005],[-79.914423,40.446168],[-79.914128,40.446365],[-79.912343,40.446742],[-79.912031,40.44678],[-79.911653,40.446704],[-79.913086,40.438036],[-79.926977,40.438081],[-79.935952,40.437587],[-79.936511,40.437712],[-79.938996,40.438558],[-79.940571,40.438808],[-79.940849,40.438975],[-79.941557,40.439802],[-79.942313,40.44018],[-79.942179,40.440452],[-79.942246,40.44049],[-79.947158,40.4415],[-79.947345,40.441439],[-79.948189,40.440807],[-79.949247,40.441353],[-79.948783,40.442037],[-79.947568,40.443414],[-79.947012,40.444399],[-79.946524,40.445062],[-79.946545,40.445362],[-79.947364,40.447114],[-79.935727,40.447935],[-79.927511,40.450522],[-79.922078,40.452694],[-79.920715,40.452902],[-79.920233,40.451226],[-79.920272,40.450965],[-79.921506,40.447912],[-79.921589,40.447518]]]}},{"type":"Feature","properties":{"name":"Squirrel Hill South","group":"Squirrel Hill South","acres_attribute":1713.02741588,"parcel_count":4718,"valid_sales":407,"price_per_sqft":239.6,"turnover_per_100":8.63},"geometry":{"type":"Polygon","coordinates":[[[-79.947158,40.4415],[-79.942246,40.44049],[-79.942179,40.440452],[-79.942313,40.44018],[-79.941557,40.439802],[-79.940849,40.438975],[-79.940571,40.438808],[-79.938996,40.438558],[-79.936511,40.437712],[-79.935651,40.437571],[-79.934431,40.437719],[-79.933091,40.437711],[-79.926977,40.438081],[-79.911384,40.438018],[-79.905718,40.438072],[-79.904818,40.438197],[-79.901855,40.439394],[-79.90027,40.439524],[-79.899045,40.437742],[-79.898993,40.436451],[-79.898675,40.435576],[-79.901371,40.427238],[-79.902142,40.427108],[-79.903192,40.42637],[-79.903853,40.42616],[-79.904399,40.426129],[-79.905269,40.426336],[-79.905541,40.426275],[-79.905721,40.426142],[-79.906526,40.42601],[-79.90677,40.425877],[-79.906871,40.425707],[-79.906986,40.424897],[-79.907209,40.42462],[-79.907296,40.423985],[-79.907619,40.423957],[-79.90782,40.424148],[-79.90851,40.423934],[-79.909725,40.422553],[-79.909818,40.422271],[-79.910027,40.422115],[-79.911709,40.420063],[-79.912047,40.419864],[-79.914045,40.419207],[-79.914397,40.418737],[-79.915288,40.418142],[-79.915727,40.417286],[-79.915763,40.417065],[-79.916208,40.416822],[-79.916417,40.416594],[-79.916104,40.416093],[-79.915612,40.415711],[-79.914191,40.415415],[-79.914423,40.41532],[-79.914548,40.415366],[-79.914653,40.415229],[-79.915806,40.41482],[-79.916067,40.414557],[-79.917361,40.413787],[-79.918059,40.413178],[-79.918214,40.412765],[-79.919738,40.411632],[-79.920273,40.412034],[-79.920764,40.411635],[-79.921312,40.412368],[-79.921563,40.412228],[-79.921706,40.41178],[-79.922015,40.411938],[-79.922158,40.41177],[-79.922431,40.411709],[-79.922777,40.411812],[-79.922825,40.41195],[-79.922597,40.412745],[-79.922894,40.412791],[-79.92285,40.412938],[-79.923532,40.413549],[-79.923426,40.413739],[-79.923874,40.414011],[-79.924974,40.415056],[-79.924912,40.415457],[-79.925657,40.416363],[-79.925802,40.416655],[-79.926051,40.41794],[-79.926253,40.418304],[-79.92682,40.418968],[-79.927154,40.419616],[-79.926099,40.41955],[-79.926288,40.42355],[-79.925735,40.425431],[-79.92646,40.42583],[-79.926706,40.425865],[-79.926737,40.42637],[-79.926872,40.426583],[-79.928161,40.427526],[-79.926763,40.42816],[-79.929442,40.428766],[-79.931677,40.429016],[-79.933226,40.428939],[-79.936034,40.428573],[-79.937865,40.428635],[-79.939048,40.428858],[-79.940137,40.429519],[-79.94005,40.42982],[-79.941859,40.430111],[-79.943141,40.429657],[-79.943469,40.429272],[-79.944477,40.429092],[-79.946845,40.428482],[-79.947651,40.428609],[-79.949122,40.429132],[-79.949396,40.428894],[-79.949661,40.429199],[-79.949894,40.434047],[-79.949584,40.436513],[-79.949864,40.439318],[-79.949835,40.439825],[-79.949697,40.440244],[-79.948956,40.441188],[-79.948189,40.440807],[-79.947345,40.441439],[-79.947158,40.4415]]]}},{"type":"Feature","properties":{"name":"St. Clair","group":"St. Clair","acres_attribute":199.07579887,"parcel_count":192,"valid_sales":0,"price_per_sqft":null,"turnover_per_100":0.0},"geometry":{"type":"Polygon","coordinates":[[[-79.971456,40.412243],[-79.969312,40.411873],[-79.968356,40.411905],[-79.967671,40.411734],[-79.964748,40.410034],[-79.964484,40.409702],[-79.964422,40.409184],[-79.965262,40.408336],[-79.965215,40.407981],[-79.966458,40.407023],[-79.968893,40.405653],[-79.969315,40.405487],[-79.972228,40.405025],[-79.972609,40.404819],[-79.973138,40.404877],[-79.97485,40.404641],[-79.975311,40.404504],[-79.975875,40.404204],[-79.975949,40.404042],[-79.976558,40.403928],[-79.975895,40.404383],[-79.977974,40.405785],[-79.978415,40.406264],[-79.978477,40.406614],[-79.978464,40.40681],[-79.977445,40.409292],[-79.977242,40.410506],[-79.977305,40.411261],[-79.976988,40.41299],[-79.977267,40.413646],[-79.977696,40.41414],[-79.97668,40.413779],[-79.975617,40.413248],[-79.974981,40.413127],[-79.973518,40.412664],[-79.972033,40.412458],[-79.971456,40.412243]]]}},{"type":"Feature","properties":{"name":"Stanton Heights","group":"Stanton Heights","acres_attribute":472.44089125,"parcel_count":2388,"valid_sales":188,"price_per_sqft":201.0,"turnover_per_100":7.87},"geometry":{"type":"Polygon","coordinates":[[[-79.932316,40.489033],[-79.931566,40.489152],[-79.929747,40.489123],[-79.927875,40.488857],[-79.925535,40.488316],[-79.925677,40.487945],[-79.925981,40.487625],[-79.926973,40.487694],[-79.929835,40.485396],[-79.932023,40.478592],[-79.931719,40.47649],[-79.931843,40.476092],[-79.931802,40.475399],[-79.931919,40.475225],[-79.931466,40.473917],[-79.931527,40.473865],[-79.931719,40.472049],[-79.93279,40.470645],[-79.932973,40.470732],[-79.934545,40.472155],[-79.935456,40.47257],[-79.93494,40.47255],[-79.936522,40.474109],[-79.936532,40.474276],[-79.938374,40.474125],[-79.942517,40.477348],[-79.944417,40.478653],[-79.946574,40.477598],[-79.947061,40.47762],[-79.948947,40.478181],[-79.94887,40.478354],[-79.947743,40.477969],[-79.947149,40.478005],[-79.946976,40.47811],[-79.947696,40.478647],[-79.946663,40.479418],[-79.947549,40.480085],[-79.946925,40.480699],[-79.946676,40.480511],[-79.945027,40.481857],[-79.945689,40.482422],[-79.945003,40.482949],[-79.945243,40.483165],[-79.94345,40.482978],[-79.943281,40.483019],[-79.943173,40.483188],[-79.944109,40.483598],[-79.944522,40.483598],[-79.946301,40.485166],[-79.935224,40.489119],[-79.934855,40.489177],[-79.933281,40.489153],[-79.933258,40.48907],[-79.932316,40.489033]]]}},{"type":"Feature","properties":{"name":"Strip District","group":"Strip District","acres_attribute":389.24067866,"parcel_count":829,"valid_sales":24,"price_per_sqft":409.9,"turnover_per_100":2.9},"geometry":{"type":"Polygon","coordinates":[[[-79.968077,40.46102],[-79.97495,40.456302],[-79.974765,40.456216],[-79.974325,40.456463],[-79.973974,40.456457],[-79.972908,40.455621],[-79.973835,40.454745],[-79.973573,40.454565],[-79.97335,40.454185],[-79.974185,40.453384],[-79.97367,40.452851],[-79.97619,40.451288],[-79.977468,40.450769],[-79.9795,40.450335],[-79.980945,40.449923],[-79.982344,40.44935],[-79.984788,40.448049],[-79.988817,40.445491],[-79.988878,40.445547],[-79.990368,40.444601],[-79.990091,40.445261],[-79.990012,40.445949],[-79.991716,40.445041],[-79.992334,40.444938],[-79.992961,40.444967],[-79.993731,40.445148],[-79.994251,40.445447],[-79.99477,40.446094],[-79.99544,40.447139],[-79.9905,40.450326],[-79.989301,40.451269],[-79.988433,40.451711],[-79.986437,40.45326],[-79.985814,40.45385],[-79.982655,40.456126],[-79.981566,40.456749],[-79.980975,40.457408],[-79.97977,40.458201],[-79.978981,40.458893],[-79.977775,40.459737],[-79.976652,40.460716],[-79.974796,40.462492],[-79.973462,40.463966],[-79.972876,40.464469],[-79.972648,40.464865],[-79.968077,40.46102]]]}},{"type":"Feature","properties":{"name":"Summer Hill","group":"Summer Hill","acres_attribute":282.81238756,"parcel_count":615,"valid_sales":37,"price_per_sqft":146.7,"turnover_per_100":6.02},"geometry":{"type":"Polygon","coordinates":[[[-80.01082,40.501045],[-80.010684,40.499104],[-80.008916,40.49915],[-80.009231,40.498483],[-80.009127,40.497549],[-80.007792,40.497527],[-80.007763,40.497986],[-80.007463,40.497965],[-80.006339,40.497398],[-80.005012,40.497158],[-80.004025,40.497796],[-80.003954,40.497463],[-80.003935,40.496293],[-80.003995,40.496296],[-80.003706,40.490633],[-80.003223,40.482947],[-80.003597,40.482915],[-80.004241,40.483297],[-80.004723,40.483328],[-80.004935,40.483219],[-80.005593,40.482563],[-80.005979,40.482367],[-80.006368,40.482741],[-80.006711,40.482896],[-80.008456,40.483261],[-80.008983,40.48349],[-80.009189,40.483742],[-80.009265,40.483971],[-80.010439,40.489693],[-80.011206,40.492211],[-80.011371,40.493063],[-80.011743,40.494004],[-80.012508,40.496714],[-80.014004,40.496486],[-80.014433,40.496593],[-80.016291,40.497446],[-80.017706,40.497351],[-80.017871,40.497254],[-80.016987,40.499842],[-80.016554,40.499781],[-80.015762,40.499917],[-80.013339,40.498727],[-80.012376,40.498764],[-80.012261,40.498887],[-80.012212,40.499179],[-80.011676,40.500222],[-80.01082,40.501045]]]}},{"type":"Feature","properties":{"name":"Swisshelm Park","group":"Swisshelm Park","acres_attribute":303.09736019,"parcel_count":762,"valid_sales":54,"price_per_sqft":230.5,"turnover_per_100":7.09},"geometry":{"type":"Polygon","coordinates":[[[-79.891009,40.427205],[-79.892088,40.426299],[-79.893477,40.42564],[-79.894197,40.425562],[-79.894697,40.425672],[-79.895249,40.426048],[-79.896715,40.426468],[-79.896752,40.426269],[-79.897494,40.42594],[-79.899295,40.416976],[-79.900209,40.417186],[-79.901997,40.417377],[-79.904156,40.41731],[-79.908008,40.416788],[-79.90963,40.416449],[-79.910746,40.416305],[-79.912663,40.415925],[-79.913942,40.415561],[-79.914191,40.415415],[-79.915612,40.415711],[-79.916104,40.416093],[-79.916417,40.416571],[-79.916208,40.416822],[-79.915763,40.417065],[-79.915727,40.417286],[-79.915288,40.418142],[-79.914397,40.418737],[-79.914045,40.419207],[-79.912047,40.419864],[-79.911709,40.420063],[-79.910027,40.422115],[-79.909818,40.422271],[-79.909725,40.422553],[-79.90851,40.423934],[-79.90782,40.424148],[-79.907619,40.423957],[-79.907296,40.423985],[-79.907209,40.42462],[-79.906986,40.424897],[-79.906871,40.425707],[-79.906626,40.425979],[-79.905721,40.426142],[-79.905541,40.426275],[-79.905269,40.426336],[-79.904399,40.426129],[-79.903853,40.42616],[-79.903192,40.42637],[-79.902142,40.427108],[-79.901345,40.42724],[-79.900691,40.427216],[-79.89893,40.426915],[-79.898348,40.426581],[-79.897924,40.426622],[-79.897321,40.42649],[-79.897012,40.4265],[-79.896236,40.426934],[-79.89518,40.426492],[-79.89421,40.426501],[-79.893598,40.426639],[-79.893187,40.426849],[-79.892909,40.427083],[-79.892621,40.427575],[-79.892183,40.427896],[-79.891058,40.427321],[-79.891009,40.427205]]]}},{"type":"Feature","properties":{"name":"Terrace Village","group":"Terrace Village","acres_attribute":207.77195592,"parcel_count":201,"valid_sales":1,"price_per_sqft":45.0,"turnover_per_100":0.5},"geometry":{"type":"Polygon","coordinates":[[[-79.958477,40.448457],[-79.95891,40.448144],[-79.959199,40.447706],[-79.959546,40.447606],[-79.959967,40.447211],[-79.960282,40.445845],[-79.960602,40.445558],[-79.961143,40.445476],[-79.96195,40.44554],[-79.962549,40.445365],[-79.962786,40.44522],[-79.963255,40.444671],[-79.96576,40.442827],[-79.966066,40.443385],[-79.968019,40.442911],[-79.967906,40.442738],[-79.968512,40.442274],[-79.968069,40.441289],[-79.967904,40.441087],[-79.967556,40.439528],[-79.967861,40.439368],[-79.968359,40.439386],[-79.968716,40.438779],[-79.969784,40.439192],[-79.970491,40.439714],[-79.971325,40.439545],[-79.971687,40.439597],[-79.971907,40.43976],[-79.972281,40.440271],[-79.973242,40.440925],[-79.973527,40.44099],[-79.973951,40.440862],[-79.973212,40.440128],[-79.973023,40.439788],[-79.973409,40.439992],[-79.975376,40.43921],[-79.97718,40.439369],[-79.977881,40.439356],[-79.978672,40.44032],[-79.978323,40.44066],[-79.978658,40.440851],[-79.978881,40.441083],[-79.97902,40.441769],[-79.979207,40.44217],[-79.979675,40.442706],[-79.975619,40.444446],[-79.975048,40.443668],[-79.970876,40.445413],[-79.969057,40.446047],[-79.965168,40.448721],[-79.964546,40.448888],[-79.962353,40.44889],[-79.959253,40.448322],[-79.958477,40.448457]]]}},{"type":"Feature","properties":{"name":"Troy Hill","group":"Troy Hill","acres_attribute":294.98507799,"parcel_count":1301,"valid_sales":82,"price_per_sqft":142.4,"turnover_per_100":6.3},"geometry":{"type":"MultiPolygon","coordinates":[[[[-79.977444,40.470979],[-79.974681,40.469444],[-79.974554,40.469472],[-79.975746,40.468475],[-79.976156,40.46823],[-79.977834,40.466341],[-79.979048,40.464715],[-79.979163,40.464662],[-79.979158,40.464415],[-79.980529,40.462265],[-79.981529,40.460924],[-79.982556,40.459796],[-79.982648,40.459607],[-79.984312,40.458092],[-79.984538,40.457996],[-79.98632,40.456602],[-79.98678,40.456428],[-79.988885,40.454894],[-79.990081,40.453819],[-79.991803,40.452443],[-79.993445,40.453827],[-79.992284,40.454779],[-79.992931,40.455236],[-79.993434,40.455269],[-79.993767,40.455214],[-79.994452,40.45484],[-79.994672,40.455412],[-79.993102,40.455796],[-79.991307,40.456742],[-79.992895,40.457456],[-79.992565,40.457998],[-79.992626,40.458343],[-79.992602,40.458594],[-79.992496,40.458731],[-79.990138,40.459373],[-79.988136,40.459696],[-79.987698,40.459948],[-79.987368,40.460224],[-79.987481,40.460643],[-79.987383,40.460869],[-79.986911,40.461441],[-79.986554,40.462078],[-79.985462,40.46317],[-79.985156,40.463681],[-79.985974,40.464044],[-79.98561,40.465403],[-79.985289,40.466135],[-79.98446,40.466058],[-79.983852,40.466346],[-79.982963,40.467271],[-79.983022,40.46732],[-79.981816,40.469351],[-79.981149,40.469902],[-79.979698,40.470779],[-79.978795,40.471618],[-79.977444,40.470979]]],[[[-79.981092,40.460113],[-79.981186,40.460138],[-79.98116,40.460399],[-79.980925,40.460879],[-79.978801,40.463998],[-79.9782,40.465138],[-79.977204,40.466482],[-79.97571,40.468114],[-79.974592,40.468853],[-79.973474,40.469802],[-79.972772,40.470117],[-79.972482,40.47008],[-79.972404,40.469933],[-79.972438,40.469728],[-79.973192,40.468401],[-79.973907,40.467401],[-79.97498,40.465558],[-79.976101,40.464161],[-79.977346,40.46286],[-79.979074,40.461373],[-79.980403,40.46038],[-79.981092,40.460113]]]]}},{"type":"Feature","properties":{"name":"Upper Hill","group":"Upper Hill","acres_attribute":200.44088177,"parcel_count":1339,"valid_sales":32,"price_per_sqft":81.8,"turnover_per_100":2.39},"geometry":{"type":"Polygon","coordinates":[[[-79.957223,40.458662],[-79.955793,40.458085],[-79.955277,40.457308],[-79.954406,40.454057],[-79.954098,40.453373],[-79.954074,40.453106],[-79.954156,40.452824],[-79.954907,40.450984],[-79.958327,40.448552],[-79.958758,40.448371],[-79.959253,40.448322],[-79.962353,40.44889],[-79.964546,40.448888],[-79.964873,40.448785],[-79.965375,40.450163],[-79.964363,40.451967],[-79.964356,40.452218],[-79.965745,40.453761],[-79.966008,40.455199],[-79.964295,40.455963],[-79.960423,40.456988],[-79.957982,40.458516],[-79.957077,40.458321],[-79.957223,40.458662]]]}},{"type":"Feature","properties":{"name":"Upper Lawrenceville","group":"Lawrenceville","acres_attribute":258.49129917,"parcel_count":1476,"valid_sales":115,"price_per_sqft":248.4,"turnover_per_100":7.79},"geometry":{"type":"Polygon","coordinates":[[[-79.937677,40.490012],[-79.937159,40.488437],[-79.946301,40.485166],[-79.944522,40.483598],[-79.944109,40.483598],[-79.943173,40.483188],[-79.943281,40.483019],[-79.94345,40.482978],[-79.945243,40.483165],[-79.945003,40.482949],[-79.945689,40.482422],[-79.945027,40.481857],[-79.946676,40.480511],[-79.946925,40.480699],[-79.947549,40.480085],[-79.946663,40.479418],[-79.947696,40.478647],[-79.946976,40.47811],[-79.947149,40.478005],[-79.947743,40.477969],[-79.94887,40.478354],[-79.948947,40.478181],[-79.94921,40.478169],[-79.950911,40.477418],[-79.952389,40.477641],[-79.953596,40.47734],[-79.95405,40.477323],[-79.954393,40.477474],[-79.955957,40.478524],[-79.95981,40.481323],[-79.959524,40.481725],[-79.958456,40.482511],[-79.956863,40.48326],[-79.956103,40.483724],[-79.955711,40.48385],[-79.954132,40.484881],[-79.952719,40.485526],[-79.952354,40.485536],[-79.951034,40.486189],[-79.94885,40.486824],[-79.948369,40.487002],[-79.948281,40.487124],[-79.947442,40.487423],[-79.944152,40.488171],[-79.94336,40.488519],[-79.94064,40.489196],[-79.939791,40.489515],[-79.939479,40.48952],[-79.937677,40.490012]]]}},{"type":"Feature","properties":{"name":"West End","group":"West End","acres_attribute":124.52211675,"parcel_count":382,"valid_sales":5,"price_per_sqft":60.3,"turnover_per_100":1.31},"geometry":{"type":"Polygon","coordinates":[[[-80.0287,40.444545],[-80.027753,40.443943],[-80.028503,40.443951],[-80.029598,40.442816],[-80.029611,40.442643],[-80.03019,40.442083],[-80.030256,40.442152],[-80.032538,40.439803],[-80.032899,40.439],[-80.033053,40.437319],[-80.033033,40.436661],[-80.032887,40.436215],[-80.032307,40.435469],[-80.030464,40.434361],[-80.029534,40.433845],[-80.029474,40.433922],[-80.028584,40.433387],[-80.028114,40.432965],[-80.027166,40.431785],[-80.026299,40.431018],[-80.028037,40.430084],[-80.029052,40.430586],[-80.032144,40.43254],[-80.034591,40.433743],[-80.035237,40.433902],[-80.036044,40.433922],[-80.037147,40.433815],[-80.037844,40.433616],[-80.03764,40.434119],[-80.037209,40.434538],[-80.036501,40.434708],[-80.035839,40.4347],[-80.03677,40.435089],[-80.036684,40.435402],[-80.037834,40.435668],[-80.038846,40.43601],[-80.038628,40.436415],[-80.03748,40.436001],[-80.036391,40.435746],[-80.036097,40.435732],[-80.035901,40.435835],[-80.035685,40.436613],[-80.035649,40.437681],[-80.035229,40.438719],[-80.035159,40.439343],[-80.035197,40.439694],[-80.035714,40.440586],[-80.037109,40.440718],[-80.037053,40.441286],[-80.03655,40.441287],[-80.035443,40.441673],[-80.035657,40.442107],[-80.033164,40.443052],[-80.03281,40.442628],[-80.031675,40.443082],[-80.0287,40.444545]]]}},{"type":"Feature","properties":{"name":"West Oakland","group":"West Oakland","acres_attribute":149.4591782,"parcel_count":793,"valid_sales":18,"price_per_sqft":184.2,"turnover_per_100":2.27},"geometry":{"type":"Polygon","coordinates":[[[-79.963056,40.443383],[-79.961991,40.442776],[-79.961005,40.443662],[-79.960751,40.44364],[-79.959881,40.443155],[-79.959336,40.443563],[-79.957441,40.442522],[-79.963411,40.438114],[-79.963935,40.43785],[-79.965339,40.437671],[-79.96591,40.436837],[-79.966495,40.436515],[-79.968799,40.43646],[-79.973549,40.437956],[-79.977548,40.438237],[-79.977475,40.438336],[-79.976211,40.438893],[-79.973409,40.439992],[-79.973023,40.439788],[-79.973212,40.440128],[-79.973951,40.440862],[-79.973581,40.440987],[-79.973242,40.440925],[-79.972281,40.440271],[-79.971907,40.43976],[-79.971687,40.439597],[-79.971325,40.439545],[-79.970491,40.439714],[-79.969784,40.439192],[-79.968716,40.438779],[-79.968359,40.439386],[-79.967861,40.439368],[-79.967556,40.439528],[-79.967904,40.441087],[-79.968069,40.441289],[-79.968512,40.442274],[-79.967906,40.442738],[-79.968019,40.442911],[-79.966066,40.443385],[-79.96576,40.442827],[-79.963255,40.444671],[-79.963384,40.444076],[-79.963273,40.443634],[-79.963056,40.443383]]]}},{"type":"Feature","properties":{"name":"Westwood","group":"Westwood","acres_attribute":441.88379972,"parcel_count":1583,"valid_sales":132,"price_per_sqft":167.4,"turnover_per_100":8.34},"geometry":{"type":"Polygon","coordinates":[[[-80.044479,40.438216],[-80.043172,40.437927],[-80.041276,40.437354],[-80.039606,40.437034],[-80.039131,40.436637],[-80.038628,40.436415],[-80.038846,40.43601],[-80.037834,40.435668],[-80.036684,40.435402],[-80.03677,40.435089],[-80.035839,40.4347],[-80.036501,40.434708],[-80.03706,40.434605],[-80.037549,40.43424],[-80.038151,40.43287],[-80.038787,40.432],[-80.039771,40.429551],[-80.040113,40.429057],[-80.040404,40.428853],[-80.040701,40.428691],[-80.041693,40.428995],[-80.042494,40.428626],[-80.043153,40.428052],[-80.042708,40.428682],[-80.043292,40.428201],[-80.044631,40.42907],[-80.046646,40.429428],[-80.046812,40.42738],[-80.046595,40.427039],[-80.047399,40.427018],[-80.047384,40.425965],[-80.047806,40.425743],[-80.048614,40.426346],[-80.049463,40.42682],[-80.050571,40.427079],[-80.051463,40.427146],[-80.054019,40.427999],[-80.056076,40.42812],[-80.059157,40.429339],[-80.05791,40.431467],[-80.057523,40.43129],[-80.057288,40.43158],[-80.057568,40.434523],[-80.058028,40.434516],[-80.058106,40.435223],[-80.057991,40.436361],[-80.057921,40.436407],[-80.059126,40.437143],[-80.057123,40.437631],[-80.054227,40.437932],[-80.05338,40.437955],[-80.05236,40.43758],[-80.051162,40.437503],[-80.050555,40.437599],[-80.049218,40.438129],[-80.047756,40.438106],[-80.045959,40.438305],[-80.044479,40.438216]]]}},{"type":"Feature","properties":{"name":"Windgap","group":"Windgap","acres_attribute":266.83798748,"parcel_count":755,"valid_sales":31,"price_per_sqft":127.2,"turnover_per_100":4.11},"geometry":{"type":"Polygon","coordinates":[[[-80.074894,40.463693],[-80.07589,40.461842],[-80.073358,40.461008],[-80.073222,40.460869],[-80.073237,40.457978],[-80.072963,40.455604],[-80.072401,40.455001],[-80.071995,40.454282],[-80.071989,40.453979],[-80.072206,40.453439],[-80.07216,40.453284],[-80.069442,40.451577],[-80.066206,40.450626],[-80.065121,40.450093],[-80.062098,40.448018],[-80.061904,40.447815],[-80.06242,40.447381],[-80.062614,40.447241],[-80.063633,40.447931],[-80.06401,40.447633],[-80.064326,40.447713],[-80.064291,40.448182],[-80.06535,40.448552],[-80.06535,40.448832],[-80.066197,40.449389],[-80.066685,40.448828],[-80.067045,40.448898],[-80.067224,40.44884],[-80.068362,40.447786],[-80.068619,40.447853],[-80.069947,40.448894],[-80.071466,40.449293],[-80.072347,40.449383],[-80.072799,40.449516],[-80.073895,40.450644],[-80.075085,40.451565],[-80.076851,40.452733],[-80.080152,40.45584],[-80.080212,40.456164],[-80.080635,40.456151],[-80.080847,40.456257],[-80.082065,40.457245],[-80.084254,40.459385],[-80.083916,40.459474],[-80.083705,40.459447],[-80.082627,40.459849],[-80.082276,40.460007],[-80.081456,40.460627],[-80.080893,40.461245],[-80.080252,40.462498],[-80.079937,40.463374],[-80.0794,40.463862],[-80.078062,40.464692],[-80.077346,40.464757],[-80.076501,40.464665],[-80.074894,40.463693]]]}}]}
