{"type":"FeatureCollection","features":[{"type":"Feature","geometry":{"type":"Point","coordinates":[-79.995332,40.439562]},"properties":{"stop_id":"10","name":"STEEL PLAZA STATION","weekday_trips":146,"routes":["BLUE","RED","SLVR"]}},{"type":"Feature","geometry":{"type":"Point","coordinates":[-80.026193,40.365469]},"properties":{"stop_id":"100","name":"WILLOW STATION","weekday_trips":84,"routes":["BLUE","SLVR"]}},{"type":"Feature","geometry":{"type":"Point","coordinates":[-79.99023,40.403958]},"properties":{"stop_id":"10016","name":"BROWNSVILLE RD + NOBLES LN","weekday_trips":112,"routes":["51","51L"]}},{"type":"Feature","geometry":{"type":"Point","coordinates":[-79.989317,40.401127]},"properties":{"stop_id":"10018","name":"BROWNSVILLE RD + THE BOULEVARD","weekday_trips":112,"routes":["51","51L"]}},{"type":"Feature","geometry":{"type":"Point","coordinates":[-79.989153,40.399887]},"properties":{"stop_id":"10019","name":"BROWNSVILLE RD + E MEYERS AVE","weekday_trips":112,"routes":["51","51L"]}},{"type":"Feature","geometry":{"type":"Point","coordinates":[-79.987743,40.39672]},"properties":{"stop_id":"10022","name":"BROWNSVILLE RD + CRAILO AVE","weekday_trips":112,"routes":["51","51L"]}},{"type":"Feature","geometry":{"type":"Point","coordinates":[-79.98683,40.39514]},"properties":{"stop_id":"10023","name":"BROWNSVILLE RD + AGNEW RD","weekday_trips":112,"routes":["51","51L"]}},{"type":"Feature","geometry":{"type":"Point","coordinates":[-79.986562,40.393302]},"properties":{"stop_id":"10025","name":"BROWNSVILLE RD + WOODFORD AVE","weekday_trips":105,"routes":["51"]}},{"type":"Feature","geometry":{"type":"Point","coordinates":[-79.986685,40.391477]},"properties":{"stop_id":"10026","name":"BROWNSVILLE RD + PARKFIELD ST","weekday_trips":112,"routes":["51","51L"]}},{"type":"Feature","geometry":{"type":"Point","coordinates":[-79.985526,40.389384]},"properties":{"stop_id":"10027","name":"BROWNSVILLE RD + OVERBROOK BLVD","weekday_trips":112,"routes":["51","51L"]}},{"type":"Feature","geometry":{"type":"Point","coordinates":[-79.984822,40.38819]},"properties":{"stop_id":"10028","name":"BROWNSVILLE RD + #2336","weekday_trips":105,"routes":["51"]}},{"type":"Feature","geometry":{"type":"Point","coordinates":[-79.984055,40.387436]},"properties":{"stop_id":"10029","name":"BROWNSVILLE RD + BISCAYNE DR","weekday_trips":112,"routes":["51","51L"]}},{"type":"Feature","geometry":{"type":"Point","coordinates":[-79.981846,40.38683]},"properties":{"stop_id":"10030","name":"BROWNSVILLE RD + CLIFTON BLVD","weekday_trips":112,"routes":["51","51L"]}},{"type":"Feature","geometry":{"type":"Point","coordinates":[-79.979016,40.385858]},"properties":{"stop_id":"10032","name":"BROWNSVILLE RD + CHURCHVIEW AVE","weekday_trips":105,"routes":["51"]}},{"type":"Feature","geometry":{"type":"Point","coordinates":[-79.978009,40.384581]},"properties":{"stop_id":"10033","name":"BROWNSVILLE RD + MAYTIDE ST","weekday_trips":112,"routes":["51","51L"]}},{"type":"Feature","geometry":{"type":"Point","coordinates":[-79.964138,40.342936]},"properties":{"stop_id":"10035","name":"LEBANON CHURCH RD + OTT DR FS","weekday_trips":62,"routes":["51","Y47"]}},{"type":"Feature","geometry":{"type":"Point","coordinates":[-79.952147,40.347555]},"properties":{"stop_id":"10038","name":"LEBANON CHURCH RD + REGIS AVE","weekday_trips":62,"routes":["51","Y47"]}},{"type":"Feature","geometry":{"type":"Point","coordinates":[-80.041974,40.520193]},"properties":{"stop_id":"1007","name":"CENTER AVE + COLUMBIA AVE FS","weekday_trips":39,"routes":["13"]}},{"type":"Feature","geometry":{"type":"Point","coordinates":[-80.039529,40.520542]},"properties":{"stop_id":"1008","name":"CENTER AVE + BRONX AVE","weekday_trips":39,"routes":["13"]}},{"type":"Feature","geometry":{"type":"Point","coordinates":[-80.038181,40.520324]},"properties":{"stop_id":"1009","name":"CENTER AVE + CHALFONTE AVE","weekday_trips":39,"routes":["13"]}},{"type":"Feature","geometry":{"type":"Point","coordinates":[-80.026632,40.365186]},"properties":{"stop_id":"101","name":"WILLOW STATION","weekday_trips":84,"routes":["BLUE","SLVR"]}},{"type":"Feature","geometry":{"type":"Point","coordinates":[-80.035841,40.517416]},"properties":{"stop_id":"1010","name":"CENTER AVE + WAVERLY AVE","weekday_trips":39,"routes":["13"]}},{"type":"Feature","geometry":{"type":"Point","coordinates":[-80.031798,40.518114]},"properties":{"stop_id":"1011","name":"CENTER AVE + PERRY HWY","weekday_trips":39,"routes":["13"]}},{"type":"Feature","geometry":{"type":"Point","coordinates":[-79.957045,40.346247]},"properties":{"stop_id":"10115","name":"LEBANON CHURCH RD + BOMBARDIER","weekday_trips":62,"routes":["51","Y47"]}},{"type":"Feature","geometry":{"type":"Point","coordinates":[-79.927594,40.381351]},"properties":{"stop_id":"10120","name":"MIFFLIN RD + SLATE","weekday_trips":27,"routes":["56"]}},{"type":"Feature","geometry":{"type":"Point","coordinates":[-79.966831,40.427077]},"properties":{"stop_id":"10127","name":"E CARSON ST + 27TH ST","weekday_trips":46,"routes":["75"]}},{"type":"Feature","geometry":{"type":"Point","coordinates":[-79.96821,40.427492]},"properties":{"stop_id":"10128","name":"E CARSON ST + 26TH","weekday_trips":46,"routes":["75"]}},{"type":"Feature","geometry":{"type":"Point","coordinates":[-80.032448,40.518018]},"properties":{"stop_id":"1013","name":"CENTER AVE + PERRY HWY FS (STEPS)","weekday_trips":39,"routes":["13"]}},{"type":"Feature","geometry":{"type":"Point","coordinates":[-80.003579,40.440204]},"properties":{"stop_id":"10147","name":"FOURTH AVE + PPG ENTRANCE","weekday_trips":96,"routes":["52L","53L","56","57","58"]}},{"type":"Feature","geometry":{"type":"Point","coordinates":[-80.035564,40.517462]},"properties":{"stop_id":"1015","name":"CENTER AVE + WAVERLY AVE","weekday_trips":39,"routes":["13"]}},{"type":"Feature","geometry":{"type":"Point","coordinates":[-79.932638,40.387721]},"properties":{"stop_id":"10157","name":"BALDWIN ST + HOLY ANGEL SCHOOL","weekday_trips":27,"routes":["56"]}},{"type":"Feature","geometry":{"type":"Point","coordinates":[-79.932676,40.386967]},"properties":{"stop_id":"10158","name":"BALDWIN ST + RAMP ST BRIDGE","weekday_trips":27,"routes":["56"]}},{"type":"Feature","geometry":{"type":"Point","coordinates":[-79.929993,40.382969]},"properties":{"stop_id":"10159","name":"MIFFLIN RD + HAYS SCHOOL","weekday_trips":27,"routes":["56"]}},{"type":"Feature","geometry":{"type":"Point","coordinates":[-80.037876,40.520224]},"properties":{"stop_id":"1016","name":"CENTER AVE + CHALFONTE AVE","weekday_trips":39,"routes":["13"]}},{"type":"Feature","geometry":{"type":"Point","coordinates":[-79.928452,40.381897]},"properties":{"stop_id":"10160","name":"MIFFLIN RD + #669","weekday_trips":27,"routes":["56"]}},{"type":"Feature","geometry":{"type":"Point","coordinates":[-80.042286,40.520235]},"properties":{"stop_id":"1018","name":"CENTER AVE + COLUMBIA AVE FS","weekday_trips":39,"routes":["13"]}},{"type":"Feature","geometry":{"type":"Point","coordinates":[-80.043542,40.519643]},"properties":{"stop_id":"1019","name":"CENTER AVE + CORNELL AVE","weekday_trips":39,"routes":["13"]}},{"type":"Feature","geometry":{"type":"Point","coordinates":[-80.003178,40.408156]},"properties":{"stop_id":"102","name":"BON AIR STATION","weekday_trips":84,"routes":["BLUE","SLVR"]}},{"type":"Feature","geometry":{"type":"Point","coordinates":[-79.863172,40.343472]},"properties":{"stop_id":"10271","name":"WALNUT ST + 12TH","weekday_trips":15,"routes":["60"]}},{"type":"Feature","geometry":{"type":"Point","coordinates":[-80.003113,40.407736]},"properties":{"stop_id":"103","name":"BON AIR STATION","weekday_trips":84,"routes":["BLUE","SLVR"]}},{"type":"Feature","geometry":{"type":"Point","coordinates":[-79.864216,40.347303]},"properties":{"stop_id":"10364","name":"WALNUT ST + 9TH","weekday_trips":15,"routes":["60"]}},{"type":"Feature","geometry":{"type":"Point","coordinates":[-79.86224,40.342472]},"properties":{"stop_id":"10370","name":"WALNUT ST + 13TH","weekday_trips":15,"routes":["60"]}},{"type":"Feature","geometry":{"type":"Point","coordinates":[-80.027101,40.365906]},"properties":{"stop_id":"104","name":"OVERBROOK JUNCTION","weekday_trips":62,"routes":["RED"]}},{"type":"Feature","geometry":{"type":"Point","coordinates":[-79.993691,40.510838]},"properties":{"stop_id":"1043","name":"BABCOCK BLVD + THOMPSON","weekday_trips":3,"routes":["O5"]}},{"type":"Feature","geometry":{"type":"Point","coordinates":[-79.993546,40.517544]},"properties":{"stop_id":"1044","name":"THOMPSON RUN RD + RADCLIFFE","weekday_trips":3,"routes":["O5"]}},{"type":"Feature","geometry":{"type":"Point","coordinates":[-79.992907,40.518309]},"properties":{"stop_id":"1045","name":"THOMPSON RUN RD + WOODBRIDGE DR","weekday_trips":3,"routes":["O5"]}},{"type":"Feature","geometry":{"type":"Point","coordinates":[-79.991928,40.519772]},"properties":{"stop_id":"1046","name":"THOMPSON RUN RD + #218","weekday_trips":3,"routes":["O5"]}},{"type":"Feature","geometry":{"type":"Point","coordinates":[-79.864903,40.350901]},"properties":{"stop_id":"10464","name":"WALNUT ST + 5TH","weekday_trips":15,"routes":["60"]}},{"type":"Feature","geometry":{"type":"Point","coordinates":[-80.027136,40.365888]},"properties":{"stop_id":"105","name":"OVERBROOK JUNCTION","weekday_trips":62,"routes":["RED"]}},{"type":"Feature","geometry":{"type":"Point","coordinates":[-79.84771,40.345661]},"properties":{"stop_id":"10584","name":"VERSAILLES AVE + PACKER","weekday_trips":14,"routes":["60"]}},{"type":"Feature","geometry":{"type":"Point","coordinates":[-79.849266,40.345863]},"properties":{"stop_id":"10585","name":"VERSAILLES AVE + EVANS","weekday_trips":14,"routes":["60"]}},{"type":"Feature","geometry":{"type":"Point","coordinates":[-79.849425,40.348013]},"properties":{"stop_id":"10588","name":"EVANS AVE + COLFAX","weekday_trips":14,"routes":["60"]}},{"type":"Feature","geometry":{"type":"Point","coordinates":[-79.861248,40.352267]},"properties":{"stop_id":"10592","name":"MCKEESPORT TRANSPORTATION CENTER + BAY #4","weekday_trips":11,"routes":["P7"]}},{"type":"Feature","geometry":{"type":"Point","coordinates":[-79.849343,40.346713]},"properties":{"stop_id":"10668","name":"EVANS AVE + LAMONT","weekday_trips":14,"routes":["60"]}},{"type":"Feature","geometry":{"type":"Point","coordinates":[-79.871699,40.349985]},"properties":{"stop_id":"10815","name":"W 5TH AVE + RAMP #1","weekday_trips":70,"routes":["55","56","59"]}},{"type":"Feature","geometry":{"type":"Point","coordinates":[-79.864033,40.346976]},"properties":{"stop_id":"10828","name":"WALNUT ST + 9TH","weekday_trips":15,"routes":["60"]}},{"type":"Feature","geometry":{"type":"Point","coordinates":[-79.864512,40.349058]},"properties":{"stop_id":"10831","name":"WALNUT ST + 7TH","weekday_trips":15,"routes":["60"]}},{"type":"Feature","geometry":{"type":"Point","coordinates":[-79.846339,40.371792]},"properties":{"stop_id":"10884","name":"2ND ST + KENNEDY","weekday_trips":106,"routes":["52L","59","61C","P7"]}},{"type":"Feature","geometry":{"type":"Point","coordinates":[-79.846878,40.37303]},"properties":{"stop_id":"10885","name":"2ND ST + GRANT","weekday_trips":80,"routes":["52L","61C","P7"]}},{"type":"Feature","geometry":{"type":"Point","coordinates":[-79.845977,40.373374]},"properties":{"stop_id":"10886","name":"GRANT AVE + 1ST","weekday_trips":105,"routes":["52L","59","61C","P7"]}},{"type":"Feature","geometry":{"type":"Point","coordinates":[-79.855038,40.380765]},"properties":{"stop_id":"10888","name":"DUQUESNE BLVD + OAKMONT","weekday_trips":98,"routes":["59","61C","P7"]}},{"type":"Feature","geometry":{"type":"Point","coordinates":[-79.856386,40.382068]},"properties":{"stop_id":"10889","name":"DUQUESNE BLVD + FAIRMONT","weekday_trips":98,"routes":["59","61C","P7"]}},{"type":"Feature","geometry":{"type":"Point","coordinates":[-79.857302,40.382941]},"properties":{"stop_id":"10890","name":"DUQUESNE BLVD + COMMONWEALTH","weekday_trips":98,"routes":["59","61C","P7"]}},{"type":"Feature","geometry":{"type":"Point","coordinates":[-79.86254,40.384975]},"properties":{"stop_id":"10892","name":"KENNYWOOD BLVD + HOFFMAN","weekday_trips":72,"routes":["61C","P7"]}},{"type":"Feature","geometry":{"type":"Point","coordinates":[-79.86904,40.390578]},"properties":{"stop_id":"10894","name":"KENNYWOOD BLVD + GLEN","weekday_trips":72,"routes":["61C","P7"]}},{"type":"Feature","geometry":{"type":"Point","coordinates":[-79.898462,40.409319]},"properties":{"stop_id":"10902","name":"8TH AVE + GRANT","weekday_trips":95,"routes":["52L","59","61C"]}},{"type":"Feature","geometry":{"type":"Point","coordinates":[-79.901489,40.409207]},"properties":{"stop_id":"10903","name":"8TH AVE + ANDREW","weekday_trips":95,"routes":["52L","59","61C"]}},{"type":"Feature","geometry":{"type":"Point","coordinates":[-79.90403,40.409062]},"properties":{"stop_id":"10905","name":"8TH AVE + HEISEL","weekday_trips":95,"routes":["52L","59","61C"]}},{"type":"Feature","geometry":{"type":"Point","coordinates":[-79.905195,40.40898]},"properties":{"stop_id":"10906","name":"8TH AVE + DICKSON","weekday_trips":95,"routes":["52L","59","61C"]}},{"type":"Feature","geometry":{"type":"Point","coordinates":[-79.907397,40.408826]},"properties":{"stop_id":"10907","name":"8TH AVE + MCCLURE","weekday_trips":95,"routes":["52L","59","61C"]}},{"type":"Feature","geometry":{"type":"Point","coordinates":[-79.909218,40.407979]},"properties":{"stop_id":"10908","name":"8TH AVE + ANN","weekday_trips":95,"routes":["52L","59","61C"]}},{"type":"Feature","geometry":{"type":"Point","coordinates":[-79.910787,40.407175]},"properties":{"stop_id":"10909","name":"8TH AVE + AMITY","weekday_trips":114,"routes":["52L","53L","59","61C"]}},{"type":"Feature","geometry":{"type":"Point","coordinates":[-79.912062,40.406222]},"properties":{"stop_id":"10910","name":"8TH AVE + WEST (HI-LEVEL BRIDGE)","weekday_trips":98,"routes":["52L","53L","57","61C"]}},{"type":"Feature","geometry":{"type":"Point","coordinates":[-79.924617,40.415316]},"properties":{"stop_id":"10913","name":"BROWNS HILL RD + IMOGENE RD","weekday_trips":184,"routes":["52L","53L","61C","61D","64"]}},{"type":"Feature","geometry":{"type":"Point","coordinates":[-79.928753,40.421788]},"properties":{"stop_id":"10914","name":"MURRAY AVE + LORETTA","weekday_trips":187,"routes":["61C","61D","64","93"]}},{"type":"Feature","geometry":{"type":"Point","coordinates":[-79.928628,40.423092]},"properties":{"stop_id":"10915","name":"MURRAY AVE + LILAC","weekday_trips":187,"routes":["61C","61D","64","93"]}},{"type":"Feature","geometry":{"type":"Point","coordinates":[-79.928058,40.424896]},"properties":{"stop_id":"10916","name":"MURRAY AVE + WELFER","weekday_trips":187,"routes":["61C","61D","64","93"]}},{"type":"Feature","geometry":{"type":"Point","coordinates":[-79.925852,40.427736]},"properties":{"stop_id":"10918","name":"MURRAY AVE + #2825","weekday_trips":187,"routes":["61C","61D","64","93"]}},{"type":"Feature","geometry":{"type":"Point","coordinates":[-79.924777,40.428223]},"properties":{"stop_id":"10919","name":"MURRAY AVE + MORROWFIELD","weekday_trips":187,"routes":["61C","61D","64","93"]}},{"type":"Feature","geometry":{"type":"Point","coordinates":[-79.923403,40.429877]},"properties":{"stop_id":"10920","name":"MURRAY AVE + FORWARD","weekday_trips":187,"routes":["61C","61D","64","93"]}},{"type":"Feature","geometry":{"type":"Point","coordinates":[-79.923099,40.432237]},"properties":{"stop_id":"10921","name":"MURRAY AVE + PHILLIPS","weekday_trips":187,"routes":["61C","61D","64","93"]}},{"type":"Feature","geometry":{"type":"Point","coordinates":[-79.922917,40.433577]},"properties":{"stop_id":"10922","name":"MURRAY AVE + HOBART","weekday_trips":187,"routes":["61C","61D","64","93"]}},{"type":"Feature","geometry":{"type":"Point","coordinates":[-79.92278,40.43461]},"properties":{"stop_id":"10923","name":"MURRAY AVE + BEACON NS","weekday_trips":187,"routes":["61C","61D","64","93"]}},{"type":"Feature","geometry":{"type":"Point","coordinates":[-79.922831,40.436209]},"properties":{"stop_id":"10924","name":"MURRAY AVE + BARTLETT","weekday_trips":182,"routes":["61C","61D","64","74"]}},{"type":"Feature","geometry":{"type":"Point","coordinates":[-79.917364,40.35294]},"properties":{"stop_id":"10930","name":"LEBANON CHURCH RD + RODEO","weekday_trips":45,"routes":["53L","59"]}},{"type":"Feature","geometry":{"type":"Point","coordinates":[-79.9122,40.354194]},"properties":{"stop_id":"10932","name":"LEBANON CHURCH RD + POLK","weekday_trips":53,"routes":["56","59"]}},{"type":"Feature","geometry":{"type":"Point","coordinates":[-79.907612,40.352092]},"properties":{"stop_id":"10934","name":"LEBANON CHURCH RD + #4220","weekday_trips":53,"routes":["56","59"]}},{"type":"Feature","geometry":{"type":"Point","coordinates":[-79.90328,40.352293]},"properties":{"stop_id":"10935","name":"LEBANON CHURCH RD + #4512","weekday_trips":53,"routes":["56","59"]}},{"type":"Feature","geometry":{"type":"Point","coordinates":[-79.901432,40.353712]},"properties":{"stop_id":"10936","name":"LEBANON CHURCH RD + PLEASANT","weekday_trips":53,"routes":["56","59"]}},{"type":"Feature","geometry":{"type":"Point","coordinates":[-79.891286,40.348041]},"properties":{"stop_id":"10941","name":"RICHLAND AVE + BRIDGE STEPS","weekday_trips":53,"routes":["56","59"]}},{"type":"Feature","geometry":{"type":"Point","coordinates":[-79.880719,40.346625]},"properties":{"stop_id":"10942","name":"W 5TH AVE + RAMP #2","weekday_trips":70,"routes":["55","56","59"]}},{"type":"Feature","geometry":{"type":"Point","coordinates":[-79.873698,40.350037]},"properties":{"stop_id":"10946","name":"W 5TH AVE + REBECCA","weekday_trips":70,"routes":["55","56","59"]}},{"type":"Feature","geometry":{"type":"Point","coordinates":[-79.922999,40.437173]},"properties":{"stop_id":"10947","name":"MURRAY AVE + DARLINGTON","weekday_trips":182,"routes":["61C","61D","64","74"]}},{"type":"Feature","geometry":{"type":"Point","coordinates":[-79.922916,40.436133]},"properties":{"stop_id":"10948","name":"MURRAY AVE + BARTLETT","weekday_trips":182,"routes":["61C","61D","64","74"]}},{"type":"Feature","geometry":{"type":"Point","coordinates":[-79.923009,40.433853]},"properties":{"stop_id":"10950","name":"MURRAY AVE + HOBART","weekday_trips":187,"routes":["61C","61D","64","93"]}},{"type":"Feature","geometry":{"type":"Point","coordinates":[-79.923188,40.432522]},"properties":{"stop_id":"10951","name":"MURRAY AVE + PHILLIPS","weekday_trips":187,"routes":["61C","61D","64","93"]}},{"type":"Feature","geometry":{"type":"Point","coordinates":[-79.923505,40.430171]},"properties":{"stop_id":"10952","name":"MURRAY AVE + FORWARD","weekday_trips":187,"routes":["61C","61D","64","93"]}},{"type":"Feature","geometry":{"type":"Point","coordinates":[-79.925165,40.428107]},"properties":{"stop_id":"10953","name":"MURRAY AVE + MORROWFIELD","weekday_trips":187,"routes":["61C","61D","64","93"]}},{"type":"Feature","geometry":{"type":"Point","coordinates":[-79.926342,40.4275]},"properties":{"stop_id":"10954","name":"MURRAY AVE + BURCHFIELD","weekday_trips":187,"routes":["61C","61D","64","93"]}},{"type":"Feature","geometry":{"type":"Point","coordinates":[-79.92813,40.425058]},"properties":{"stop_id":"10956","name":"MURRAY AVE + WELFER","weekday_trips":187,"routes":["61C","61D","64","93"]}},{"type":"Feature","geometry":{"type":"Point","coordinates":[-79.928685,40.423292]},"properties":{"stop_id":"10957","name":"MURRAY AVE + LILAC","weekday_trips":187,"routes":["61C","61D","64","93"]}},{"type":"Feature","geometry":{"type":"Point","coordinates":[-79.92516,40.415666]},"properties":{"stop_id":"10958","name":"BROWNS HILL RD + IMOGENE RD","weekday_trips":183,"routes":["52L","53L","61C","61D","64"]}},{"type":"Feature","geometry":{"type":"Point","coordinates":[-79.922983,40.413866]},"properties":{"stop_id":"10959","name":"BROWNS HILL RD +PARKVIEW BLVD","weekday_trips":206,"routes":["52L","53L","57","61C","61D","64"]}},{"type":"Feature","geometry":{"type":"Point","coordinates":[-79.911854,40.406204]},"properties":{"stop_id":"10961","name":"8TH AVE AT WEST ST FS","weekday_trips":136,"routes":["52L","53L","57","59","61C"]}},{"type":"Feature","geometry":{"type":"Point","coordinates":[-79.910571,40.407135]},"properties":{"stop_id":"10962","name":"8TH AVE + AMITY FS","weekday_trips":113,"routes":["52L","53L","59","61C"]}},{"type":"Feature","geometry":{"type":"Point","coordinates":[-79.909069,40.407894]},"properties":{"stop_id":"10963","name":"8TH AVE + ANN FS","weekday_trips":113,"routes":["52L","53L","59","61C"]}},{"type":"Feature","geometry":{"type":"Point","coordinates":[-79.907564,40.408667]},"properties":{"stop_id":"10964","name":"8TH AVE + MCCLURE","weekday_trips":113,"routes":["52L","53L","59","61C"]}},{"type":"Feature","geometry":{"type":"Point","coordinates":[-79.898828,40.409218]},"properties":{"stop_id":"10968","name":"8TH AVE + GRANT","weekday_trips":94,"routes":["52L","59","61C"]}},{"type":"Feature","geometry":{"type":"Point","coordinates":[-79.895468,40.408717]},"properties":{"stop_id":"10969","name":"8TH AVE + RAVINE","weekday_trips":94,"routes":["52L","59","61C"]}},{"type":"Feature","geometry":{"type":"Point","coordinates":[-79.880826,40.401454]},"properties":{"stop_id":"10975","name":"KENNYWOOD BLVD + MIFFLIN","weekday_trips":73,"routes":["61C","P7"]}},{"type":"Feature","geometry":{"type":"Point","coordinates":[-79.86932,40.390712]},"properties":{"stop_id":"10977","name":"KENNYWOOD BLVD + GLENN","weekday_trips":73,"routes":["61C","P7"]}},{"type":"Feature","geometry":{"type":"Point","coordinates":[-79.867993,40.389117]},"properties":{"stop_id":"10978","name":"KENNYWOOD BLVD + GLENCAIRN","weekday_trips":73,"routes":["61C","P7"]}},{"type":"Feature","geometry":{"type":"Point","coordinates":[-79.863085,40.385019]},"properties":{"stop_id":"10979","name":"KENNYWOOD BLVD + HOFFMAN","weekday_trips":73,"routes":["61C","P7"]}},{"type":"Feature","geometry":{"type":"Point","coordinates":[-79.857584,40.383]},"properties":{"stop_id":"10981","name":"DUQUESNE BLVD + COMMONWEALTH","weekday_trips":125,"routes":["59","61C","P7"]}},{"type":"Feature","geometry":{"type":"Point","coordinates":[-79.85666,40.382124]},"properties":{"stop_id":"10982","name":"DUQUESNE BLVD + FAIRMONT","weekday_trips":99,"routes":["59","61C","P7"]}},{"type":"Feature","geometry":{"type":"Point","coordinates":[-79.855409,40.380929]},"properties":{"stop_id":"10983","name":"DUQUESNE BLVD + OAKMONT","weekday_trips":99,"routes":["59","61C","P7"]}},{"type":"Feature","geometry":{"type":"Point","coordinates":[-79.854128,40.379702]},"properties":{"stop_id":"10984","name":"DUQUESNE BLVD + OVERLAND","weekday_trips":99,"routes":["59","61C","P7"]}},{"type":"Feature","geometry":{"type":"Point","coordinates":[-79.847059,40.37326]},"properties":{"stop_id":"10988","name":"2ND ST + GRANT","weekday_trips":87,"routes":["59","61C"]}},{"type":"Feature","geometry":{"type":"Point","coordinates":[-79.846542,40.371967]},"properties":{"stop_id":"10989","name":"2ND ST + KENNEDY FS","weekday_trips":61,"routes":["61C"]}},{"type":"Feature","geometry":{"type":"Point","coordinates":[-79.847932,40.352858]},"properties":{"stop_id":"10995","name":"LYSLE BLVD + 5TH","weekday_trips":144,"routes":["55","56","59","61C","P7"]}},{"type":"Feature","geometry":{"type":"Point","coordinates":[-79.873204,40.350139]},"properties":{"stop_id":"10999","name":"W 5TH AVE + REBECCA","weekday_trips":71,"routes":["55","56","59"]}},{"type":"Feature","geometry":{"type":"Point","coordinates":[-79.998804,40.441827]},"properties":{"stop_id":"11","name":"WOOD STREET STATION","weekday_trips":146,"routes":["BLUE","RED","SLVR"]}},{"type":"Feature","geometry":{"type":"Point","coordinates":[-80.009498,40.447859]},"properties":{"stop_id":"110","name":"NORTH SIDE STATION","weekday_trips":146,"routes":["BLUE","RED","SLVR"]}},{"type":"Feature","geometry":{"type":"Point","coordinates":[-79.876911,40.349015]},"properties":{"stop_id":"11001","name":"W 5TH AVE + PERRY","weekday_trips":71,"routes":["55","56","59"]}},{"type":"Feature","geometry":{"type":"Point","coordinates":[-79.880534,40.346864]},"properties":{"stop_id":"11003","name":"W 5TH AVE + RAMP #2","weekday_trips":71,"routes":["55","56","59"]}},{"type":"Feature","geometry":{"type":"Point","coordinates":[-79.891934,40.349037]},"properties":{"stop_id":"11005","name":"RICHLAND AVE + 3RD","weekday_trips":53,"routes":["56","59"]}},{"type":"Feature","geometry":{"type":"Point","coordinates":[-79.899839,40.355934]},"properties":{"stop_id":"11009","name":"LEBANON CHURCH RD + PGH-MCKEESPORT BLVD FS","weekday_trips":53,"routes":["56","59"]}},{"type":"Feature","geometry":{"type":"Point","coordinates":[-79.901525,40.353692]},"properties":{"stop_id":"11010","name":"LEBANON CHURCH RD + PLEASANT","weekday_trips":53,"routes":["56","59"]}},{"type":"Feature","geometry":{"type":"Point","coordinates":[-79.903528,40.352298]},"properties":{"stop_id":"11011","name":"LEBANON CHURCH RD + #4513","weekday_trips":53,"routes":["56","59"]}},{"type":"Feature","geometry":{"type":"Point","coordinates":[-79.906947,40.35237]},"properties":{"stop_id":"11013","name":"LEBANON CHURCH RD + WILSON","weekday_trips":53,"routes":["56","59"]}},{"type":"Feature","geometry":{"type":"Point","coordinates":[-79.912274,40.354259]},"properties":{"stop_id":"11015","name":"LEBANON CHURCH RD + POLK","weekday_trips":53,"routes":["56","59"]}},{"type":"Feature","geometry":{"type":"Point","coordinates":[-79.9135,40.354296]},"properties":{"stop_id":"11016","name":"LEBANON CHURCH RD + BUTTERMILK HOLLOW","weekday_trips":53,"routes":["56","59"]}},{"type":"Feature","geometry":{"type":"Point","coordinates":[-79.915251,40.353855]},"properties":{"stop_id":"11017","name":"LEBANON CHURCH RD + VINDALE RD FS","weekday_trips":45,"routes":["53L","59"]}},{"type":"Feature","geometry":{"type":"Point","coordinates":[-79.936855,40.347405]},"properties":{"stop_id":"11021","name":"OLD ELIZABETH RD + BLUEMONT DR","weekday_trips":36,"routes":["53L","55"]}},{"type":"Feature","geometry":{"type":"Point","coordinates":[-79.906967,40.408169]},"properties":{"stop_id":"11025","name":"MCCLURE ST + 9TH","weekday_trips":0,"routes":[]}},{"type":"Feature","geometry":{"type":"Point","coordinates":[-79.908436,40.407324]},"properties":{"stop_id":"11026","name":"9TH AVE + ANN","weekday_trips":19,"routes":["53L"]}},{"type":"Feature","geometry":{"type":"Point","coordinates":[-79.909984,40.406542]},"properties":{"stop_id":"11027","name":"9TH AVE + AMITY","weekday_trips":19,"routes":["53L"]}},{"type":"Feature","geometry":{"type":"Point","coordinates":[-79.909576,40.4058]},"properties":{"stop_id":"11028","name":"AMITY ST + 10TH","weekday_trips":19,"routes":["53L"]}},{"type":"Feature","geometry":{"type":"Point","coordinates":[-79.906926,40.40201]},"properties":{"stop_id":"11031","name":"WEST ST + 15TH","weekday_trips":19,"routes":["53L"]}},{"type":"Feature","geometry":{"type":"Point","coordinates":[-79.90571,40.400719]},"properties":{"stop_id":"11032","name":"WEST ST + 17TH","weekday_trips":19,"routes":["53L"]}},{"type":"Feature","geometry":{"type":"Point","coordinates":[-79.905137,40.40005]},"properties":{"stop_id":"11033","name":"WEST ST + 18TH","weekday_trips":19,"routes":["53L"]}},{"type":"Feature","geometry":{"type":"Point","coordinates":[-79.904375,40.399179]},"properties":{"stop_id":"11034","name":"WEST ST + MUNHALL BORO BLDG","weekday_trips":19,"routes":["53L"]}},{"type":"Feature","geometry":{"type":"Point","coordinates":[-79.903405,40.398052]},"properties":{"stop_id":"11035","name":"WEST ST + 21ST","weekday_trips":19,"routes":["53L"]}},{"type":"Feature","geometry":{"type":"Point","coordinates":[-79.901853,40.39772]},"properties":{"stop_id":"11036","name":"22ND AVE + MAIN","weekday_trips":19,"routes":["53L"]}},{"type":"Feature","geometry":{"type":"Point","coordinates":[-79.899682,40.395499]},"properties":{"stop_id":"11038","name":"MAIN ST + HOMESTEAD-DUQUESNE","weekday_trips":19,"routes":["53L"]}},{"type":"Feature","geometry":{"type":"Point","coordinates":[-79.900278,40.39323]},"properties":{"stop_id":"11039","name":"MAIN ST + EDNA","weekday_trips":19,"routes":["53L"]}},{"type":"Feature","geometry":{"type":"Point","coordinates":[-79.90049,40.39166]},"properties":{"stop_id":"11040","name":"MAIN ST + E JAMES","weekday_trips":19,"routes":["53L"]}},{"type":"Feature","geometry":{"type":"Point","coordinates":[-79.900966,40.389844]},"properties":{"stop_id":"11042","name":"MAIN ST + W OLIVER FS","weekday_trips":19,"routes":["53L"]}},{"type":"Feature","geometry":{"type":"Point","coordinates":[-79.901938,40.387988]},"properties":{"stop_id":"11043","name":"MAIN ST + MARION","weekday_trips":19,"routes":["53L"]}},{"type":"Feature","geometry":{"type":"Point","coordinates":[-79.902317,40.387359]},"properties":{"stop_id":"11044","name":"MAIN ST + MILLER","weekday_trips":19,"routes":["53L"]}},{"type":"Feature","geometry":{"type":"Point","coordinates":[-79.903013,40.385967]},"properties":{"stop_id":"11045","name":"MAIN ST + VIRGINIA","weekday_trips":19,"routes":["53L"]}},{"type":"Feature","geometry":{"type":"Point","coordinates":[-79.903382,40.385283]},"properties":{"stop_id":"11046","name":"MAIN ST + EMERSON","weekday_trips":19,"routes":["53L"]}},{"type":"Feature","geometry":{"type":"Point","coordinates":[-79.904454,40.383192]},"properties":{"stop_id":"11048","name":"MAIN ST + GRACE","weekday_trips":19,"routes":["53L"]}},{"type":"Feature","geometry":{"type":"Point","coordinates":[-79.906013,40.381678]},"properties":{"stop_id":"11049","name":"MAIN ST + CAMBRIA","weekday_trips":19,"routes":["53L"]}},{"type":"Feature","geometry":{"type":"Point","coordinates":[-79.906563,40.380903]},"properties":{"stop_id":"11050","name":"MAIN ST + W LEHIGH","weekday_trips":19,"routes":["53L"]}},{"type":"Feature","geometry":{"type":"Point","coordinates":[-79.907307,40.379611]},"properties":{"stop_id":"11051","name":"MAIN ST + LESLIE","weekday_trips":19,"routes":["53L"]}},{"type":"Feature","geometry":{"type":"Point","coordinates":[-79.908122,40.378549]},"properties":{"stop_id":"11052","name":"MAIN ST + N LEHIGH","weekday_trips":19,"routes":["53L"]}},{"type":"Feature","geometry":{"type":"Point","coordinates":[-79.909195,40.377145]},"properties":{"stop_id":"11053","name":"MAIN ST + WEST RUN (BRIERLY LANE)","weekday_trips":19,"routes":["53L"]}},{"type":"Feature","geometry":{"type":"Point","coordinates":[-79.910523,40.375433]},"properties":{"stop_id":"11054","name":"INTERBORO AVE + LINDBERG FS","weekday_trips":19,"routes":["53L"]}},{"type":"Feature","geometry":{"type":"Point","coordinates":[-79.911892,40.373828]},"properties":{"stop_id":"11055","name":"INTERBORO AVE + PLAPORT","weekday_trips":19,"routes":["53L"]}},{"type":"Feature","geometry":{"type":"Point","coordinates":[-79.912366,40.37222]},"properties":{"stop_id":"11056","name":"INTERBORO AVE + LEASIDE","weekday_trips":19,"routes":["53L"]}},{"type":"Feature","geometry":{"type":"Point","coordinates":[-79.912954,40.369951]},"properties":{"stop_id":"11057","name":"INTERBORO AVE + MIFFLIN","weekday_trips":19,"routes":["53L"]}},{"type":"Feature","geometry":{"type":"Point","coordinates":[-79.928993,40.419731]},"properties":{"stop_id":"11065","name":"HAZELWOOD AVE + GREENFIELD AVE","weekday_trips":30,"routes":["93"]}},{"type":"Feature","geometry":{"type":"Point","coordinates":[-79.931631,40.423521]},"properties":{"stop_id":"11068","name":"GREENFIELD AVE + DELEVAN","weekday_trips":20,"routes":["58"]}},{"type":"Feature","geometry":{"type":"Point","coordinates":[-79.935158,40.424362]},"properties":{"stop_id":"11071","name":"GREENFIELD AVE + GRAPHIC","weekday_trips":20,"routes":["58"]}},{"type":"Feature","geometry":{"type":"Point","coordinates":[-79.936081,40.424297]},"properties":{"stop_id":"11072","name":"GREENFIELD AVE + MCCASLIN","weekday_trips":20,"routes":["58"]}},{"type":"Feature","geometry":{"type":"Point","coordinates":[-79.937667,40.424559]},"properties":{"stop_id":"11073","name":"GREENFIELD AVE + CITY STEPS","weekday_trips":20,"routes":["58"]}},{"type":"Feature","geometry":{"type":"Point","coordinates":[-79.959414,40.437051]},"properties":{"stop_id":"11075","name":"HALKET ST + LOUISA ST","weekday_trips":20,"routes":["58"]}},{"type":"Feature","geometry":{"type":"Point","coordinates":[-79.961113,40.438406]},"properties":{"stop_id":"11076","name":"HALKET ST + FORBES","weekday_trips":20,"routes":["58"]}},{"type":"Feature","geometry":{"type":"Point","coordinates":[-79.923017,40.438273]},"properties":{"stop_id":"11077","name":"MURRAY AVE + FORBES","weekday_trips":25,"routes":["74"]}},{"type":"Feature","geometry":{"type":"Point","coordinates":[-79.919523,40.440182]},"properties":{"stop_id":"11078","name":"SHADY AVE + AYLESBORO","weekday_trips":36,"routes":["64"]}},{"type":"Feature","geometry":{"type":"Point","coordinates":[-79.919804,40.441695]},"properties":{"stop_id":"11079","name":"SHADY AVE + NORTHUMBERLAND","weekday_trips":36,"routes":["64"]}},{"type":"Feature","geometry":{"type":"Point","coordinates":[-79.920096,40.442656]},"properties":{"stop_id":"11080","name":"SHADY AVE + SOLWAY","weekday_trips":36,"routes":["64"]}},{"type":"Feature","geometry":{"type":"Point","coordinates":[-79.920424,40.443756]},"properties":{"stop_id":"11081","name":"SHADY AVE + WILKINS","weekday_trips":36,"routes":["64"]}},{"type":"Feature","geometry":{"type":"Point","coordinates":[-79.920974,40.44557]},"properties":{"stop_id":"11082","name":"SHADY AVE + HASTINGS","weekday_trips":36,"routes":["64"]}},{"type":"Feature","geometry":{"type":"Point","coordinates":[-79.921234,40.448456]},"properties":{"stop_id":"11083","name":"SHADY AVE + BRAEBURN","weekday_trips":36,"routes":["64"]}},{"type":"Feature","geometry":{"type":"Point","coordinates":[-79.920672,40.449823]},"properties":{"stop_id":"11084","name":"SHADY AVE + HIGHMONT","weekday_trips":36,"routes":["64"]}},{"type":"Feature","geometry":{"type":"Point","coordinates":[-79.933304,40.456074]},"properties":{"stop_id":"11088","name":"NEGLEY AVE + E BUSWAY STEPS","weekday_trips":36,"routes":["64"]}},{"type":"Feature","geometry":{"type":"Point","coordinates":[-79.9271,40.461603]},"properties":{"stop_id":"11092","name":"S. BEATTY ST + PENN NS","weekday_trips":134,"routes":["74","82","86","89"]}},{"type":"Feature","geometry":{"type":"Point","coordinates":[-79.920763,40.449905]},"properties":{"stop_id":"11098","name":"SHADY AVE + HIGHMONT","weekday_trips":36,"routes":["64"]}},{"type":"Feature","geometry":{"type":"Point","coordinates":[-79.921531,40.448005]},"properties":{"stop_id":"11099","name":"SHADY AVE + DEVERAUX","weekday_trips":36,"routes":["64"]}},{"type":"Feature","geometry":{"type":"Point","coordinates":[-80.003978,40.44142]},"properties":{"stop_id":"111","name":"GATEWAY STATION","weekday_trips":146,"routes":["BLUE","RED","SLVR"]}},{"type":"Feature","geometry":{"type":"Point","coordinates":[-79.921162,40.445796]},"properties":{"stop_id":"11100","name":"SHADY AVE + HASTINGS","weekday_trips":36,"routes":["64"]}},{"type":"Feature","geometry":{"type":"Point","coordinates":[-79.920635,40.444057]},"properties":{"stop_id":"11101","name":"SHADY AVE + WILKINS","weekday_trips":36,"routes":["64"]}},{"type":"Feature","geometry":{"type":"Point","coordinates":[-79.892995,40.405958]},"properties":{"stop_id":"11102","name":"WHITAKER WAY + HIGHWOOD","weekday_trips":33,"routes":["52L","59"]}},{"type":"Feature","geometry":{"type":"Point","coordinates":[-79.890361,40.403488]},"properties":{"stop_id":"11103","name":"WHITAKER WAY + LARKSPUR ST","weekday_trips":33,"routes":["52L","59"]}},{"type":"Feature","geometry":{"type":"Point","coordinates":[-79.888633,40.401897]},"properties":{"stop_id":"11105","name":"WHITAKER WAY + SCHWAB","weekday_trips":33,"routes":["52L","59"]}},{"type":"Feature","geometry":{"type":"Point","coordinates":[-79.886933,40.400207]},"properties":{"stop_id":"11106","name":"WHITAKER WAY + OAK","weekday_trips":33,"routes":["52L","59"]}},{"type":"Feature","geometry":{"type":"Point","coordinates":[-79.886239,40.399522]},"properties":{"stop_id":"11107","name":"WHITAKER WAY + GRANT","weekday_trips":33,"routes":["52L","59"]}},{"type":"Feature","geometry":{"type":"Point","coordinates":[-79.885486,40.398767]},"properties":{"stop_id":"11108","name":"WHITAKER WAY + MIFFLIN","weekday_trips":33,"routes":["52L","59"]}},{"type":"Feature","geometry":{"type":"Point","coordinates":[-79.884526,40.398054]},"properties":{"stop_id":"11109","name":"MIDWAY DR + WHITAKER FS","weekday_trips":52,"routes":["59"]}},{"type":"Feature","geometry":{"type":"Point","coordinates":[-79.882713,40.397286]},"properties":{"stop_id":"11110","name":"MIDWAY DR + #18C","weekday_trips":52,"routes":["59"]}},{"type":"Feature","geometry":{"type":"Point","coordinates":[-79.8808,40.397647]},"properties":{"stop_id":"11111","name":"MIDWAY DR + #24","weekday_trips":52,"routes":["59"]}},{"type":"Feature","geometry":{"type":"Point","coordinates":[-79.883239,40.397606]},"properties":{"stop_id":"11114","name":"MIDWAY DR + #4A","weekday_trips":52,"routes":["59"]}},{"type":"Feature","geometry":{"type":"Point","coordinates":[-79.884419,40.398099]},"properties":{"stop_id":"11115","name":"MIDWAY DR + #1F","weekday_trips":52,"routes":["59"]}},{"type":"Feature","geometry":{"type":"Point","coordinates":[-79.885425,40.398801]},"properties":{"stop_id":"11116","name":"WHITAKER ST + MIFFLIN F S","weekday_trips":26,"routes":["59"]}},{"type":"Feature","geometry":{"type":"Point","coordinates":[-79.886088,40.399459]},"properties":{"stop_id":"11117","name":"WHITAKER ST + GRANT","weekday_trips":34,"routes":["52L","59"]}},{"type":"Feature","geometry":{"type":"Point","coordinates":[-79.886927,40.40029]},"properties":{"stop_id":"11118","name":"WHITAKER ST + OAK ST","weekday_trips":34,"routes":["52L","59"]}},{"type":"Feature","geometry":{"type":"Point","coordinates":[-79.888273,40.401642]},"properties":{"stop_id":"11119","name":"WHITAKER WAY + SCHWAB","weekday_trips":34,"routes":["52L","59"]}},{"type":"Feature","geometry":{"type":"Point","coordinates":[-79.890045,40.403261]},"properties":{"stop_id":"11121","name":"WHITAKER WAY + LARKSPUR","weekday_trips":34,"routes":["52L","59"]}},{"type":"Feature","geometry":{"type":"Point","coordinates":[-79.892801,40.405989]},"properties":{"stop_id":"11123","name":"WHITAKER WAY + HIGHWOOD","weekday_trips":34,"routes":["52L","59"]}},{"type":"Feature","geometry":{"type":"Point","coordinates":[-80.002514,40.441797]},"properties":{"stop_id":"11186","name":"LIBERTY AVE + FIFTH AVE","weekday_trips":246,"routes":["28X","29","31","65","67","69","77","G3","G31","P10","P17","P69","P7","P76","P78"]}},{"type":"Feature","geometry":{"type":"Point","coordinates":[-80.011827,40.416466]},"properties":{"stop_id":"112","name":"PALM GARDEN","weekday_trips":62,"routes":["RED"]}},{"type":"Feature","geometry":{"type":"Point","coordinates":[-79.992013,40.519872]},"properties":{"stop_id":"1120","name":"THOMPSON RUN RD + #218","weekday_trips":3,"routes":["O5"]}},{"type":"Feature","geometry":{"type":"Point","coordinates":[-79.992734,40.518541]},"properties":{"stop_id":"1121","name":"THOMPSON RUN RD + WOODBRIDGE APTS","weekday_trips":3,"routes":["O5"]}},{"type":"Feature","geometry":{"type":"Point","coordinates":[-80.003312,40.431895]},"properties":{"stop_id":"11216","name":"E CARSON ST + STATION SQUARE STATION","weekday_trips":344,"routes":["39","40","41","43","44","48","51","51L","Y1","Y45","Y46","Y47","Y49"]}},{"type":"Feature","geometry":{"type":"Point","coordinates":[-79.993752,40.517302]},"properties":{"stop_id":"1122","name":"THOMPSON RUN RD + RADCLIFFE","weekday_trips":3,"routes":["O5"]}},{"type":"Feature","geometry":{"type":"Point","coordinates":[-79.9937,40.511454]},"properties":{"stop_id":"1123","name":"THOMPSON RUN RD + EVERGREEN","weekday_trips":3,"routes":["O5"]}},{"type":"Feature","geometry":{"type":"Point","coordinates":[-79.99662,40.442791]},"properties":{"stop_id":"1125","name":"SEVENTH AVE + SMITHFIELD ST","weekday_trips":127,"routes":["19L","28X","65","67","69","77"]}},{"type":"Feature","geometry":{"type":"Point","coordinates":[-80.011822,40.416126]},"properties":{"stop_id":"113","name":"PALM GARDEN","weekday_trips":62,"routes":["RED"]}},{"type":"Feature","geometry":{"type":"Point","coordinates":[-79.971754,40.490466]},"properties":{"stop_id":"1135","name":"EVERGREEN RD + FRANKLIN","weekday_trips":18,"routes":["2"]}},{"type":"Feature","geometry":{"type":"Point","coordinates":[-79.972206,40.489246]},"properties":{"stop_id":"1136","name":"EVERGREEN RD + EMMA","weekday_trips":18,"routes":["2"]}},{"type":"Feature","geometry":{"type":"Point","coordinates":[-79.972687,40.488068]},"properties":{"stop_id":"1137","name":"EVERGREEN RD + FREDERICK","weekday_trips":18,"routes":["2"]}},{"type":"Feature","geometry":{"type":"Point","coordinates":[-79.976412,40.387624]},"properties":{"stop_id":"11373","name":"SPENCER AVE + BEAU","weekday_trips":22,"routes":["44"]}},{"type":"Feature","geometry":{"type":"Point","coordinates":[-79.97271,40.487221]},"properties":{"stop_id":"1138","name":"EVERGREEN RD + JOHN","weekday_trips":18,"routes":["2"]}},{"type":"Feature","geometry":{"type":"Point","coordinates":[-79.990186,40.434554]},"properties":{"stop_id":"11404","name":"SECOND AVE +S 10TH ST BRIDGE FS","weekday_trips":70,"routes":["56","57","58"]}},{"type":"Feature","geometry":{"type":"Point","coordinates":[-79.971319,40.385744]},"properties":{"stop_id":"11425","name":"CHURCHVIEW AVE + WILLETT","weekday_trips":22,"routes":["44"]}},{"type":"Feature","geometry":{"type":"Point","coordinates":[-79.990082,40.434467]},"properties":{"stop_id":"11449","name":"SECOND AVE +S 10TH ST BRIDGE","weekday_trips":96,"routes":["52L","53L","56","57","58"]}},{"type":"Feature","geometry":{"type":"Point","coordinates":[-79.960979,40.467598]},"properties":{"stop_id":"1149","name":"40TH ST + DAVIDSON","weekday_trips":66,"routes":["64","93"]}},{"type":"Feature","geometry":{"type":"Point","coordinates":[-79.955463,40.465573]},"properties":{"stop_id":"1150","name":"PENN AVE + MAIN ST","weekday_trips":128,"routes":["54","64","88","93"]}},{"type":"Feature","geometry":{"type":"Point","coordinates":[-79.953484,40.46434]},"properties":{"stop_id":"1151","name":"MAIN ST + HOWLEY","weekday_trips":57,"routes":["54","93"]}},{"type":"Feature","geometry":{"type":"Point","coordinates":[-79.951974,40.463154]},"properties":{"stop_id":"1152","name":"LIBERTY AVE + ELLA","weekday_trips":89,"routes":["54","86"]}},{"type":"Feature","geometry":{"type":"Point","coordinates":[-79.949989,40.462109]},"properties":{"stop_id":"1153","name":"LIBERTY AVE + PEARL","weekday_trips":89,"routes":["54","86"]}},{"type":"Feature","geometry":{"type":"Point","coordinates":[-79.948164,40.461119]},"properties":{"stop_id":"1154","name":"LIBERTY AVE + EDMOND","weekday_trips":89,"routes":["54","86"]}},{"type":"Feature","geometry":{"type":"Point","coordinates":[-79.976336,40.385387]},"properties":{"stop_id":"11548","name":"CHURCHVIEW AVE + SANKEY AVE","weekday_trips":22,"routes":["44"]}},{"type":"Feature","geometry":{"type":"Point","coordinates":[-79.946124,40.460035]},"properties":{"stop_id":"1155","name":"LIBERTY AVE + MILLVALE AVE ( WEST PENN HOSP)","weekday_trips":89,"routes":["54","86"]}},{"type":"Feature","geometry":{"type":"Point","coordinates":[-79.94402,40.458904]},"properties":{"stop_id":"1156","name":"LIBERTY AVE + WINEBIDDLE","weekday_trips":71,"routes":["64","86"]}},{"type":"Feature","geometry":{"type":"Point","coordinates":[-79.941013,40.457293]},"properties":{"stop_id":"1158","name":"LIBERTY AVE + PACIFIC","weekday_trips":71,"routes":["64","86"]}},{"type":"Feature","geometry":{"type":"Point","coordinates":[-79.979195,40.413538]},"properties":{"stop_id":"11583","name":"ST JOSEPH ST + COMO (STEPS)","weekday_trips":22,"routes":["44"]}},{"type":"Feature","geometry":{"type":"Point","coordinates":[-79.987484,40.413325]},"properties":{"stop_id":"11588","name":"ST JOSEPH ST + HAYS","weekday_trips":22,"routes":["44"]}},{"type":"Feature","geometry":{"type":"Point","coordinates":[-79.939926,40.456711]},"properties":{"stop_id":"1159","name":"LIBERTY AVE + BAUM","weekday_trips":71,"routes":["64","86"]}},{"type":"Feature","geometry":{"type":"Point","coordinates":[-79.977276,40.411581]},"properties":{"stop_id":"11615","name":"MOUNTAIN ST + FISHER","weekday_trips":20,"routes":["44"]}},{"type":"Feature","geometry":{"type":"Point","coordinates":[-79.912825,40.370143]},"properties":{"stop_id":"11622","name":"INTERBORO AVE + LEASIDE #1 (MIFFLIN)","weekday_trips":19,"routes":["53L"]}},{"type":"Feature","geometry":{"type":"Point","coordinates":[-79.912347,40.371988]},"properties":{"stop_id":"11623","name":"INTERBORO AVE + LEASIDE #2","weekday_trips":19,"routes":["53L"]}},{"type":"Feature","geometry":{"type":"Point","coordinates":[-79.911865,40.373761]},"properties":{"stop_id":"11624","name":"INTERBORO AVE + PLAPORT","weekday_trips":19,"routes":["53L"]}},{"type":"Feature","geometry":{"type":"Point","coordinates":[-79.910482,40.375316]},"properties":{"stop_id":"11625","name":"INTERBORO AVE + LINDBERG","weekday_trips":19,"routes":["53L"]}},{"type":"Feature","geometry":{"type":"Point","coordinates":[-79.909381,40.376779]},"properties":{"stop_id":"11626","name":"INTERBORO AVE + BRIERLY","weekday_trips":19,"routes":["53L"]}},{"type":"Feature","geometry":{"type":"Point","coordinates":[-79.908152,40.378392]},"properties":{"stop_id":"11627","name":"MAIN ST + ELIZABETH","weekday_trips":19,"routes":["53L"]}},{"type":"Feature","geometry":{"type":"Point","coordinates":[-79.907338,40.379465]},"properties":{"stop_id":"11628","name":"MAIN ST + LESLIE","weekday_trips":19,"routes":["53L"]}},{"type":"Feature","geometry":{"type":"Point","coordinates":[-79.906578,40.380721]},"properties":{"stop_id":"11629","name":"MAIN ST + FULTON","weekday_trips":19,"routes":["53L"]}},{"type":"Feature","geometry":{"type":"Point","coordinates":[-79.905549,40.38174]},"properties":{"stop_id":"11630","name":"MAIN ST + #4117","weekday_trips":19,"routes":["53L"]}},{"type":"Feature","geometry":{"type":"Point","coordinates":[-79.904513,40.382926]},"properties":{"stop_id":"11631","name":"MAIN ST + CAROLINE","weekday_trips":19,"routes":["53L"]}},{"type":"Feature","geometry":{"type":"Point","coordinates":[-79.90374,40.384388]},"properties":{"stop_id":"11632","name":"MAIN ST + BOTSFORD","weekday_trips":19,"routes":["53L"]}},{"type":"Feature","geometry":{"type":"Point","coordinates":[-79.903038,40.385783]},"properties":{"stop_id":"11633","name":"MAIN ST + VIRGINIA","weekday_trips":19,"routes":["53L"]}},{"type":"Feature","geometry":{"type":"Point","coordinates":[-79.902309,40.387162]},"properties":{"stop_id":"11634","name":"MAIN ST + MILLER","weekday_trips":19,"routes":["53L"]}},{"type":"Feature","geometry":{"type":"Point","coordinates":[-79.901769,40.388131]},"properties":{"stop_id":"11635","name":"MAIN ST + MARION","weekday_trips":19,"routes":["53L"]}},{"type":"Feature","geometry":{"type":"Point","coordinates":[-79.90045,40.391523]},"properties":{"stop_id":"11638","name":"MAIN ST + E JAMES","weekday_trips":19,"routes":["53L"]}},{"type":"Feature","geometry":{"type":"Point","coordinates":[-79.900231,40.392385]},"properties":{"stop_id":"11639","name":"MAIN ST + LEA","weekday_trips":19,"routes":["53L"]}},{"type":"Feature","geometry":{"type":"Point","coordinates":[-79.900197,40.393238]},"properties":{"stop_id":"11640","name":"MAIN ST + EDNA","weekday_trips":19,"routes":["53L"]}},{"type":"Feature","geometry":{"type":"Point","coordinates":[-79.899575,40.395423]},"properties":{"stop_id":"11641","name":"MAIN ST + HOMESTEAD DUQUESNE","weekday_trips":19,"routes":["53L"]}},{"type":"Feature","geometry":{"type":"Point","coordinates":[-79.903184,40.397946]},"properties":{"stop_id":"11644","name":"WEST ST + 21ST","weekday_trips":19,"routes":["53L"]}},{"type":"Feature","geometry":{"type":"Point","coordinates":[-79.904276,40.39921]},"properties":{"stop_id":"11645","name":"WEST ST + MUNHALL BORO BLDG","weekday_trips":19,"routes":["53L"]}},{"type":"Feature","geometry":{"type":"Point","coordinates":[-79.90497,40.400013]},"properties":{"stop_id":"11646","name":"WEST ST + 18TH","weekday_trips":19,"routes":["53L"]}},{"type":"Feature","geometry":{"type":"Point","coordinates":[-79.906677,40.401932]},"properties":{"stop_id":"11648","name":"WEST ST + 15TH","weekday_trips":19,"routes":["53L"]}},{"type":"Feature","geometry":{"type":"Point","coordinates":[-79.908101,40.402992]},"properties":{"stop_id":"11649","name":"WEST ST + 13TH","weekday_trips":19,"routes":["53L"]}},{"type":"Feature","geometry":{"type":"Point","coordinates":[-79.936896,40.447892]},"properties":{"stop_id":"1165","name":"FIFTH AVE + WILKINS","weekday_trips":160,"routes":["28X","71B","71D"]}},{"type":"Feature","geometry":{"type":"Point","coordinates":[-79.909335,40.405702]},"properties":{"stop_id":"11651","name":"AMITY ST + 10TH AVE","weekday_trips":19,"routes":["53L"]}},{"type":"Feature","geometry":{"type":"Point","coordinates":[-79.908138,40.406402]},"properties":{"stop_id":"11652","name":"10TH AVE + ANN","weekday_trips":19,"routes":["53L"]}},{"type":"Feature","geometry":{"type":"Point","coordinates":[-79.909144,40.407779]},"properties":{"stop_id":"11653","name":"ANN ST + 8TH","weekday_trips":19,"routes":["53L"]}},{"type":"Feature","geometry":{"type":"Point","coordinates":[-79.927419,40.42086]},"properties":{"stop_id":"11654","name":"BEECHWOOD BLVD + FEDERAL HILL","weekday_trips":27,"routes":["52L","53L"]}},{"type":"Feature","geometry":{"type":"Point","coordinates":[-79.927556,40.422914]},"properties":{"stop_id":"11656","name":"BEECHWOOD BLVD + LILAC","weekday_trips":27,"routes":["52L","53L"]}},{"type":"Feature","geometry":{"type":"Point","coordinates":[-79.93104,40.428465]},"properties":{"stop_id":"11659","name":"BEECHWOOD BLVD + PARKWAY ENTRANCE","weekday_trips":27,"routes":["52L","53L"]}},{"type":"Feature","geometry":{"type":"Point","coordinates":[-79.938742,40.447758]},"properties":{"stop_id":"1166","name":"FIFTH AVE + AMBERSON","weekday_trips":160,"routes":["28X","71B","71D"]}},{"type":"Feature","geometry":{"type":"Point","coordinates":[-79.92728,40.419752]},"properties":{"stop_id":"11665","name":"BEECHWOOD BLVD + HAZELWOOD","weekday_trips":26,"routes":["52L","53L"]}},{"type":"Feature","geometry":{"type":"Point","coordinates":[-79.908461,40.403157]},"properties":{"stop_id":"11667","name":"WEST ST + 13TH","weekday_trips":19,"routes":["53L"]}},{"type":"Feature","geometry":{"type":"Point","coordinates":[-79.900289,40.392564]},"properties":{"stop_id":"11668","name":"MAIN ST + MARHAM","weekday_trips":19,"routes":["53L"]}},{"type":"Feature","geometry":{"type":"Point","coordinates":[-79.99975,40.438785]},"properties":{"stop_id":"11669","name":"FOURTH AVE + SMITHFIELD","weekday_trips":96,"routes":["52L","53L","56","57","58"]}},{"type":"Feature","geometry":{"type":"Point","coordinates":[-79.942284,40.447476]},"properties":{"stop_id":"1167","name":"FIFTH AVE + MOREWOOD AVE","weekday_trips":122,"routes":["71B","71D"]}},{"type":"Feature","geometry":{"type":"Point","coordinates":[-79.849411,40.372631]},"properties":{"stop_id":"11677","name":"GRANT AVE + 4TH FS","weekday_trips":34,"routes":["52L","59"]}},{"type":"Feature","geometry":{"type":"Point","coordinates":[-79.850983,40.372266]},"properties":{"stop_id":"11679","name":"GRANT AVE + 6TH","weekday_trips":8,"routes":["52L"]}},{"type":"Feature","geometry":{"type":"Point","coordinates":[-79.854475,40.368893]},"properties":{"stop_id":"11684","name":"KENNEDY AVE + WILMOT","weekday_trips":34,"routes":["52L","59"]}},{"type":"Feature","geometry":{"type":"Point","coordinates":[-79.855851,40.367585]},"properties":{"stop_id":"11685","name":"KENNEDY AVE + PETER","weekday_trips":34,"routes":["52L","59"]}},{"type":"Feature","geometry":{"type":"Point","coordinates":[-79.857698,40.366181]},"properties":{"stop_id":"11686","name":"KENNEDY AVE + MIFFLIN","weekday_trips":34,"routes":["52L","59"]}},{"type":"Feature","geometry":{"type":"Point","coordinates":[-79.858977,40.365741]},"properties":{"stop_id":"11687","name":"TEXAS AVE + MELLON","weekday_trips":34,"routes":["52L","59"]}},{"type":"Feature","geometry":{"type":"Point","coordinates":[-79.859229,40.364842]},"properties":{"stop_id":"11688","name":"MELLON ST + MAINE","weekday_trips":34,"routes":["52L","59"]}},{"type":"Feature","geometry":{"type":"Point","coordinates":[-79.859099,40.363952]},"properties":{"stop_id":"11689","name":"MELLON ST + VERMONT","weekday_trips":34,"routes":["52L","59"]}},{"type":"Feature","geometry":{"type":"Point","coordinates":[-79.947174,40.447121]},"properties":{"stop_id":"1169","name":"FIFTH AVE + NEVILLE ST","weekday_trips":122,"routes":["71B","71D"]}},{"type":"Feature","geometry":{"type":"Point","coordinates":[-79.858827,40.362187]},"properties":{"stop_id":"11691","name":"MELLON ST + PENNSYLVANIA","weekday_trips":34,"routes":["52L","59"]}},{"type":"Feature","geometry":{"type":"Point","coordinates":[-79.86143,40.362125]},"properties":{"stop_id":"11692","name":"PENNSYLVANIA AVE + TAFT","weekday_trips":8,"routes":["52L"]}},{"type":"Feature","geometry":{"type":"Point","coordinates":[-79.866598,40.362111]},"properties":{"stop_id":"11694","name":"PENNSYLVANIA AVE + VERMONT","weekday_trips":8,"routes":["52L"]}},{"type":"Feature","geometry":{"type":"Point","coordinates":[-79.867918,40.361812]},"properties":{"stop_id":"11695","name":"PENNSYLVANIA AVE + CONLIN","weekday_trips":8,"routes":["52L"]}},{"type":"Feature","geometry":{"type":"Point","coordinates":[-79.869366,40.362225]},"properties":{"stop_id":"11696","name":"CONLIN ST + CAROLINA","weekday_trips":8,"routes":["52L"]}},{"type":"Feature","geometry":{"type":"Point","coordinates":[-79.948816,40.447054]},"properties":{"stop_id":"1170","name":"FIFTH AVE + CRAIG","weekday_trips":215,"routes":["71B","71D","75","P3"]}},{"type":"Feature","geometry":{"type":"Point","coordinates":[-79.875446,40.376823]},"properties":{"stop_id":"11703","name":"HOMEVILLE RD OPP CASTLE DR","weekday_trips":8,"routes":["52L"]}},{"type":"Feature","geometry":{"type":"Point","coordinates":[-79.877237,40.381288]},"properties":{"stop_id":"11705","name":"HOMEVILLE RD OPP CASTLE DR (USPS)","weekday_trips":8,"routes":["52L"]}},{"type":"Feature","geometry":{"type":"Point","coordinates":[-79.877766,40.3827]},"properties":{"stop_id":"11706","name":"HOMEVILLE RD + COMMONWEALTH","weekday_trips":8,"routes":["52L"]}},{"type":"Feature","geometry":{"type":"Point","coordinates":[-79.87843,40.384098]},"properties":{"stop_id":"11707","name":"GREENSPRINGS AVE + MUNICIPAL BUILDING","weekday_trips":8,"routes":["52L"]}},{"type":"Feature","geometry":{"type":"Point","coordinates":[-79.880054,40.385798]},"properties":{"stop_id":"11709","name":"GREENSPRINGS AVE + ROBERTA","weekday_trips":8,"routes":["52L"]}},{"type":"Feature","geometry":{"type":"Point","coordinates":[-79.951709,40.446708]},"properties":{"stop_id":"1171","name":"FIFTH AVE + BELLEFIELD","weekday_trips":424,"routes":["54","71A","71B","71C","71D","75","93","P3"]}},{"type":"Feature","geometry":{"type":"Point","coordinates":[-79.880609,40.387095]},"properties":{"stop_id":"11710","name":"GREENSPRINGS AVE + HAZEL","weekday_trips":8,"routes":["52L"]}},{"type":"Feature","geometry":{"type":"Point","coordinates":[-79.882385,40.390627]},"properties":{"stop_id":"11713","name":"GREENSPRINGS AVE + CHURCH","weekday_trips":8,"routes":["52L"]}},{"type":"Feature","geometry":{"type":"Point","coordinates":[-79.883479,40.391476]},"properties":{"stop_id":"11714","name":"GREENSPRINGS AVE + SPRING","weekday_trips":8,"routes":["52L"]}},{"type":"Feature","geometry":{"type":"Point","coordinates":[-79.884638,40.391844]},"properties":{"stop_id":"11715","name":"GREENSPRINGS AVE + BOROUGH PARKING LOT","weekday_trips":8,"routes":["52L"]}},{"type":"Feature","geometry":{"type":"Point","coordinates":[-79.886031,40.393009]},"properties":{"stop_id":"11716","name":"GREENSPRINGS AVE + CYPRESS","weekday_trips":8,"routes":["52L"]}},{"type":"Feature","geometry":{"type":"Point","coordinates":[-79.951784,40.446349]},"properties":{"stop_id":"1173","name":"BELLEFIELD AVE + FIFTH AVE","weekday_trips":447,"routes":["54","58","71A","71B","71C","71D","75","93","P3"]}},{"type":"Feature","geometry":{"type":"Point","coordinates":[-79.949606,40.446805]},"properties":{"stop_id":"1174","name":"FIFTH AVE + CRAIG ST NS","weekday_trips":237,"routes":["58","71B","71D","75","P3"]}},{"type":"Feature","geometry":{"type":"Point","coordinates":[-79.884732,40.39186]},"properties":{"stop_id":"11744","name":"GREENSPRINGS AVE + DUQUESNE","weekday_trips":7,"routes":["52L"]}},{"type":"Feature","geometry":{"type":"Point","coordinates":[-79.882556,40.390715]},"properties":{"stop_id":"11746","name":"GREENSPRINGS AVE + CHURCH FS","weekday_trips":7,"routes":["52L"]}},{"type":"Feature","geometry":{"type":"Point","coordinates":[-79.880724,40.387215]},"properties":{"stop_id":"11749","name":"GREENSPRINGS AVE + HAZEL","weekday_trips":7,"routes":["52L"]}},{"type":"Feature","geometry":{"type":"Point","coordinates":[-79.947427,40.447024]},"properties":{"stop_id":"1175","name":"FIFTH AVE + NEVILLE ST","weekday_trips":144,"routes":["58","71B","71D"]}},{"type":"Feature","geometry":{"type":"Point","coordinates":[-79.880322,40.386039]},"properties":{"stop_id":"11750","name":"GREENSPRINGS AVE + ROBERTA","weekday_trips":7,"routes":["52L"]}},{"type":"Feature","geometry":{"type":"Point","coordinates":[-79.878252,40.383543]},"properties":{"stop_id":"11752","name":"GREENSPRINGS AVE + EASTMAN","weekday_trips":7,"routes":["52L"]}},{"type":"Feature","geometry":{"type":"Point","coordinates":[-79.877411,40.381464]},"properties":{"stop_id":"11754","name":"HOMEVILLE RD + CASTLE DR (OPP USPS)","weekday_trips":7,"routes":["52L"]}},{"type":"Feature","geometry":{"type":"Point","coordinates":[-79.87554,40.376822]},"properties":{"stop_id":"11756","name":"HOMEVILLE RD + CASTLE DR","weekday_trips":7,"routes":["52L"]}},{"type":"Feature","geometry":{"type":"Point","coordinates":[-79.873863,40.373795]},"properties":{"stop_id":"11757","name":"HOMEVILLE RD + MUNICIPAL","weekday_trips":7,"routes":["52L"]}},{"type":"Feature","geometry":{"type":"Point","coordinates":[-79.944955,40.447201]},"properties":{"stop_id":"1176","name":"FIFTH AVE + CLYDE ST","weekday_trips":144,"routes":["58","71B","71D"]}},{"type":"Feature","geometry":{"type":"Point","coordinates":[-79.870699,40.362866]},"properties":{"stop_id":"11762","name":"WORTON BLVD + CONLIN","weekday_trips":7,"routes":["52L"]}},{"type":"Feature","geometry":{"type":"Point","coordinates":[-79.869421,40.362188]},"properties":{"stop_id":"11763","name":"CONLIN ST + CAROLINA","weekday_trips":7,"routes":["52L"]}},{"type":"Feature","geometry":{"type":"Point","coordinates":[-79.868114,40.361741]},"properties":{"stop_id":"11764","name":"CONLIN ST + PENNSYLVANIA","weekday_trips":7,"routes":["52L"]}},{"type":"Feature","geometry":{"type":"Point","coordinates":[-79.866962,40.362059]},"properties":{"stop_id":"11765","name":"PENNSYLVANIA AVE + VERMONT","weekday_trips":7,"routes":["52L"]}},{"type":"Feature","geometry":{"type":"Point","coordinates":[-79.861667,40.362072]},"properties":{"stop_id":"11767","name":"PENNSYLVANIA AVE + TAFT","weekday_trips":7,"routes":["52L"]}},{"type":"Feature","geometry":{"type":"Point","coordinates":[-79.858867,40.36207]},"properties":{"stop_id":"11768","name":"PENNSYLVANIA AVE + MELLON","weekday_trips":7,"routes":["52L"]}},{"type":"Feature","geometry":{"type":"Point","coordinates":[-79.858884,40.363036]},"properties":{"stop_id":"11769","name":"MELLON ST + HIGHLAND","weekday_trips":33,"routes":["52L","59"]}},{"type":"Feature","geometry":{"type":"Point","coordinates":[-79.942604,40.447365]},"properties":{"stop_id":"1177","name":"FIFTH AVE + MOREWOOD AVE","weekday_trips":144,"routes":["58","71B","71D"]}},{"type":"Feature","geometry":{"type":"Point","coordinates":[-79.859021,40.363929]},"properties":{"stop_id":"11770","name":"MELLON ST + VERMONT","weekday_trips":33,"routes":["52L","59"]}},{"type":"Feature","geometry":{"type":"Point","coordinates":[-79.859149,40.364821]},"properties":{"stop_id":"11771","name":"MELLON ST + MAINE","weekday_trips":33,"routes":["52L","59"]}},{"type":"Feature","geometry":{"type":"Point","coordinates":[-79.859248,40.365537]},"properties":{"stop_id":"11772","name":"MELLON ST + TEXAS","weekday_trips":33,"routes":["52L","59"]}},{"type":"Feature","geometry":{"type":"Point","coordinates":[-79.857264,40.366429]},"properties":{"stop_id":"11774","name":"KENNEDY AVE + DELL","weekday_trips":33,"routes":["52L","59"]}},{"type":"Feature","geometry":{"type":"Point","coordinates":[-79.855902,40.367463]},"properties":{"stop_id":"11775","name":"KENNEDY AVE + PETER","weekday_trips":33,"routes":["52L","59"]}},{"type":"Feature","geometry":{"type":"Point","coordinates":[-79.854521,40.368742]},"properties":{"stop_id":"11776","name":"KENNEDY AVE + WILMOT","weekday_trips":33,"routes":["52L","59"]}},{"type":"Feature","geometry":{"type":"Point","coordinates":[-79.853575,40.369709]},"properties":{"stop_id":"11777","name":"KENNEDY AVE + CATHERINE","weekday_trips":33,"routes":["52L","59"]}},{"type":"Feature","geometry":{"type":"Point","coordinates":[-79.938893,40.447642]},"properties":{"stop_id":"1178","name":"FIFTH AVE + AMBERSON","weekday_trips":162,"routes":["28X","71B","71D"]}},{"type":"Feature","geometry":{"type":"Point","coordinates":[-79.851168,40.372133]},"properties":{"stop_id":"11780","name":"GRANT AVE + 6TH","weekday_trips":7,"routes":["52L"]}},{"type":"Feature","geometry":{"type":"Point","coordinates":[-79.849171,40.372609]},"properties":{"stop_id":"11782","name":"GRANT AVE + 4TH","weekday_trips":7,"routes":["52L"]}},{"type":"Feature","geometry":{"type":"Point","coordinates":[-79.847145,40.373085]},"properties":{"stop_id":"11783","name":"GRANT AVE + 2ND","weekday_trips":26,"routes":["59"]}},{"type":"Feature","geometry":{"type":"Point","coordinates":[-79.937208,40.447772]},"properties":{"stop_id":"1179","name":"FIFTH AVE + WILKINS","weekday_trips":162,"routes":["28X","71B","71D"]}},{"type":"Feature","geometry":{"type":"Point","coordinates":[-79.867459,40.383592]},"properties":{"stop_id":"11791","name":"KENNYWOOD MALL FIRE LANE + HOLLYWOOD VIDEO","weekday_trips":52,"routes":["59"]}},{"type":"Feature","geometry":{"type":"Point","coordinates":[-79.942071,40.457999]},"properties":{"stop_id":"1187","name":"LIBERTY AVE + EVALINE","weekday_trips":71,"routes":["64","86"]}},{"type":"Feature","geometry":{"type":"Point","coordinates":[-79.943591,40.458814]},"properties":{"stop_id":"1188","name":"LIBERTY AVE + WINEBIDDLE","weekday_trips":71,"routes":["64","86"]}},{"type":"Feature","geometry":{"type":"Point","coordinates":[-79.944722,40.459412]},"properties":{"stop_id":"1189","name":"LIBERTY AVE + GROSS","weekday_trips":71,"routes":["64","86"]}},{"type":"Feature","geometry":{"type":"Point","coordinates":[-79.946912,40.460582]},"properties":{"stop_id":"1191","name":"LIBERTY AVE + MATHILDA (WEST PENN HOSP)","weekday_trips":35,"routes":["86"]}},{"type":"Feature","geometry":{"type":"Point","coordinates":[-79.877821,40.383589]},"properties":{"stop_id":"11911","name":"EASTMAN ST + GREENSPRINGS F S","weekday_trips":26,"routes":["59"]}},{"type":"Feature","geometry":{"type":"Point","coordinates":[-79.874856,40.387484]},"properties":{"stop_id":"11915","name":"ELIZA ST + CORBIN F","weekday_trips":26,"routes":["59"]}},{"type":"Feature","geometry":{"type":"Point","coordinates":[-79.875401,40.389058]},"properties":{"stop_id":"11916","name":"ELIZA ST + GLENCAIRN","weekday_trips":26,"routes":["59"]}},{"type":"Feature","geometry":{"type":"Point","coordinates":[-79.947957,40.461145]},"properties":{"stop_id":"1192","name":"LIBERTY AVE + EDMOND","weekday_trips":90,"routes":["54","86"]}},{"type":"Feature","geometry":{"type":"Point","coordinates":[-79.882019,40.395907]},"properties":{"stop_id":"11925","name":"MAPLE ST + KENNETT","weekday_trips":26,"routes":["59"]}},{"type":"Feature","geometry":{"type":"Point","coordinates":[-79.883629,40.396203]},"properties":{"stop_id":"11926","name":"WHITAKER ST + OAK","weekday_trips":26,"routes":["59"]}},{"type":"Feature","geometry":{"type":"Point","coordinates":[-79.884246,40.39711]},"properties":{"stop_id":"11927","name":"WHITAKER ST + ELM F S","weekday_trips":26,"routes":["59"]}},{"type":"Feature","geometry":{"type":"Point","coordinates":[-79.949752,40.462088]},"properties":{"stop_id":"1193","name":"LIBERTY AVE + PEARL","weekday_trips":90,"routes":["54","86"]}},{"type":"Feature","geometry":{"type":"Point","coordinates":[-79.877208,40.391829]},"properties":{"stop_id":"11931","name":"ELIZA ST + FRANK","weekday_trips":26,"routes":["59"]}},{"type":"Feature","geometry":{"type":"Point","coordinates":[-79.879442,40.394506]},"properties":{"stop_id":"11932","name":"ELIZA ST + DIVISION ST","weekday_trips":26,"routes":["59"]}},{"type":"Feature","geometry":{"type":"Point","coordinates":[-79.95165,40.463127]},"properties":{"stop_id":"1194","name":"LIBERTY AVE + ELLA","weekday_trips":90,"routes":["54","86"]}},{"type":"Feature","geometry":{"type":"Point","coordinates":[-79.887885,40.397693]},"properties":{"stop_id":"11943","name":"MIFFLIN ST + GEORGE ST","weekday_trips":8,"routes":["52L"]}},{"type":"Feature","geometry":{"type":"Point","coordinates":[-79.885482,40.39866]},"properties":{"stop_id":"11945","name":"MIFFLIN ST + WHITAKER ST","weekday_trips":8,"routes":["52L"]}},{"type":"Feature","geometry":{"type":"Point","coordinates":[-79.883797,40.396323]},"properties":{"stop_id":"11947","name":"WHITAKER ST + OAK","weekday_trips":26,"routes":["59"]}},{"type":"Feature","geometry":{"type":"Point","coordinates":[-79.881267,40.396142]},"properties":{"stop_id":"11949","name":"MAPLE ST + ELIZA","weekday_trips":26,"routes":["59"]}},{"type":"Feature","geometry":{"type":"Point","coordinates":[-79.874924,40.387478]},"properties":{"stop_id":"11958","name":"ELIZA ST + CORBIN","weekday_trips":26,"routes":["59"]}},{"type":"Feature","geometry":{"type":"Point","coordinates":[-79.877927,40.383622]},"properties":{"stop_id":"11962","name":"EASTMAN ST + GREENSPRINGS","weekday_trips":26,"routes":["59"]}},{"type":"Feature","geometry":{"type":"Point","coordinates":[-79.877396,40.391949]},"properties":{"stop_id":"11966","name":"ELIZA ST + FRANK (#3932)","weekday_trips":26,"routes":["59"]}},{"type":"Feature","geometry":{"type":"Point","coordinates":[-79.87542,40.38871]},"properties":{"stop_id":"11967","name":"ELIZA ST + GLENCAIRN FS","weekday_trips":26,"routes":["59"]}},{"type":"Feature","geometry":{"type":"Point","coordinates":[-79.849617,40.371231]},"properties":{"stop_id":"11968","name":"5TH ST + KENNEDY","weekday_trips":26,"routes":["59"]}},{"type":"Feature","geometry":{"type":"Point","coordinates":[-79.848822,40.369338]},"properties":{"stop_id":"11969","name":"5TH ST + VIOLA","weekday_trips":26,"routes":["59"]}},{"type":"Feature","geometry":{"type":"Point","coordinates":[-79.957734,40.465262]},"properties":{"stop_id":"1197","name":"PENN AVE + 40TH ST","weekday_trips":128,"routes":["54","64","88","93"]}},{"type":"Feature","geometry":{"type":"Point","coordinates":[-79.848412,40.368458]},"properties":{"stop_id":"11970","name":"5TH ST + PRISCILLA","weekday_trips":26,"routes":["59"]}},{"type":"Feature","geometry":{"type":"Point","coordinates":[-79.847954,40.366692]},"properties":{"stop_id":"11971","name":"5TH ST + COCHRAN","weekday_trips":26,"routes":["59"]}},{"type":"Feature","geometry":{"type":"Point","coordinates":[-79.847056,40.364745]},"properties":{"stop_id":"11972","name":"5TH ST + CRAWFORD","weekday_trips":26,"routes":["59"]}},{"type":"Feature","geometry":{"type":"Point","coordinates":[-79.847772,40.364334]},"properties":{"stop_id":"11973","name":"CRAWFORD ST + CATHERINE","weekday_trips":26,"routes":["59"]}},{"type":"Feature","geometry":{"type":"Point","coordinates":[-79.848616,40.364036]},"properties":{"stop_id":"11974","name":"CRAWFORD ST + PIRL","weekday_trips":26,"routes":["59"]}},{"type":"Feature","geometry":{"type":"Point","coordinates":[-79.849599,40.36367]},"properties":{"stop_id":"11975","name":"CRAWFORD ST + STATE","weekday_trips":26,"routes":["59"]}},{"type":"Feature","geometry":{"type":"Point","coordinates":[-79.850426,40.363367]},"properties":{"stop_id":"11976","name":"CRAWFORD ST + WOOL","weekday_trips":26,"routes":["59"]}},{"type":"Feature","geometry":{"type":"Point","coordinates":[-79.852097,40.362927]},"properties":{"stop_id":"11977","name":"CRAWFORD ST + MONTEREY","weekday_trips":26,"routes":["59"]}},{"type":"Feature","geometry":{"type":"Point","coordinates":[-79.854811,40.362275]},"properties":{"stop_id":"11978","name":"CRAWFORD ST + MIFFLIN","weekday_trips":26,"routes":["59"]}},{"type":"Feature","geometry":{"type":"Point","coordinates":[-79.856098,40.362212]},"properties":{"stop_id":"11979","name":"PENNSYLVANIA AVE + CARNEGIE","weekday_trips":26,"routes":["59"]}},{"type":"Feature","geometry":{"type":"Point","coordinates":[-79.858684,40.36212]},"properties":{"stop_id":"11980","name":"PENNSYLVANIA AVE + MELLON","weekday_trips":26,"routes":["59"]}},{"type":"Feature","geometry":{"type":"Point","coordinates":[-79.962105,40.468544]},"properties":{"stop_id":"1199","name":"40TH ST + BUTLER","weekday_trips":30,"routes":["93"]}},{"type":"Feature","geometry":{"type":"Point","coordinates":[-79.999438,40.442149]},"properties":{"stop_id":"12","name":"WOOD STREET STATION","weekday_trips":146,"routes":["BLUE","RED","SLVR"]}},{"type":"Feature","geometry":{"type":"Point","coordinates":[-79.856415,40.362137]},"properties":{"stop_id":"12006","name":"PENNSYLVANIA AVE + CARNEGIE","weekday_trips":26,"routes":["59"]}},{"type":"Feature","geometry":{"type":"Point","coordinates":[-79.854977,40.362182]},"properties":{"stop_id":"12007","name":"PENNSYLVANIA AVE + MIFFLIN","weekday_trips":26,"routes":["59"]}},{"type":"Feature","geometry":{"type":"Point","coordinates":[-79.85225,40.362826]},"properties":{"stop_id":"12008","name":"CRAWFORD ST + MONTEREY","weekday_trips":26,"routes":["59"]}},{"type":"Feature","geometry":{"type":"Point","coordinates":[-79.850657,40.363222]},"properties":{"stop_id":"12009","name":"CRAWFORD ST + WOOL","weekday_trips":26,"routes":["59"]}},{"type":"Feature","geometry":{"type":"Point","coordinates":[-79.849713,40.363562]},"properties":{"stop_id":"12010","name":"CRAWFORD ST + STATE","weekday_trips":26,"routes":["59"]}},{"type":"Feature","geometry":{"type":"Point","coordinates":[-79.848798,40.363899]},"properties":{"stop_id":"12011","name":"CRAWFORD ST + PIRL","weekday_trips":26,"routes":["59"]}},{"type":"Feature","geometry":{"type":"Point","coordinates":[-79.847947,40.364205]},"properties":{"stop_id":"12012","name":"CRAWFORD ST + CATHERINE","weekday_trips":26,"routes":["59"]}},{"type":"Feature","geometry":{"type":"Point","coordinates":[-79.846973,40.364567]},"properties":{"stop_id":"12013","name":"CRAWFORD ST + 5TH","weekday_trips":26,"routes":["59"]}},{"type":"Feature","geometry":{"type":"Point","coordinates":[-79.847926,40.366526]},"properties":{"stop_id":"12014","name":"5TH ST + COCHRAN","weekday_trips":26,"routes":["59"]}},{"type":"Feature","geometry":{"type":"Point","coordinates":[-79.848306,40.368314]},"properties":{"stop_id":"12015","name":"5TH ST + PRISCILLA","weekday_trips":26,"routes":["59"]}},{"type":"Feature","geometry":{"type":"Point","coordinates":[-79.847638,40.369441]},"properties":{"stop_id":"12017","name":"4TH ST + VIOLA","weekday_trips":26,"routes":["59"]}},{"type":"Feature","geometry":{"type":"Point","coordinates":[-79.848404,40.371318]},"properties":{"stop_id":"12018","name":"4TH ST + KENNEDY","weekday_trips":26,"routes":["59"]}},{"type":"Feature","geometry":{"type":"Point","coordinates":[-79.848949,40.372602]},"properties":{"stop_id":"12019","name":"4TH ST + GRANT","weekday_trips":26,"routes":["59"]}},{"type":"Feature","geometry":{"type":"Point","coordinates":[-79.924508,40.350625]},"properties":{"stop_id":"12025","name":"LEBANON CHURCH RD + CURRY HOLLOW","weekday_trips":45,"routes":["53L","59"]}},{"type":"Feature","geometry":{"type":"Point","coordinates":[-79.913493,40.354732]},"properties":{"stop_id":"12026","name":"BUTTERMILK HOLLOW RD + #5055","weekday_trips":46,"routes":["53L","56"]}},{"type":"Feature","geometry":{"type":"Point","coordinates":[-79.911645,40.356161]},"properties":{"stop_id":"12028","name":"BUTTERMILK HOLLOW RD + WALNUT","weekday_trips":46,"routes":["53L","56"]}},{"type":"Feature","geometry":{"type":"Point","coordinates":[-79.909194,40.358057]},"properties":{"stop_id":"12030","name":"BUTTERMILK HOLLOW RD + PGH-MCKPT BLVD","weekday_trips":46,"routes":["53L","56"]}},{"type":"Feature","geometry":{"type":"Point","coordinates":[-79.907625,40.360886]},"properties":{"stop_id":"12031","name":"BUTTERMILK HOLLOW RD + THOMPSON RUN FS","weekday_trips":46,"routes":["53L","56"]}},{"type":"Feature","geometry":{"type":"Point","coordinates":[-79.908165,40.364657]},"properties":{"stop_id":"12032","name":"BUTTERMILK HOLLOW RD + NAUGLE","weekday_trips":46,"routes":["53L","56"]}},{"type":"Feature","geometry":{"type":"Point","coordinates":[-79.909867,40.366918]},"properties":{"stop_id":"12033","name":"MIFFLIN RD + MOHRBACH FS","weekday_trips":46,"routes":["53L","56"]}},{"type":"Feature","geometry":{"type":"Point","coordinates":[-79.910351,40.368199]},"properties":{"stop_id":"12034","name":"MIFFLIN RD + #5419","weekday_trips":46,"routes":["53L","56"]}},{"type":"Feature","geometry":{"type":"Point","coordinates":[-79.927704,40.350181]},"properties":{"stop_id":"12038","name":"LEBANON CHURCH RD + CAMP HOLLOW","weekday_trips":26,"routes":["59"]}},{"type":"Feature","geometry":{"type":"Point","coordinates":[-79.910727,40.369333]},"properties":{"stop_id":"12039","name":"MIFFLIN RD + MCBRIDE","weekday_trips":46,"routes":["53L","56"]}},{"type":"Feature","geometry":{"type":"Point","coordinates":[-79.910455,40.368151]},"properties":{"stop_id":"12040","name":"MIFFLIN RD + #5419","weekday_trips":46,"routes":["53L","56"]}},{"type":"Feature","geometry":{"type":"Point","coordinates":[-79.909768,40.366629]},"properties":{"stop_id":"12041","name":"MIFFLIN RD + MOHRBACH FS","weekday_trips":46,"routes":["53L","56"]}},{"type":"Feature","geometry":{"type":"Point","coordinates":[-79.908379,40.364834]},"properties":{"stop_id":"12042","name":"MIFFLIN RD + NAUGLE","weekday_trips":46,"routes":["53L","56"]}},{"type":"Feature","geometry":{"type":"Point","coordinates":[-79.90773,40.360766]},"properties":{"stop_id":"12043","name":"BUTTERMILK HOLLOW RD + THOMPSON RUN","weekday_trips":46,"routes":["53L","56"]}},{"type":"Feature","geometry":{"type":"Point","coordinates":[-79.908537,40.358799]},"properties":{"stop_id":"12044","name":"BUTTERMILK HOLLOW RD + PGH-MCKPT BLVD","weekday_trips":46,"routes":["53L","56"]}},{"type":"Feature","geometry":{"type":"Point","coordinates":[-79.911554,40.356331]},"properties":{"stop_id":"12046","name":"BUTTERMILK HOLLOW RD + WALNUT","weekday_trips":46,"routes":["53L","56"]}},{"type":"Feature","geometry":{"type":"Point","coordinates":[-79.912911,40.355283]},"properties":{"stop_id":"12047","name":"BUTTERMILK HOLLOW RD + REMNANT WORLD","weekday_trips":46,"routes":["53L","56"]}},{"type":"Feature","geometry":{"type":"Point","coordinates":[-79.92675,40.350432]},"properties":{"stop_id":"12053","name":"LEBANON CHURCH RD + COUNTY AIRPORT ENT","weekday_trips":26,"routes":["59"]}},{"type":"Feature","geometry":{"type":"Point","coordinates":[-79.939228,40.347985]},"properties":{"stop_id":"12055","name":"HWY RT 885 + LEBANON CHURCH FS","weekday_trips":26,"routes":["59"]}},{"type":"Feature","geometry":{"type":"Point","coordinates":[-79.922847,40.411896]},"properties":{"stop_id":"12062","name":"IMOGENE RD + DESDEMONA","weekday_trips":23,"routes":["57"]}},{"type":"Feature","geometry":{"type":"Point","coordinates":[-79.930971,40.406218]},"properties":{"stop_id":"12067","name":"JOHNSTON AVE + #857","weekday_trips":53,"routes":["57","93"]}},{"type":"Feature","geometry":{"type":"Point","coordinates":[-79.932842,40.4062]},"properties":{"stop_id":"12068","name":"JOHNSTON AVE + ROSELLE FS","weekday_trips":53,"routes":["57","93"]}},{"type":"Feature","geometry":{"type":"Point","coordinates":[-79.934098,40.405358]},"properties":{"stop_id":"12069","name":"JOHNSTON AVE + #657","weekday_trips":53,"routes":["57","93"]}},{"type":"Feature","geometry":{"type":"Point","coordinates":[-79.935356,40.404871]},"properties":{"stop_id":"12070","name":"JOHNSTON AVE + #635","weekday_trips":53,"routes":["57","93"]}},{"type":"Feature","geometry":{"type":"Point","coordinates":[-79.937283,40.405517]},"properties":{"stop_id":"12071","name":"JOHNSTON AVE + MANSION","weekday_trips":53,"routes":["57","93"]}},{"type":"Feature","geometry":{"type":"Point","coordinates":[-79.939644,40.406474]},"properties":{"stop_id":"12072","name":"JOHNSTON AVE + GLENWOOD","weekday_trips":53,"routes":["57","93"]}},{"type":"Feature","geometry":{"type":"Point","coordinates":[-79.941279,40.406575]},"properties":{"stop_id":"12073","name":"JOHNSTON AVE + GERTRUDE","weekday_trips":53,"routes":["57","93"]}},{"type":"Feature","geometry":{"type":"Point","coordinates":[-79.942843,40.406185]},"properties":{"stop_id":"12074","name":"JOHNSTON AVE + SECOND","weekday_trips":53,"routes":["57","93"]}},{"type":"Feature","geometry":{"type":"Point","coordinates":[-79.943174,40.406964]},"properties":{"stop_id":"12075","name":"SECOND AVE + ELIZABETH","weekday_trips":80,"routes":["56","57","93"]}},{"type":"Feature","geometry":{"type":"Point","coordinates":[-79.943375,40.407659]},"properties":{"stop_id":"12076","name":"SECOND AVE + TIPTON","weekday_trips":80,"routes":["56","57","93"]}},{"type":"Feature","geometry":{"type":"Point","coordinates":[-79.943734,40.408923]},"properties":{"stop_id":"12077","name":"SECOND AVE + GLEN CALADH","weekday_trips":80,"routes":["56","57","93"]}},{"type":"Feature","geometry":{"type":"Point","coordinates":[-79.944012,40.409879]},"properties":{"stop_id":"12078","name":"SECOND AVE + FLOWERS","weekday_trips":80,"routes":["56","57","93"]}},{"type":"Feature","geometry":{"type":"Point","coordinates":[-79.945196,40.413064]},"properties":{"stop_id":"12080","name":"IRVINE ST + BERWICK","weekday_trips":27,"routes":["56"]}},{"type":"Feature","geometry":{"type":"Point","coordinates":[-79.945884,40.414518]},"properties":{"stop_id":"12081","name":"IRVINE ST + TULLYMET","weekday_trips":27,"routes":["56"]}},{"type":"Feature","geometry":{"type":"Point","coordinates":[-79.946641,40.415956]},"properties":{"stop_id":"12082","name":"IRVINE ST + MOBILE","weekday_trips":27,"routes":["56"]}},{"type":"Feature","geometry":{"type":"Point","coordinates":[-79.965084,40.434051]},"properties":{"stop_id":"12089","name":"SECOND AVE + TECHNOLOGY DR","weekday_trips":70,"routes":["56","57","58"]}},{"type":"Feature","geometry":{"type":"Point","coordinates":[-79.972619,40.487126]},"properties":{"stop_id":"1209","name":"EVERGREEN RD + JOHN","weekday_trips":18,"routes":["2"]}},{"type":"Feature","geometry":{"type":"Point","coordinates":[-79.972532,40.435855]},"properties":{"stop_id":"12090","name":"SECOND AVE + BRADY","weekday_trips":70,"routes":["56","57","58"]}},{"type":"Feature","geometry":{"type":"Point","coordinates":[-79.929895,40.407563]},"properties":{"stop_id":"12091","name":"MAIN CIRCLE DR + EMPLOYEE ENTRANCE","weekday_trips":106,"routes":["57","93"]}},{"type":"Feature","geometry":{"type":"Point","coordinates":[-79.987227,40.43447]},"properties":{"stop_id":"12092","name":"SECOND AVE + SECOND AVE PARKING PL (#1250)","weekday_trips":70,"routes":["56","57","58"]}},{"type":"Feature","geometry":{"type":"Point","coordinates":[-79.972824,40.435782]},"properties":{"stop_id":"12094","name":"SECOND AVE + BRADY","weekday_trips":70,"routes":["56","57","58"]}},{"type":"Feature","geometry":{"type":"Point","coordinates":[-79.965542,40.434089]},"properties":{"stop_id":"12095","name":"SECOND AVE + TECHNOLOGY DR","weekday_trips":70,"routes":["56","57","58"]}},{"type":"Feature","geometry":{"type":"Point","coordinates":[-79.959081,40.430963]},"properties":{"stop_id":"12097","name":"SECOND AVE + BATES FS","weekday_trips":70,"routes":["56","57","58"]}},{"type":"Feature","geometry":{"type":"Point","coordinates":[-79.952592,40.424858]},"properties":{"stop_id":"12100","name":"GREENFIELD AVE + IRVINE ST","weekday_trips":27,"routes":["56"]}},{"type":"Feature","geometry":{"type":"Point","coordinates":[-79.946823,40.416081]},"properties":{"stop_id":"12103","name":"IRVINE ST + MOBILE","weekday_trips":27,"routes":["56"]}},{"type":"Feature","geometry":{"type":"Point","coordinates":[-79.945349,40.413123]},"properties":{"stop_id":"12105","name":"IRVINE ST + BERWICK","weekday_trips":27,"routes":["56"]}},{"type":"Feature","geometry":{"type":"Point","coordinates":[-79.94484,40.4114]},"properties":{"stop_id":"12106","name":"IRVINE ST + HAZELWOOD","weekday_trips":27,"routes":["56"]}},{"type":"Feature","geometry":{"type":"Point","coordinates":[-79.944203,40.410123]},"properties":{"stop_id":"12107","name":"SECOND AVE + FLOWERS AVE","weekday_trips":80,"routes":["56","57","93"]}},{"type":"Feature","geometry":{"type":"Point","coordinates":[-79.943805,40.408757]},"properties":{"stop_id":"12108","name":"SECOND AVE + TECUMSEH","weekday_trips":80,"routes":["56","57","93"]}},{"type":"Feature","geometry":{"type":"Point","coordinates":[-79.943363,40.407198]},"properties":{"stop_id":"12109","name":"SECOND AVE + ELIZABETH","weekday_trips":80,"routes":["56","57","93"]}},{"type":"Feature","geometry":{"type":"Point","coordinates":[-79.97215,40.489175]},"properties":{"stop_id":"1211","name":"EVERGREEN RD + DAVID","weekday_trips":18,"routes":["2"]}},{"type":"Feature","geometry":{"type":"Point","coordinates":[-79.941243,40.406496]},"properties":{"stop_id":"12111","name":"JOHNSTON AVE + GERTRUDE","weekday_trips":53,"routes":["57","93"]}},{"type":"Feature","geometry":{"type":"Point","coordinates":[-79.939846,40.406469]},"properties":{"stop_id":"12112","name":"JOHNSTON AVE + GLENWOOD","weekday_trips":53,"routes":["57","93"]}},{"type":"Feature","geometry":{"type":"Point","coordinates":[-79.938236,40.405819]},"properties":{"stop_id":"12113","name":"JOHNSTON AVE + WINSTON","weekday_trips":53,"routes":["57","93"]}},{"type":"Feature","geometry":{"type":"Point","coordinates":[-79.935035,40.404825]},"properties":{"stop_id":"12115","name":"JOHNSTON AVE + #643","weekday_trips":53,"routes":["57","93"]}},{"type":"Feature","geometry":{"type":"Point","coordinates":[-79.933832,40.405465]},"properties":{"stop_id":"12116","name":"JOHNSTON AVE + #666","weekday_trips":53,"routes":["57","93"]}},{"type":"Feature","geometry":{"type":"Point","coordinates":[-79.930677,40.40612]},"properties":{"stop_id":"12118","name":"JOHNSTON AVE + #857","weekday_trips":53,"routes":["57","93"]}},{"type":"Feature","geometry":{"type":"Point","coordinates":[-79.922799,40.411704]},"properties":{"stop_id":"12123","name":"IMOGENE RD + DESDEMONA","weekday_trips":23,"routes":["57"]}},{"type":"Feature","geometry":{"type":"Point","coordinates":[-79.949668,40.425641]},"properties":{"stop_id":"12127","name":"GREENFIELD AVE + SYLVAN","weekday_trips":57,"routes":["58","65","93"]}},{"type":"Feature","geometry":{"type":"Point","coordinates":[-79.945376,40.4252]},"properties":{"stop_id":"12129","name":"GREENFIELD AVE + HAYWORTH","weekday_trips":57,"routes":["58","65","93"]}},{"type":"Feature","geometry":{"type":"Point","coordinates":[-79.943942,40.425299]},"properties":{"stop_id":"12130","name":"GREENFIELD AVE + KEARCHER","weekday_trips":57,"routes":["58","65","93"]}},{"type":"Feature","geometry":{"type":"Point","coordinates":[-79.942559,40.425471]},"properties":{"stop_id":"12131","name":"GREENFIELD AVE + LYDIA","weekday_trips":83,"routes":["52L","53L","58","65","93"]}},{"type":"Feature","geometry":{"type":"Point","coordinates":[-79.941092,40.425833]},"properties":{"stop_id":"12132","name":"GREENFIELD AVE + HOOSAC","weekday_trips":57,"routes":["58","65","93"]}},{"type":"Feature","geometry":{"type":"Point","coordinates":[-79.940054,40.426083]},"properties":{"stop_id":"12133","name":"GREENFIELD AVE + WINTERBURN","weekday_trips":57,"routes":["58","65","93"]}},{"type":"Feature","geometry":{"type":"Point","coordinates":[-79.937743,40.424531]},"properties":{"stop_id":"12134","name":"GREENFIELD AVE + BLANTON ST STEPS","weekday_trips":20,"routes":["58"]}},{"type":"Feature","geometry":{"type":"Point","coordinates":[-79.936474,40.424087]},"properties":{"stop_id":"12135","name":"GREENFIELD AVE + MCCASLIN","weekday_trips":20,"routes":["58"]}},{"type":"Feature","geometry":{"type":"Point","coordinates":[-79.935394,40.424318]},"properties":{"stop_id":"12136","name":"GREENFIELD AVE + GRAPHIC","weekday_trips":20,"routes":["58"]}},{"type":"Feature","geometry":{"type":"Point","coordinates":[-79.932797,40.423938]},"properties":{"stop_id":"12138","name":"GREENFIELD AVE + FRANK (#912)","weekday_trips":20,"routes":["58"]}},{"type":"Feature","geometry":{"type":"Point","coordinates":[-79.931758,40.423499]},"properties":{"stop_id":"12139","name":"GREENFIELD AVE + DELEVAN","weekday_trips":20,"routes":["58"]}},{"type":"Feature","geometry":{"type":"Point","coordinates":[-79.942636,40.404649]},"properties":{"stop_id":"12143","name":"SECOND AVE + WINSTON","weekday_trips":27,"routes":["56"]}},{"type":"Feature","geometry":{"type":"Point","coordinates":[-79.942468,40.40402]},"properties":{"stop_id":"12144","name":"SECOND AVE + MANSION","weekday_trips":27,"routes":["56"]}},{"type":"Feature","geometry":{"type":"Point","coordinates":[-79.941978,40.402927]},"properties":{"stop_id":"12145","name":"SECOND AVE + AMERICAN","weekday_trips":27,"routes":["56"]}},{"type":"Feature","geometry":{"type":"Point","coordinates":[-79.940663,40.401689]},"properties":{"stop_id":"12146","name":"SECOND AVE + VESPUCIUS","weekday_trips":27,"routes":["56"]}},{"type":"Feature","geometry":{"type":"Point","coordinates":[-79.939411,40.400976]},"properties":{"stop_id":"12147","name":"SECOND AVE + RENOVA","weekday_trips":27,"routes":["56"]}},{"type":"Feature","geometry":{"type":"Point","coordinates":[-79.938132,40.400208]},"properties":{"stop_id":"12148","name":"SECOND AVE + ALUVIAN","weekday_trips":27,"routes":["56"]}},{"type":"Feature","geometry":{"type":"Point","coordinates":[-79.913408,40.369984]},"properties":{"stop_id":"12152","name":"MIFFLIN RD + INTERBORO FS","weekday_trips":27,"routes":["56"]}},{"type":"Feature","geometry":{"type":"Point","coordinates":[-79.916852,40.372058]},"properties":{"stop_id":"12154","name":"MIFFLIN RD + GLENHURST","weekday_trips":27,"routes":["56"]}},{"type":"Feature","geometry":{"type":"Point","coordinates":[-79.932477,40.386716]},"properties":{"stop_id":"12158","name":"RAMP ST BRIDGE + BALDWIN","weekday_trips":27,"routes":["56"]}},{"type":"Feature","geometry":{"type":"Point","coordinates":[-79.932646,40.389287]},"properties":{"stop_id":"12159","name":"BALDWIN ST + GLASS RUN","weekday_trips":27,"routes":["56"]}},{"type":"Feature","geometry":{"type":"Point","coordinates":[-79.937948,40.400252]},"properties":{"stop_id":"12160","name":"SECOND AVE + ALUVIAN","weekday_trips":27,"routes":["56"]}},{"type":"Feature","geometry":{"type":"Point","coordinates":[-79.939296,40.400994]},"properties":{"stop_id":"12161","name":"SECOND AVE + GLENWOOD","weekday_trips":27,"routes":["56"]}},{"type":"Feature","geometry":{"type":"Point","coordinates":[-79.940508,40.401704]},"properties":{"stop_id":"12162","name":"SECOND AVE + VESPUCIUS","weekday_trips":27,"routes":["56"]}},{"type":"Feature","geometry":{"type":"Point","coordinates":[-79.942219,40.403622]},"properties":{"stop_id":"12163","name":"SECOND AVE + MANSION","weekday_trips":27,"routes":["56"]}},{"type":"Feature","geometry":{"type":"Point","coordinates":[-79.94248,40.404466]},"properties":{"stop_id":"12164","name":"SECOND AVE + WINSTON","weekday_trips":27,"routes":["56"]}},{"type":"Feature","geometry":{"type":"Point","coordinates":[-79.942871,40.405881]},"properties":{"stop_id":"12165","name":"SECOND AVE + JOHNSTON","weekday_trips":27,"routes":["56"]}},{"type":"Feature","geometry":{"type":"Point","coordinates":[-80.001669,40.439482]},"properties":{"stop_id":"12177","name":"FOURTH AVE + WOOD","weekday_trips":96,"routes":["52L","53L","56","57","58"]}},{"type":"Feature","geometry":{"type":"Point","coordinates":[-79.997031,40.437769]},"properties":{"stop_id":"12178","name":"FOURTH AVE + GRANT FS","weekday_trips":96,"routes":["52L","53L","56","57","58"]}},{"type":"Feature","geometry":{"type":"Point","coordinates":[-79.996554,40.436324]},"properties":{"stop_id":"12180","name":"SECOND AVE + B ST","weekday_trips":96,"routes":["52L","53L","56","57","58"]}},{"type":"Feature","geometry":{"type":"Point","coordinates":[-79.993679,40.435214]},"properties":{"stop_id":"12181","name":"SECOND AVE + ALLEGHENY COUNTY JAIL","weekday_trips":96,"routes":["52L","53L","56","57","58"]}},{"type":"Feature","geometry":{"type":"Point","coordinates":[-79.943062,40.406173]},"properties":{"stop_id":"12182","name":"SECOND AVE + JOHNSTON","weekday_trips":27,"routes":["56"]}},{"type":"Feature","geometry":{"type":"Point","coordinates":[-79.932743,40.389287]},"properties":{"stop_id":"12183","name":"BALDWIN RD AT GLASS RUN RD","weekday_trips":27,"routes":["56"]}},{"type":"Feature","geometry":{"type":"Point","coordinates":[-79.917079,40.37211]},"properties":{"stop_id":"12186","name":"MIFFLIN RD + GLENHURST","weekday_trips":27,"routes":["56"]}},{"type":"Feature","geometry":{"type":"Point","coordinates":[-79.915089,40.371105]},"properties":{"stop_id":"12187","name":"MIFFLIN RD + #1236","weekday_trips":27,"routes":["56"]}},{"type":"Feature","geometry":{"type":"Point","coordinates":[-79.943777,40.425354]},"properties":{"stop_id":"12209","name":"GREENFIELD AVE + KEARCHER","weekday_trips":58,"routes":["58","65","93"]}},{"type":"Feature","geometry":{"type":"Point","coordinates":[-79.945104,40.425372]},"properties":{"stop_id":"12210","name":"GREENFIELD AVE + HAYWORTH","weekday_trips":58,"routes":["58","65","93"]}},{"type":"Feature","geometry":{"type":"Point","coordinates":[-79.947543,40.425297]},"properties":{"stop_id":"12211","name":"GREENFIELD AVE + YODER FS","weekday_trips":58,"routes":["58","65","93"]}},{"type":"Feature","geometry":{"type":"Point","coordinates":[-79.949754,40.425718]},"properties":{"stop_id":"12212","name":"GREENFIELD AVE + FRAZIER ST","weekday_trips":58,"routes":["58","65","93"]}},{"type":"Feature","geometry":{"type":"Point","coordinates":[-79.941803,40.411892]},"properties":{"stop_id":"12215","name":"HAZELWOOD AVE + SYLVAN AVE","weekday_trips":30,"routes":["93"]}},{"type":"Feature","geometry":{"type":"Point","coordinates":[-79.939605,40.427103]},"properties":{"stop_id":"12232","name":"ALGER ST + WINTERBURN","weekday_trips":50,"routes":["58","93"]}},{"type":"Feature","geometry":{"type":"Point","coordinates":[-79.939836,40.426299]},"properties":{"stop_id":"12233","name":"WINTERBURN AVE + GREENFIELD","weekday_trips":20,"routes":["58"]}},{"type":"Feature","geometry":{"type":"Point","coordinates":[-79.939859,40.423166]},"properties":{"stop_id":"12236","name":"WINTERBURN AVE + FARNSWORTH FS","weekday_trips":20,"routes":["58"]}},{"type":"Feature","geometry":{"type":"Point","coordinates":[-79.939877,40.42057]},"properties":{"stop_id":"12237","name":"WINTERBURN AVE + CONNOR","weekday_trips":20,"routes":["58"]}},{"type":"Feature","geometry":{"type":"Point","coordinates":[-79.939888,40.419024]},"properties":{"stop_id":"12238","name":"WINTERBURN AVE + BIGELOW","weekday_trips":20,"routes":["58"]}},{"type":"Feature","geometry":{"type":"Point","coordinates":[-79.938281,40.419069]},"properties":{"stop_id":"12239","name":"BIGELOW ST + MCCASLIN","weekday_trips":20,"routes":["58"]}},{"type":"Feature","geometry":{"type":"Point","coordinates":[-79.93611,40.419359]},"properties":{"stop_id":"12240","name":"BIGELOW ST + TESLA","weekday_trips":20,"routes":["58"]}},{"type":"Feature","geometry":{"type":"Point","coordinates":[-79.931424,40.419846]},"properties":{"stop_id":"12241","name":"HAZELWOOD AVE + NOTLEY","weekday_trips":50,"routes":["58","93"]}},{"type":"Feature","geometry":{"type":"Point","coordinates":[-79.929354,40.419731]},"properties":{"stop_id":"12242","name":"HAZELWOOD AVE + GREENFIELD AVE","weekday_trips":50,"routes":["58","93"]}},{"type":"Feature","geometry":{"type":"Point","coordinates":[-79.941742,40.411953]},"properties":{"stop_id":"12248","name":"HAZELWOOD AVE + SYVAN AVE","weekday_trips":30,"routes":["93"]}},{"type":"Feature","geometry":{"type":"Point","coordinates":[-79.944466,40.411411]},"properties":{"stop_id":"12250","name":"HAZELWOOD AVE + SECOND AVE","weekday_trips":30,"routes":["93"]}},{"type":"Feature","geometry":{"type":"Point","coordinates":[-79.930313,40.383235]},"properties":{"stop_id":"12284","name":"MIFFLIN RD + #605","weekday_trips":27,"routes":["56"]}},{"type":"Feature","geometry":{"type":"Point","coordinates":[-79.981157,40.341981]},"properties":{"stop_id":"12358","name":"KEEPORT + KNOEDLER","weekday_trips":17,"routes":["Y47"]}},{"type":"Feature","geometry":{"type":"Point","coordinates":[-79.85334,40.414555]},"properties":{"stop_id":"12565","name":"BRADDOCK HILLS SHOPPING CENTER + STOREFRONT","weekday_trips":293,"routes":["59","61A","61B","P68"]}},{"type":"Feature","geometry":{"type":"Point","coordinates":[-79.863463,40.40573]},"properties":{"stop_id":"12567","name":"6TH ST + BALDRIDGE","weekday_trips":122,"routes":["59","61A","61B"]}},{"type":"Feature","geometry":{"type":"Point","coordinates":[-79.853595,40.362571]},"properties":{"stop_id":"12576","name":"CRAWFORD ST + JUNO","weekday_trips":26,"routes":["59"]}},{"type":"Feature","geometry":{"type":"Point","coordinates":[-80.074369,40.503682]},"properties":{"stop_id":"1258","name":"AVALON LOOP + CALIFORNIA","weekday_trips":110,"routes":["16"]}},{"type":"Feature","geometry":{"type":"Point","coordinates":[-79.853675,40.362483]},"properties":{"stop_id":"12588","name":"CRAWFORD ST + JUNO","weekday_trips":26,"routes":["59"]}},{"type":"Feature","geometry":{"type":"Point","coordinates":[-79.868764,40.382439]},"properties":{"stop_id":"12589","name":"KENNYWOOD MALL DR + HOFFMAN","weekday_trips":52,"routes":["59"]}},{"type":"Feature","geometry":{"type":"Point","coordinates":[-80.074563,40.503482]},"properties":{"stop_id":"1259","name":"CALIFORNIA AVE + FLORENCE","weekday_trips":62,"routes":["16","19L"]}},{"type":"Feature","geometry":{"type":"Point","coordinates":[-79.867168,40.408322]},"properties":{"stop_id":"12590","name":"AJAX WAY + COREY AVE","weekday_trips":26,"routes":["59"]}},{"type":"Feature","geometry":{"type":"Point","coordinates":[-79.879415,40.488047]},"properties":{"stop_id":"12595","name":"FREEPORT RD + #1150","weekday_trips":31,"routes":["1"]}},{"type":"Feature","geometry":{"type":"Point","coordinates":[-79.877214,40.488762]},"properties":{"stop_id":"12596","name":"FREEPORT RD + S OAK HILL RD","weekday_trips":31,"routes":["1"]}},{"type":"Feature","geometry":{"type":"Point","coordinates":[-79.875024,40.48924]},"properties":{"stop_id":"12597","name":"FREEPORT RD + E OAK HILL RD","weekday_trips":31,"routes":["1"]}},{"type":"Feature","geometry":{"type":"Point","coordinates":[-80.072517,40.503205]},"properties":{"stop_id":"1260","name":"CALIFORNIA AVE + FISK","weekday_trips":62,"routes":["16","19L"]}},{"type":"Feature","geometry":{"type":"Point","coordinates":[-79.866017,40.491378]},"properties":{"stop_id":"12601","name":"FREEPORT RD + ALPHA (RIDC PARK)","weekday_trips":31,"routes":["1"]}},{"type":"Feature","geometry":{"type":"Point","coordinates":[-79.865135,40.491803]},"properties":{"stop_id":"12602","name":"FREEPORT RD + CENTER AVE (BLAWNOX)","weekday_trips":31,"routes":["1"]}},{"type":"Feature","geometry":{"type":"Point","coordinates":[-79.863087,40.492792]},"properties":{"stop_id":"12603","name":"FREEPORT RD + BLAW","weekday_trips":31,"routes":["1"]}},{"type":"Feature","geometry":{"type":"Point","coordinates":[-79.860825,40.493918]},"properties":{"stop_id":"12604","name":"FREEPORT RD + MAPLE","weekday_trips":31,"routes":["1"]}},{"type":"Feature","geometry":{"type":"Point","coordinates":[-79.859041,40.494788]},"properties":{"stop_id":"12605","name":"FREEPORT RD + CABLE","weekday_trips":31,"routes":["1"]}},{"type":"Feature","geometry":{"type":"Point","coordinates":[-79.857172,40.496128]},"properties":{"stop_id":"12606","name":"FREEPORT RD + HUMBOLDT","weekday_trips":31,"routes":["1"]}},{"type":"Feature","geometry":{"type":"Point","coordinates":[-79.853972,40.498556]},"properties":{"stop_id":"12608","name":"FREEPORT RD + BOYD","weekday_trips":31,"routes":["1"]}},{"type":"Feature","geometry":{"type":"Point","coordinates":[-79.852853,40.499529]},"properties":{"stop_id":"12610","name":"FREEPORT RD + CLIFTON","weekday_trips":31,"routes":["1"]}},{"type":"Feature","geometry":{"type":"Point","coordinates":[-80.069385,40.501869]},"properties":{"stop_id":"1262","name":"CALIFORNIA AVE + BIRMINGHAM","weekday_trips":62,"routes":["16","19L"]}},{"type":"Feature","geometry":{"type":"Point","coordinates":[-80.066015,40.500204]},"properties":{"stop_id":"1264","name":"CALIFORNIA AVE + CHESTNUT","weekday_trips":62,"routes":["16","19L"]}},{"type":"Feature","geometry":{"type":"Point","coordinates":[-80.061969,40.498601]},"properties":{"stop_id":"1267","name":"CALIFORNIA AVE + HOME","weekday_trips":62,"routes":["16","19L"]}},{"type":"Feature","geometry":{"type":"Point","coordinates":[-80.05835,40.49691]},"properties":{"stop_id":"1269","name":"LINCOLN AVE + JACKSON","weekday_trips":62,"routes":["16","19L"]}},{"type":"Feature","geometry":{"type":"Point","coordinates":[-79.915704,40.493679]},"properties":{"stop_id":"12693","name":"MAIN ST + 21ST ST","weekday_trips":90,"routes":["1","91"]}},{"type":"Feature","geometry":{"type":"Point","coordinates":[-79.917976,40.494085]},"properties":{"stop_id":"12694","name":"MAIN ST + 19TH ST","weekday_trips":90,"routes":["1","91"]}},{"type":"Feature","geometry":{"type":"Point","coordinates":[-79.92031,40.494459]},"properties":{"stop_id":"12695","name":"MAIN ST + #1834","weekday_trips":90,"routes":["1","91"]}},{"type":"Feature","geometry":{"type":"Point","coordinates":[-79.921517,40.494598]},"properties":{"stop_id":"12696","name":"MAIN ST + 18TH ST","weekday_trips":90,"routes":["1","91"]}},{"type":"Feature","geometry":{"type":"Point","coordinates":[-79.923001,40.494731]},"properties":{"stop_id":"12697","name":"MAIN ST + #1704","weekday_trips":90,"routes":["1","91"]}},{"type":"Feature","geometry":{"type":"Point","coordinates":[-79.925229,40.494705]},"properties":{"stop_id":"12698","name":"MAIN ST + 16TH ST","weekday_trips":90,"routes":["1","91"]}},{"type":"Feature","geometry":{"type":"Point","coordinates":[-79.92623,40.494604]},"properties":{"stop_id":"12699","name":"MAIN ST + 15TH ST","weekday_trips":90,"routes":["1","91"]}},{"type":"Feature","geometry":{"type":"Point","coordinates":[-79.927422,40.494494]},"properties":{"stop_id":"12700","name":"MAIN ST + 14TH ST","weekday_trips":90,"routes":["1","91"]}},{"type":"Feature","geometry":{"type":"Point","coordinates":[-79.929604,40.494358]},"properties":{"stop_id":"12701","name":"MAIN ST + 13TH ST","weekday_trips":90,"routes":["1","91"]}},{"type":"Feature","geometry":{"type":"Point","coordinates":[-79.930866,40.494275]},"properties":{"stop_id":"12702","name":"MAIN ST + #1102","weekday_trips":90,"routes":["1","91"]}},{"type":"Feature","geometry":{"type":"Point","coordinates":[-79.932179,40.494602]},"properties":{"stop_id":"12703","name":"MAIN ST + CANAL ST","weekday_trips":90,"routes":["1","91"]}},{"type":"Feature","geometry":{"type":"Point","coordinates":[-79.933472,40.494639]},"properties":{"stop_id":"12704","name":"MAIN ST + 9TH ST","weekday_trips":90,"routes":["1","91"]}},{"type":"Feature","geometry":{"type":"Point","coordinates":[-79.934381,40.494662]},"properties":{"stop_id":"12705","name":"MAIN ST + 8TH ST","weekday_trips":90,"routes":["1","91"]}},{"type":"Feature","geometry":{"type":"Point","coordinates":[-79.935699,40.494693]},"properties":{"stop_id":"12706","name":"MAIN ST + 6TH ST","weekday_trips":90,"routes":["1","91"]}},{"type":"Feature","geometry":{"type":"Point","coordinates":[-79.937477,40.495318]},"properties":{"stop_id":"12707","name":"MAIN ST + GARNIER ST","weekday_trips":90,"routes":["1","91"]}},{"type":"Feature","geometry":{"type":"Point","coordinates":[-79.938347,40.495638]},"properties":{"stop_id":"12708","name":"MAIN ST + POWERS ST","weekday_trips":90,"routes":["1","91"]}},{"type":"Feature","geometry":{"type":"Point","coordinates":[-80.054928,40.495209]},"properties":{"stop_id":"1271","name":"LINCOLN AVE + SHERIDAN AVE","weekday_trips":101,"routes":["13","16","19L"]}},{"type":"Feature","geometry":{"type":"Point","coordinates":[-79.942578,40.496703]},"properties":{"stop_id":"12710","name":"FREEPORT ST + GARDEN","weekday_trips":32,"routes":["1"]}},{"type":"Feature","geometry":{"type":"Point","coordinates":[-79.943842,40.496504]},"properties":{"stop_id":"12711","name":"FREEPORT RD + BUTLER","weekday_trips":32,"routes":["1"]}},{"type":"Feature","geometry":{"type":"Point","coordinates":[-80.05168,40.495795]},"properties":{"stop_id":"1273","name":"FREMONT AVE + TEECE AVE","weekday_trips":39,"routes":["13"]}},{"type":"Feature","geometry":{"type":"Point","coordinates":[-80.050595,40.497647]},"properties":{"stop_id":"1274","name":"FREMONT AVE + ORCHARD AVE","weekday_trips":39,"routes":["13"]}},{"type":"Feature","geometry":{"type":"Point","coordinates":[-80.050481,40.498951]},"properties":{"stop_id":"1275","name":"FOREST AVE + #414","weekday_trips":39,"routes":["13"]}},{"type":"Feature","geometry":{"type":"Point","coordinates":[-79.860934,40.500414]},"properties":{"stop_id":"12750","name":"RIDC PARK + TERMINAL","weekday_trips":115,"routes":["91"]}},{"type":"Feature","geometry":{"type":"Point","coordinates":[-79.94415,40.496406]},"properties":{"stop_id":"12760","name":"BUTLER ST + FREEPORT ST","weekday_trips":52,"routes":["1","2","P13"]}},{"type":"Feature","geometry":{"type":"Point","coordinates":[-79.942023,40.496748]},"properties":{"stop_id":"12761","name":"FREEPORT ST + BRIDGE","weekday_trips":31,"routes":["1"]}},{"type":"Feature","geometry":{"type":"Point","coordinates":[-79.937459,40.49523]},"properties":{"stop_id":"12763","name":"MAIN ST + PRAEGER ST","weekday_trips":88,"routes":["1","91"]}},{"type":"Feature","geometry":{"type":"Point","coordinates":[-79.935691,40.494613]},"properties":{"stop_id":"12764","name":"MAIN ST OPP 6TH ST FS","weekday_trips":88,"routes":["1","91"]}},{"type":"Feature","geometry":{"type":"Point","coordinates":[-79.934724,40.494596]},"properties":{"stop_id":"12765","name":"MAIN ST + ALI ST","weekday_trips":88,"routes":["1","91"]}},{"type":"Feature","geometry":{"type":"Point","coordinates":[-79.933664,40.494561]},"properties":{"stop_id":"12766","name":"MAIN ST + 9TH ST","weekday_trips":88,"routes":["1","91"]}},{"type":"Feature","geometry":{"type":"Point","coordinates":[-79.932054,40.494509]},"properties":{"stop_id":"12767","name":"MAIN ST + CANAL ST","weekday_trips":88,"routes":["1","91"]}},{"type":"Feature","geometry":{"type":"Point","coordinates":[-79.930445,40.49423]},"properties":{"stop_id":"12768","name":"MAIN ST + #1113","weekday_trips":88,"routes":["1","91"]}},{"type":"Feature","geometry":{"type":"Point","coordinates":[-79.929416,40.4943]},"properties":{"stop_id":"12769","name":"MAIN ST + 13TH ST","weekday_trips":88,"routes":["1","91"]}},{"type":"Feature","geometry":{"type":"Point","coordinates":[-80.052374,40.499958]},"properties":{"stop_id":"1277","name":"FOREST AVE + BALPH AVE","weekday_trips":39,"routes":["13"]}},{"type":"Feature","geometry":{"type":"Point","coordinates":[-79.927564,40.494427]},"properties":{"stop_id":"12770","name":"MAIN ST + 14TH ST","weekday_trips":88,"routes":["1","91"]}},{"type":"Feature","geometry":{"type":"Point","coordinates":[-79.926529,40.494494]},"properties":{"stop_id":"12771","name":"MAIN ST + 15TH ST","weekday_trips":88,"routes":["1","91"]}},{"type":"Feature","geometry":{"type":"Point","coordinates":[-79.925153,40.49464]},"properties":{"stop_id":"12772","name":"MAIN ST + 16TH ST","weekday_trips":88,"routes":["1","91"]}},{"type":"Feature","geometry":{"type":"Point","coordinates":[-79.923436,40.494693]},"properties":{"stop_id":"12773","name":"MAIN ST + 17TH ST","weekday_trips":88,"routes":["1","91"]}},{"type":"Feature","geometry":{"type":"Point","coordinates":[-79.921886,40.494563]},"properties":{"stop_id":"12774","name":"MAIN ST + 18TH ST","weekday_trips":88,"routes":["1","91"]}},{"type":"Feature","geometry":{"type":"Point","coordinates":[-79.91991,40.494322]},"properties":{"stop_id":"12775","name":"MAIN ST + #1841","weekday_trips":88,"routes":["1","91"]}},{"type":"Feature","geometry":{"type":"Point","coordinates":[-79.918107,40.494031]},"properties":{"stop_id":"12776","name":"MAIN ST + 19TH ST","weekday_trips":88,"routes":["1","91"]}},{"type":"Feature","geometry":{"type":"Point","coordinates":[-79.915963,40.493651]},"properties":{"stop_id":"12777","name":"MAIN ST + 21ST ST","weekday_trips":88,"routes":["1","91"]}},{"type":"Feature","geometry":{"type":"Point","coordinates":[-80.053763,40.500676]},"properties":{"stop_id":"1278","name":"FOREST AVE + #546","weekday_trips":39,"routes":["13"]}},{"type":"Feature","geometry":{"type":"Point","coordinates":[-80.054345,40.502514]},"properties":{"stop_id":"1279","name":"FOREST AVE + CAROLYN AVE","weekday_trips":39,"routes":["13"]}},{"type":"Feature","geometry":{"type":"Point","coordinates":[-80.052545,40.504092]},"properties":{"stop_id":"1280","name":"FOREST AVE + MARYLAND AVE","weekday_trips":39,"routes":["13"]}},{"type":"Feature","geometry":{"type":"Point","coordinates":[-80.051547,40.505613]},"properties":{"stop_id":"1281","name":"FOREST AVE + RAVENSWOOD AVE","weekday_trips":39,"routes":["13"]}},{"type":"Feature","geometry":{"type":"Point","coordinates":[-79.866,40.491737]},"properties":{"stop_id":"12834","name":"ALPHA DR + FREEPORT RD FS","weekday_trips":57,"routes":["91"]}},{"type":"Feature","geometry":{"type":"Point","coordinates":[-79.870842,40.493153]},"properties":{"stop_id":"12836","name":"ALPDA DR + PRINT TECH DRVWY","weekday_trips":57,"routes":["91"]}},{"type":"Feature","geometry":{"type":"Point","coordinates":[-79.864784,40.500591]},"properties":{"stop_id":"12838","name":"RIDC PARK + TERMINAL","weekday_trips":58,"routes":["91"]}},{"type":"Feature","geometry":{"type":"Point","coordinates":[-79.867763,40.495142]},"properties":{"stop_id":"12847","name":"ALPHA DR + BETA DR FS","weekday_trips":58,"routes":["91"]}},{"type":"Feature","geometry":{"type":"Point","coordinates":[-80.044763,40.515067]},"properties":{"stop_id":"1288","name":"CENTER AVE + HARVARD AVE","weekday_trips":39,"routes":["13"]}},{"type":"Feature","geometry":{"type":"Point","coordinates":[-80.044425,40.516736]},"properties":{"stop_id":"1289","name":"CENTER AVE + YALE AVE","weekday_trips":39,"routes":["13"]}},{"type":"Feature","geometry":{"type":"Point","coordinates":[-80.044129,40.51828]},"properties":{"stop_id":"1290","name":"CENTER AVE + PRINCETON AVE","weekday_trips":39,"routes":["13"]}},{"type":"Feature","geometry":{"type":"Point","coordinates":[-80.043643,40.519398]},"properties":{"stop_id":"1291","name":"CENTER AVE + CORNELL AVE","weekday_trips":39,"routes":["13"]}},{"type":"Feature","geometry":{"type":"Point","coordinates":[-79.952087,40.493801]},"properties":{"stop_id":"12989","name":"PARKER ST + #90","weekday_trips":18,"routes":["2"]}},{"type":"Feature","geometry":{"type":"Point","coordinates":[-80.004205,40.442189]},"properties":{"stop_id":"13","name":"GATEWAY STATION","weekday_trips":146,"routes":["BLUE","RED","SLVR"]}},{"type":"Feature","geometry":{"type":"Point","coordinates":[-80.04419,40.518578]},"properties":{"stop_id":"1301","name":"CENTER AVE + PRINCETON AVE","weekday_trips":39,"routes":["13"]}},{"type":"Feature","geometry":{"type":"Point","coordinates":[-80.044561,40.516756]},"properties":{"stop_id":"1302","name":"CENTER AVE + YALE AVE","weekday_trips":39,"routes":["13"]}},{"type":"Feature","geometry":{"type":"Point","coordinates":[-79.95163,40.49374]},"properties":{"stop_id":"13023","name":"PARKER ST + #90","weekday_trips":18,"routes":["2"]}},{"type":"Feature","geometry":{"type":"Point","coordinates":[-80.044807,40.515379]},"properties":{"stop_id":"1303","name":"CENTER AVE + HARVARD AVE","weekday_trips":39,"routes":["13"]}},{"type":"Feature","geometry":{"type":"Point","coordinates":[-80.045507,40.513776]},"properties":{"stop_id":"1304","name":"CORNELL AVE + CORNELL AVE EXT","weekday_trips":39,"routes":["13"]}},{"type":"Feature","geometry":{"type":"Point","coordinates":[-80.045582,40.510788]},"properties":{"stop_id":"1306","name":"CORNELL AVE + OAKRIDGE RD","weekday_trips":39,"routes":["13"]}},{"type":"Feature","geometry":{"type":"Point","coordinates":[-80.051236,40.506703]},"properties":{"stop_id":"1309","name":"FOREST AVE + KLEMONT AVE","weekday_trips":39,"routes":["13"]}},{"type":"Feature","geometry":{"type":"Point","coordinates":[-80.051601,40.50584]},"properties":{"stop_id":"1310","name":"FOREST AVE + RAVENSWOOD AVE","weekday_trips":39,"routes":["13"]}},{"type":"Feature","geometry":{"type":"Point","coordinates":[-80.052416,40.50429]},"properties":{"stop_id":"1311","name":"FOREST AVE + MARYLAND AVE","weekday_trips":39,"routes":["13"]}},{"type":"Feature","geometry":{"type":"Point","coordinates":[-80.054516,40.502197]},"properties":{"stop_id":"1312","name":"FOREST AVE + CAROLYN AVE FS","weekday_trips":39,"routes":["13"]}},{"type":"Feature","geometry":{"type":"Point","coordinates":[-80.054315,40.500908]},"properties":{"stop_id":"1313","name":"FOREST AVE + #550","weekday_trips":39,"routes":["13"]}},{"type":"Feature","geometry":{"type":"Point","coordinates":[-80.052596,40.499997]},"properties":{"stop_id":"1314","name":"FOREST AVE + BALPH AVE","weekday_trips":39,"routes":["13"]}},{"type":"Feature","geometry":{"type":"Point","coordinates":[-80.05436,40.49737]},"properties":{"stop_id":"1317","name":"BALPH AVE + TEECE AVE","weekday_trips":39,"routes":["13"]}},{"type":"Feature","geometry":{"type":"Point","coordinates":[-80.057952,40.49679]},"properties":{"stop_id":"1319","name":"LINCOLN AVE + JACKSON","weekday_trips":61,"routes":["16","19L"]}},{"type":"Feature","geometry":{"type":"Point","coordinates":[-80.059989,40.497794]},"properties":{"stop_id":"1320","name":"LINCOLN AVE + STARR AVE","weekday_trips":61,"routes":["16","19L"]}},{"type":"Feature","geometry":{"type":"Point","coordinates":[-80.0617,40.498584]},"properties":{"stop_id":"1321","name":"CALIFORNIA AVE + HOME","weekday_trips":61,"routes":["16","19L"]}},{"type":"Feature","geometry":{"type":"Point","coordinates":[-80.065466,40.500071]},"properties":{"stop_id":"1324","name":"CALIFORNIA AVE + CHESTNUT","weekday_trips":61,"routes":["16","19L"]}},{"type":"Feature","geometry":{"type":"Point","coordinates":[-80.06713,40.50097]},"properties":{"stop_id":"1325","name":"CALIFORNIA AVE + SCHOOL","weekday_trips":61,"routes":["16","19L"]}},{"type":"Feature","geometry":{"type":"Point","coordinates":[-80.068955,40.501814]},"properties":{"stop_id":"1326","name":"CALIFORNIA AVE + BIRMINGHAM","weekday_trips":61,"routes":["16","19L"]}},{"type":"Feature","geometry":{"type":"Point","coordinates":[-79.866073,40.491642]},"properties":{"stop_id":"13357","name":"ALPHA DR + FREEPORT RD","weekday_trips":58,"routes":["91"]}},{"type":"Feature","geometry":{"type":"Point","coordinates":[-79.846642,40.446281]},"properties":{"stop_id":"13521","name":"MCCRADY RD AT BEULAH CHURCH PARK AND RIDE","weekday_trips":32,"routes":["67","P67"]}},{"type":"Feature","geometry":{"type":"Point","coordinates":[-80.103236,40.51194]},"properties":{"stop_id":"1376","name":"OHIO RIVER BLVD + WALLISTON","weekday_trips":24,"routes":["14"]}},{"type":"Feature","geometry":{"type":"Point","coordinates":[-80.101116,40.5114]},"properties":{"stop_id":"1377","name":"OHIO RIVER BLVD + ALLEGHENY","weekday_trips":24,"routes":["14"]}},{"type":"Feature","geometry":{"type":"Point","coordinates":[-80.099867,40.511049]},"properties":{"stop_id":"1378","name":"OHIO RIVER BLVD + PENNSYLVANIA","weekday_trips":24,"routes":["14"]}},{"type":"Feature","geometry":{"type":"Point","coordinates":[-79.859627,40.462013]},"properties":{"stop_id":"13789","name":"FRANKSTOWN RD + CHAMPA ST","weekday_trips":23,"routes":["77"]}},{"type":"Feature","geometry":{"type":"Point","coordinates":[-80.09806,40.510479]},"properties":{"stop_id":"1379","name":"OHIO RIVER BLVD + MAPLE","weekday_trips":24,"routes":["14"]}},{"type":"Feature","geometry":{"type":"Point","coordinates":[-79.856728,40.462757]},"properties":{"stop_id":"13791","name":"FRANKSTOWN RD + HOWARD ST","weekday_trips":23,"routes":["77"]}},{"type":"Feature","geometry":{"type":"Point","coordinates":[-79.855552,40.463679]},"properties":{"stop_id":"13792","name":"FRANKSTOWN RD + BON AIR RD","weekday_trips":23,"routes":["77"]}},{"type":"Feature","geometry":{"type":"Point","coordinates":[-79.853228,40.464847]},"properties":{"stop_id":"13793","name":"FRANKSTOWN RD + ORIN ST","weekday_trips":23,"routes":["77"]}},{"type":"Feature","geometry":{"type":"Point","coordinates":[-79.850078,40.462707]},"properties":{"stop_id":"13794","name":"FRANKSTOWN RD + CURTIS ST","weekday_trips":23,"routes":["77"]}},{"type":"Feature","geometry":{"type":"Point","coordinates":[-79.848849,40.461843]},"properties":{"stop_id":"13795","name":"FRANKSTOWN RD + CRAB HOLLOW DR","weekday_trips":23,"routes":["77"]}},{"type":"Feature","geometry":{"type":"Point","coordinates":[-79.847962,40.461323]},"properties":{"stop_id":"13796","name":"FRANKSTOWN RD + DUFFIELD AVE","weekday_trips":23,"routes":["77"]}},{"type":"Feature","geometry":{"type":"Point","coordinates":[-80.094113,40.510135]},"properties":{"stop_id":"1380","name":"OHIO RIVER BLVD + WILLOW","weekday_trips":24,"routes":["14"]}},{"type":"Feature","geometry":{"type":"Point","coordinates":[-80.090674,40.50872]},"properties":{"stop_id":"1381","name":"OHIO RIVER BLVD + MEMORIAL","weekday_trips":24,"routes":["14"]}},{"type":"Feature","geometry":{"type":"Point","coordinates":[-80.084668,40.504826]},"properties":{"stop_id":"1382","name":"OHIO RIVER BLVD + BRIGHTON (#7139)","weekday_trips":24,"routes":["14"]}},{"type":"Feature","geometry":{"type":"Point","coordinates":[-80.08116,40.503591]},"properties":{"stop_id":"1383","name":"OHIO RIVER BLVD + DICKSON","weekday_trips":24,"routes":["14"]}},{"type":"Feature","geometry":{"type":"Point","coordinates":[-80.075483,40.501564]},"properties":{"stop_id":"1384","name":"OHIO RIVER BLVD + MONITOR","weekday_trips":24,"routes":["14"]}},{"type":"Feature","geometry":{"type":"Point","coordinates":[-80.073567,40.500448]},"properties":{"stop_id":"1385","name":"OHIO RIVER BLVD + HARRISON","weekday_trips":24,"routes":["14"]}},{"type":"Feature","geometry":{"type":"Point","coordinates":[-80.071566,40.499137]},"properties":{"stop_id":"1386","name":"OHIO RIVER BLVD + BIRMINGHAM AVE BRIDGE","weekday_trips":24,"routes":["14"]}},{"type":"Feature","geometry":{"type":"Point","coordinates":[-80.067434,40.495937]},"properties":{"stop_id":"1387","name":"OHIO RIVER BLVD + ELIZABETH","weekday_trips":24,"routes":["14"]}},{"type":"Feature","geometry":{"type":"Point","coordinates":[-80.064288,40.494148]},"properties":{"stop_id":"1388","name":"OHIO RIVER BLVD + EAT-N-PARK","weekday_trips":24,"routes":["14"]}},{"type":"Feature","geometry":{"type":"Point","coordinates":[-80.061533,40.491819]},"properties":{"stop_id":"1389","name":"OHIO RIVER BLVD + RIVERVIEW","weekday_trips":24,"routes":["14"]}},{"type":"Feature","geometry":{"type":"Point","coordinates":[-80.057814,40.488804]},"properties":{"stop_id":"1390","name":"OHIO RIVER BLVD + SPRING AVE (STEPS)","weekday_trips":24,"routes":["14"]}},{"type":"Feature","geometry":{"type":"Point","coordinates":[-80.056511,40.487869]},"properties":{"stop_id":"1391","name":"OHIO RIVER BLVD + SHILOH","weekday_trips":24,"routes":["14"]}},{"type":"Feature","geometry":{"type":"Point","coordinates":[-80.054165,40.486328]},"properties":{"stop_id":"1392","name":"OHIO RIVER BLVD + KENDALL","weekday_trips":24,"routes":["14"]}},{"type":"Feature","geometry":{"type":"Point","coordinates":[-80.031004,40.462166]},"properties":{"stop_id":"1395","name":"CALIFORNIA AVE + MARSHALL AVE","weekday_trips":63,"routes":["13","14"]}},{"type":"Feature","geometry":{"type":"Point","coordinates":[-80.029129,40.453468]},"properties":{"stop_id":"1397","name":"BEAVER AVE + PENNSYLVANIA","weekday_trips":24,"routes":["14"]}},{"type":"Feature","geometry":{"type":"Point","coordinates":[-80.028656,40.452]},"properties":{"stop_id":"1398","name":"BEAVER AVE + NORTH","weekday_trips":24,"routes":["14"]}},{"type":"Feature","geometry":{"type":"Point","coordinates":[-80.027035,40.44961]},"properties":{"stop_id":"1400","name":"BEAVER AVE + NORTH POINTE","weekday_trips":24,"routes":["14"]}},{"type":"Feature","geometry":{"type":"Point","coordinates":[-79.992052,40.444022]},"properties":{"stop_id":"1407","name":"EAST BUSWAY + PENN STATION C","weekday_trips":627,"routes":["1","11","12","15","19L","2","29","31","39","40","41","44","6","91","G3","G31","P1","P10","P12","P16","P17","P67","P68","P69","P7","P71","P76","P78"]}},{"type":"Feature","geometry":{"type":"Point","coordinates":[-79.996451,40.443417]},"properties":{"stop_id":"1408","name":"LIBERTY AVE + SMITHFIELD ST","weekday_trips":61,"routes":["29","31","G3","G31"]}},{"type":"Feature","geometry":{"type":"Point","coordinates":[-80.001396,40.442127]},"properties":{"stop_id":"1410","name":"LIBERTY AVE + 6TH ST NS","weekday_trips":186,"routes":["13","16","17","19L","8"]}},{"type":"Feature","geometry":{"type":"Point","coordinates":[-80.025365,40.450377]},"properties":{"stop_id":"1413","name":"WESTERN AVE + MANHATTAN FS","weekday_trips":24,"routes":["14"]}},{"type":"Feature","geometry":{"type":"Point","coordinates":[-80.027579,40.451778]},"properties":{"stop_id":"1414","name":"CHATEAU ST + NORTH","weekday_trips":24,"routes":["14"]}},{"type":"Feature","geometry":{"type":"Point","coordinates":[-80.028151,40.453522]},"properties":{"stop_id":"1416","name":"CHATEAU ST + PENNSYLVANIA","weekday_trips":24,"routes":["14"]}},{"type":"Feature","geometry":{"type":"Point","coordinates":[-80.029081,40.456372]},"properties":{"stop_id":"1418","name":"CHATEAU ST + JUNIATA","weekday_trips":68,"routes":["14","17","18"]}},{"type":"Feature","geometry":{"type":"Point","coordinates":[-80.030585,40.462064]},"properties":{"stop_id":"1419","name":"CALIFORNIA AVE + MARSHALL AVE","weekday_trips":63,"routes":["13","14"]}},{"type":"Feature","geometry":{"type":"Point","coordinates":[-80.045977,40.481481]},"properties":{"stop_id":"1421","name":"OHIO RIVER BLVD + MILLERTON","weekday_trips":30,"routes":["14","19L"]}},{"type":"Feature","geometry":{"type":"Point","coordinates":[-80.053883,40.486275]},"properties":{"stop_id":"1422","name":"OHIO RIVER BLVD + KENDALL","weekday_trips":30,"routes":["14","19L"]}},{"type":"Feature","geometry":{"type":"Point","coordinates":[-80.056318,40.487903]},"properties":{"stop_id":"1424","name":"OHIO RIVER BLVD + SHILOH","weekday_trips":24,"routes":["14"]}},{"type":"Feature","geometry":{"type":"Point","coordinates":[-80.057664,40.488865]},"properties":{"stop_id":"1425","name":"OHIO RIVER BLVD + SPRING AVE (STEPS)","weekday_trips":24,"routes":["14"]}},{"type":"Feature","geometry":{"type":"Point","coordinates":[-80.064299,40.494317]},"properties":{"stop_id":"1427","name":"OHIO RIVER BLVD + EAT-N-PARK","weekday_trips":24,"routes":["14"]}},{"type":"Feature","geometry":{"type":"Point","coordinates":[-80.069651,40.497706]},"properties":{"stop_id":"1429","name":"OHIO RIVER BLVD + LOCUST","weekday_trips":24,"routes":["14"]}},{"type":"Feature","geometry":{"type":"Point","coordinates":[-80.07141,40.499159]},"properties":{"stop_id":"1430","name":"OHIO RIVER BLVD + BIRMINGHAM AVE BRIDGE","weekday_trips":24,"routes":["14"]}},{"type":"Feature","geometry":{"type":"Point","coordinates":[-80.073427,40.500467]},"properties":{"stop_id":"1431","name":"OHIO RIVER BLVD + HARRISON","weekday_trips":24,"routes":["14"]}},{"type":"Feature","geometry":{"type":"Point","coordinates":[-80.074861,40.50139]},"properties":{"stop_id":"1432","name":"OHIO RIVER BLVD + FISK","weekday_trips":24,"routes":["14"]}},{"type":"Feature","geometry":{"type":"Point","coordinates":[-80.076208,40.501937]},"properties":{"stop_id":"1433","name":"OHIO RIVER BLVD + LAUREL","weekday_trips":24,"routes":["14"]}},{"type":"Feature","geometry":{"type":"Point","coordinates":[-80.080877,40.503582]},"properties":{"stop_id":"1434","name":"OHIO RIVER BLVD + DICKSON","weekday_trips":24,"routes":["14"]}},{"type":"Feature","geometry":{"type":"Point","coordinates":[-79.865765,40.46329]},"properties":{"stop_id":"14340","name":"VERONA RD + GRAHAM BLVD EXT","weekday_trips":31,"routes":["79","P17"]}},{"type":"Feature","geometry":{"type":"Point","coordinates":[-80.084785,40.504964]},"properties":{"stop_id":"1435","name":"OHIO RIVER BLVD + BRIGHTON","weekday_trips":24,"routes":["14"]}},{"type":"Feature","geometry":{"type":"Point","coordinates":[-79.911563,40.458267]},"properties":{"stop_id":"14355","name":"HAMILTON AVE + JULIUS","weekday_trips":27,"routes":["75","P17"]}},{"type":"Feature","geometry":{"type":"Point","coordinates":[-79.914352,40.459349]},"properties":{"stop_id":"14357","name":"HAMILTON AVE + ENTERPRISE","weekday_trips":27,"routes":["75","P17"]}},{"type":"Feature","geometry":{"type":"Point","coordinates":[-79.91552,40.459819]},"properties":{"stop_id":"14358","name":"HAMILTON AVE + EAST LIBERTY BLVD","weekday_trips":14,"routes":["P17"]}},{"type":"Feature","geometry":{"type":"Point","coordinates":[-80.090682,40.508833]},"properties":{"stop_id":"1436","name":"OHIO RIVER BLVD + MEMORIAL DR","weekday_trips":24,"routes":["14"]}},{"type":"Feature","geometry":{"type":"Point","coordinates":[-79.936798,40.457481]},"properties":{"stop_id":"14363","name":"BAUM BLVD + GRAHAM ST","weekday_trips":25,"routes":["77"]}},{"type":"Feature","geometry":{"type":"Point","coordinates":[-79.939483,40.456721]},"properties":{"stop_id":"14364","name":"BAUM BLVD + LIBERTY AVE","weekday_trips":25,"routes":["77"]}},{"type":"Feature","geometry":{"type":"Point","coordinates":[-79.942307,40.455891]},"properties":{"stop_id":"14365","name":"BAUM BLVD + CYPRESS ST FS","weekday_trips":25,"routes":["77"]}},{"type":"Feature","geometry":{"type":"Point","coordinates":[-79.944977,40.455071]},"properties":{"stop_id":"14366","name":"BAUM BLVD + MOREWOOD AVE","weekday_trips":25,"routes":["77"]}},{"type":"Feature","geometry":{"type":"Point","coordinates":[-79.947569,40.454454]},"properties":{"stop_id":"14367","name":"BAUM BLVD + MILLVALE AVE","weekday_trips":25,"routes":["77"]}},{"type":"Feature","geometry":{"type":"Point","coordinates":[-79.949348,40.454144]},"properties":{"stop_id":"14368","name":"BAUM BLVD + ENFIELD ST","weekday_trips":25,"routes":["77"]}},{"type":"Feature","geometry":{"type":"Point","coordinates":[-79.951806,40.454077]},"properties":{"stop_id":"14369","name":"BAUM BLVD + MELWOOD AVE","weekday_trips":25,"routes":["77"]}},{"type":"Feature","geometry":{"type":"Point","coordinates":[-79.953522,40.454418]},"properties":{"stop_id":"14370","name":"CRAIG ST + BAUM BLVD FS","weekday_trips":25,"routes":["77"]}},{"type":"Feature","geometry":{"type":"Point","coordinates":[-80.097923,40.51058]},"properties":{"stop_id":"1438","name":"OHIO RIVER BLVD + ORCHARD","weekday_trips":24,"routes":["14"]}},{"type":"Feature","geometry":{"type":"Point","coordinates":[-80.09971,40.511139]},"properties":{"stop_id":"1439","name":"OHIO RIVER BLVD + PENNSYLVANIA","weekday_trips":24,"routes":["14"]}},{"type":"Feature","geometry":{"type":"Point","coordinates":[-79.848788,40.461884]},"properties":{"stop_id":"14399","name":"FRANKSTOWN RD + CRAB HOLLOW DR","weekday_trips":25,"routes":["77"]}},{"type":"Feature","geometry":{"type":"Point","coordinates":[-80.100904,40.511481]},"properties":{"stop_id":"1440","name":"OHIO RIVER BLVD + ALLEGHENY","weekday_trips":24,"routes":["14"]}},{"type":"Feature","geometry":{"type":"Point","coordinates":[-79.850126,40.46283]},"properties":{"stop_id":"14400","name":"FRANKSTOWN RD + CURTIS ST","weekday_trips":25,"routes":["77"]}},{"type":"Feature","geometry":{"type":"Point","coordinates":[-79.851234,40.463667]},"properties":{"stop_id":"14401","name":"FRANKSTOWN RD + FRANKSTOWN GARDENS","weekday_trips":25,"routes":["77"]}},{"type":"Feature","geometry":{"type":"Point","coordinates":[-79.85307,40.464876]},"properties":{"stop_id":"14402","name":"FRANKSTOWN RD + MCCLUTCHEON LN","weekday_trips":25,"routes":["77"]}},{"type":"Feature","geometry":{"type":"Point","coordinates":[-79.856477,40.463037]},"properties":{"stop_id":"14404","name":"FRANKSTOWN RD + HOWARD ST","weekday_trips":25,"routes":["77"]}},{"type":"Feature","geometry":{"type":"Point","coordinates":[-79.859425,40.462151]},"properties":{"stop_id":"14406","name":"FRANKSTOWN RD + CHAMPA ST","weekday_trips":25,"routes":["77"]}},{"type":"Feature","geometry":{"type":"Point","coordinates":[-79.862717,40.46143]},"properties":{"stop_id":"14408","name":"FRANKSTOWN RD + GRAHAM BLVD","weekday_trips":25,"routes":["77"]}},{"type":"Feature","geometry":{"type":"Point","coordinates":[-80.103676,40.512184]},"properties":{"stop_id":"1441","name":"OHIO RIVER BLVD + HAZELWOOD","weekday_trips":24,"routes":["14"]}},{"type":"Feature","geometry":{"type":"Point","coordinates":[-79.947853,40.454308]},"properties":{"stop_id":"14415","name":"BAUM BLVD + MILLVALE AVE","weekday_trips":23,"routes":["77"]}},{"type":"Feature","geometry":{"type":"Point","coordinates":[-79.945335,40.454888]},"properties":{"stop_id":"14416","name":"BAUM BLVD + MOREWOOD AVE","weekday_trips":23,"routes":["77"]}},{"type":"Feature","geometry":{"type":"Point","coordinates":[-79.942077,40.455864]},"properties":{"stop_id":"14417","name":"BAUM BLVD + CYPRESS ST","weekday_trips":23,"routes":["77"]}},{"type":"Feature","geometry":{"type":"Point","coordinates":[-79.91462,40.459316]},"properties":{"stop_id":"14421","name":"HAMILTON AVE + ENTERPRISE","weekday_trips":27,"routes":["75","P17"]}},{"type":"Feature","geometry":{"type":"Point","coordinates":[-79.911682,40.458202]},"properties":{"stop_id":"14422","name":"HAMILTON AVE + JULIUS","weekday_trips":27,"routes":["75","P17"]}},{"type":"Feature","geometry":{"type":"Point","coordinates":[-79.865903,40.462195]},"properties":{"stop_id":"14435","name":"VERONA RD + GIANT EAGLE","weekday_trips":32,"routes":["79","P17"]}},{"type":"Feature","geometry":{"type":"Point","coordinates":[-79.86566,40.463244]},"properties":{"stop_id":"14436","name":"VERONA RD + GRAHAM BLVD EXT","weekday_trips":32,"routes":["79","P17"]}},{"type":"Feature","geometry":{"type":"Point","coordinates":[-79.865464,40.461225]},"properties":{"stop_id":"14510","name":"FRANKSTOWN RD + ROBINSON BLVD FS","weekday_trips":23,"routes":["77"]}},{"type":"Feature","geometry":{"type":"Point","coordinates":[-79.863266,40.461374]},"properties":{"stop_id":"14511","name":"FRANKSTOWN RD + GRAHAM BLVD","weekday_trips":23,"routes":["77"]}},{"type":"Feature","geometry":{"type":"Point","coordinates":[-79.908378,40.474341]},"properties":{"stop_id":"14568","name":"WASHINGTON BLVD + HIGHLAND","weekday_trips":5,"routes":["P10"]}},{"type":"Feature","geometry":{"type":"Point","coordinates":[-79.90861,40.466916]},"properties":{"stop_id":"14570","name":"WASHINGTON BLVD + LIBERTY WELDING","weekday_trips":5,"routes":["P10"]}},{"type":"Feature","geometry":{"type":"Point","coordinates":[-79.907074,40.460079]},"properties":{"stop_id":"14571","name":"WASHINGTON BLVD + SHETLAND","weekday_trips":5,"routes":["P10"]}},{"type":"Feature","geometry":{"type":"Point","coordinates":[-79.907997,40.458849]},"properties":{"stop_id":"14572","name":"WASHINGTON BLVD + FRANKSTOWN","weekday_trips":5,"routes":["P10"]}},{"type":"Feature","geometry":{"type":"Point","coordinates":[-79.909031,40.457381]},"properties":{"stop_id":"14573","name":"FIFTH AVE + HAMILTON","weekday_trips":5,"routes":["P10"]}},{"type":"Feature","geometry":{"type":"Point","coordinates":[-79.908205,40.474002]},"properties":{"stop_id":"14577","name":"WASHINGTON BLVD + HIGHLAND","weekday_trips":5,"routes":["P10"]}},{"type":"Feature","geometry":{"type":"Point","coordinates":[-79.934539,40.461476]},"properties":{"stop_id":"14844","name":"FRIENDSHIP AVE + FAIRMOUNT FS","weekday_trips":39,"routes":["87"]}},{"type":"Feature","geometry":{"type":"Point","coordinates":[-79.945472,40.46272]},"properties":{"stop_id":"14852","name":"FRIENDSHIP AVE + MILLVALE AVE","weekday_trips":75,"routes":["64","87"]}},{"type":"Feature","geometry":{"type":"Point","coordinates":[-79.947706,40.462889]},"properties":{"stop_id":"14853","name":"FRIENDSHIP AVE + EDMOND ST","weekday_trips":75,"routes":["64","87"]}},{"type":"Feature","geometry":{"type":"Point","coordinates":[-79.948812,40.46349]},"properties":{"stop_id":"14854","name":"FRIENDSHIP AVE + PEARL ST","weekday_trips":75,"routes":["64","87"]}},{"type":"Feature","geometry":{"type":"Point","coordinates":[-79.950619,40.464453]},"properties":{"stop_id":"14855","name":"ELLA ST + FRIENDSHIP AVE FS","weekday_trips":39,"routes":["87"]}},{"type":"Feature","geometry":{"type":"Point","coordinates":[-79.951732,40.463297]},"properties":{"stop_id":"14856","name":"ELLA ST + LIBERTY","weekday_trips":39,"routes":["87"]}},{"type":"Feature","geometry":{"type":"Point","coordinates":[-79.955043,40.463252]},"properties":{"stop_id":"14857","name":"LIBERTY AVE + CANOE WAY","weekday_trips":102,"routes":["54","86","87"]}},{"type":"Feature","geometry":{"type":"Point","coordinates":[-79.95227,40.464384]},"properties":{"stop_id":"14861","name":"HOWLEY ST + SHUR SAVE DRVWY (GANGWISH)","weekday_trips":39,"routes":["87"]}},{"type":"Feature","geometry":{"type":"Point","coordinates":[-79.95139,40.465054]},"properties":{"stop_id":"14862","name":"HOWLEY ST + FRIENDSHIP","weekday_trips":39,"routes":["87"]}},{"type":"Feature","geometry":{"type":"Point","coordinates":[-79.950508,40.464615]},"properties":{"stop_id":"14863","name":"FRIENDSHIP AVE + ELLA ST","weekday_trips":75,"routes":["64","87"]}},{"type":"Feature","geometry":{"type":"Point","coordinates":[-79.949724,40.464046]},"properties":{"stop_id":"14864","name":"FRIENDSHIP AVE + TAYLOR ST","weekday_trips":75,"routes":["64","87"]}},{"type":"Feature","geometry":{"type":"Point","coordinates":[-79.949135,40.463627]},"properties":{"stop_id":"14865","name":"FRIENDSHIP AVE + PEARL ST","weekday_trips":75,"routes":["64","87"]}},{"type":"Feature","geometry":{"type":"Point","coordinates":[-79.947863,40.462614]},"properties":{"stop_id":"14866","name":"FRIENDSHIP AVE + EDMOND ST","weekday_trips":75,"routes":["64","87"]}},{"type":"Feature","geometry":{"type":"Point","coordinates":[-79.946194,40.462386]},"properties":{"stop_id":"14867","name":"FRIENDSHIP AVE + MILLVALE AVE","weekday_trips":75,"routes":["64","87"]}},{"type":"Feature","geometry":{"type":"Point","coordinates":[-79.944658,40.462265]},"properties":{"stop_id":"14868","name":"FRIENDSHIP AVE + GROSS","weekday_trips":39,"routes":["87"]}},{"type":"Feature","geometry":{"type":"Point","coordinates":[-79.939415,40.495403]},"properties":{"stop_id":"14962","name":"MAIN ST + 62ND ST BRIDGE","weekday_trips":58,"routes":["91"]}},{"type":"Feature","geometry":{"type":"Point","coordinates":[-79.943177,40.486333]},"properties":{"stop_id":"14964","name":"BUTLER ST + #6002","weekday_trips":78,"routes":["87","91"]}},{"type":"Feature","geometry":{"type":"Point","coordinates":[-79.946171,40.485257]},"properties":{"stop_id":"14965","name":"BUTLER ST + 57TH","weekday_trips":78,"routes":["87","91"]}},{"type":"Feature","geometry":{"type":"Point","coordinates":[-79.947935,40.484504]},"properties":{"stop_id":"14966","name":"BUTLER ST + 56TH","weekday_trips":78,"routes":["87","91"]}},{"type":"Feature","geometry":{"type":"Point","coordinates":[-79.955589,40.478523]},"properties":{"stop_id":"14967","name":"BUTLER ST + 51ST (STANTON)","weekday_trips":88,"routes":["91","93"]}},{"type":"Feature","geometry":{"type":"Point","coordinates":[-79.956902,40.477139]},"properties":{"stop_id":"14968","name":"BUTLER ST + 49TH","weekday_trips":88,"routes":["91","93"]}},{"type":"Feature","geometry":{"type":"Point","coordinates":[-79.957703,40.475983]},"properties":{"stop_id":"14969","name":"BUTLER ST + 48TH","weekday_trips":88,"routes":["91","93"]}},{"type":"Feature","geometry":{"type":"Point","coordinates":[-79.957939,40.474084]},"properties":{"stop_id":"14970","name":"BUTLER ST + 47TH","weekday_trips":88,"routes":["91","93"]}},{"type":"Feature","geometry":{"type":"Point","coordinates":[-79.958756,40.472942]},"properties":{"stop_id":"14971","name":"BUTLER ST + 46TH","weekday_trips":88,"routes":["91","93"]}},{"type":"Feature","geometry":{"type":"Point","coordinates":[-79.959755,40.471596]},"properties":{"stop_id":"14972","name":"BUTLER ST + 44TH","weekday_trips":88,"routes":["91","93"]}},{"type":"Feature","geometry":{"type":"Point","coordinates":[-79.960251,40.470806]},"properties":{"stop_id":"14973","name":"BUTLER ST + 43RD","weekday_trips":88,"routes":["91","93"]}},{"type":"Feature","geometry":{"type":"Point","coordinates":[-79.96125,40.469586]},"properties":{"stop_id":"14974","name":"BUTLER ST + 41ST","weekday_trips":88,"routes":["91","93"]}},{"type":"Feature","geometry":{"type":"Point","coordinates":[-79.960976,40.4697]},"properties":{"stop_id":"14976","name":"BUTLER ST + MAIN","weekday_trips":87,"routes":["91","93"]}},{"type":"Feature","geometry":{"type":"Point","coordinates":[-79.960373,40.470478]},"properties":{"stop_id":"14977","name":"BUTLER ST + 43RD","weekday_trips":87,"routes":["91","93"]}},{"type":"Feature","geometry":{"type":"Point","coordinates":[-79.959801,40.471294]},"properties":{"stop_id":"14978","name":"BUTLER ST + 44TH","weekday_trips":87,"routes":["91","93"]}},{"type":"Feature","geometry":{"type":"Point","coordinates":[-79.958847,40.472671]},"properties":{"stop_id":"14979","name":"BUTLER ST + 46TH","weekday_trips":87,"routes":["91","93"]}},{"type":"Feature","geometry":{"type":"Point","coordinates":[-79.957954,40.473847]},"properties":{"stop_id":"14980","name":"BUTLER ST + 47TH","weekday_trips":87,"routes":["91","93"]}},{"type":"Feature","geometry":{"type":"Point","coordinates":[-79.95755,40.475681]},"properties":{"stop_id":"14981","name":"BUTLER ST + 48TH","weekday_trips":87,"routes":["91","93"]}},{"type":"Feature","geometry":{"type":"Point","coordinates":[-79.956919,40.476992]},"properties":{"stop_id":"14982","name":"BUTLER ST + 49TH","weekday_trips":87,"routes":["91","93"]}},{"type":"Feature","geometry":{"type":"Point","coordinates":[-79.956122,40.477838]},"properties":{"stop_id":"14983","name":"BUTLER ST + 50TH","weekday_trips":87,"routes":["91","93"]}},{"type":"Feature","geometry":{"type":"Point","coordinates":[-79.948296,40.484234]},"properties":{"stop_id":"14984","name":"BUTLER ST + 56TH","weekday_trips":57,"routes":["91"]}},{"type":"Feature","geometry":{"type":"Point","coordinates":[-79.946396,40.485073]},"properties":{"stop_id":"14985","name":"BUTLER ST + 57TH","weekday_trips":76,"routes":["87","91"]}},{"type":"Feature","geometry":{"type":"Point","coordinates":[-80.00504,40.519187]},"properties":{"stop_id":"150","name":"MCKNIGHT RD + NORTHLAND MEDICAL CENTER","weekday_trips":33,"routes":["12","O12"]}},{"type":"Feature","geometry":{"type":"Point","coordinates":[-80.004413,40.44265]},"properties":{"stop_id":"1502","name":"STANWIX ST + PENN AVE (GATEWAY #2)","weekday_trips":49,"routes":["19L","O1","O12","O5"]}},{"type":"Feature","geometry":{"type":"Point","coordinates":[-79.908729,40.470047]},"properties":{"stop_id":"15084","name":"WASHINGTON BLVD + NEGLEY RUN FS","weekday_trips":5,"routes":["P10"]}},{"type":"Feature","geometry":{"type":"Point","coordinates":[-79.855115,40.445726]},"properties":{"stop_id":"15092","name":"WM PENN HWY + OLD GATE","weekday_trips":43,"routes":["67","P16","P67"]}},{"type":"Feature","geometry":{"type":"Point","coordinates":[-79.99536,40.441202]},"properties":{"stop_id":"1510","name":"GRANT ST + US STEEL STOP A","weekday_trips":101,"routes":["P1"]}},{"type":"Feature","geometry":{"type":"Point","coordinates":[-79.84848,40.446755]},"properties":{"stop_id":"15109","name":"BEULAH RD + MCCRADY RD","weekday_trips":11,"routes":["P16"]}},{"type":"Feature","geometry":{"type":"Point","coordinates":[-80.049175,40.492377]},"properties":{"stop_id":"1518","name":"LINCOLN AVE + BRYANT AVE FS","weekday_trips":101,"routes":["13","16","19L"]}},{"type":"Feature","geometry":{"type":"Point","coordinates":[-80.048218,40.490959]},"properties":{"stop_id":"1519","name":"LINCOLN AVE + KENDALL AVE","weekday_trips":101,"routes":["13","16","19L"]}},{"type":"Feature","geometry":{"type":"Point","coordinates":[-79.886095,40.441207]},"properties":{"stop_id":"15218","name":"WOOD ST + FRANKLIN","weekday_trips":73,"routes":["61A","71","P71"]}},{"type":"Feature","geometry":{"type":"Point","coordinates":[-80.043615,40.488513]},"properties":{"stop_id":"1522","name":"WINHURST ST + CAMBRONNE","weekday_trips":55,"routes":["16"]}},{"type":"Feature","geometry":{"type":"Point","coordinates":[-80.041148,40.487628]},"properties":{"stop_id":"1524","name":"CAMBRONNE ST + BRIGHTON","weekday_trips":55,"routes":["16"]}},{"type":"Feature","geometry":{"type":"Point","coordinates":[-80.039297,40.487296]},"properties":{"stop_id":"1525","name":"BRIGHTON RD + PENNOCK","weekday_trips":88,"routes":["16","17"]}},{"type":"Feature","geometry":{"type":"Point","coordinates":[-80.038024,40.487061]},"properties":{"stop_id":"1526","name":"BRIGHTON RD + KLEBER","weekday_trips":88,"routes":["16","17"]}},{"type":"Feature","geometry":{"type":"Point","coordinates":[-79.884597,40.487257]},"properties":{"stop_id":"15263","name":"FREEPORT RD + #1050","weekday_trips":121,"routes":["1","75","91"]}},{"type":"Feature","geometry":{"type":"Point","coordinates":[-80.052905,40.452707]},"properties":{"stop_id":"15270","name":"WEST BUSWAY + SHERADEN STATION B","weekday_trips":50,"routes":["28X","G3","G31"]}},{"type":"Feature","geometry":{"type":"Point","coordinates":[-80.090234,40.406091]},"properties":{"stop_id":"15275","name":"WEST BUSWAY + CARNEGIE STATION","weekday_trips":46,"routes":["G2"]}},{"type":"Feature","geometry":{"type":"Point","coordinates":[-80.090038,40.406216]},"properties":{"stop_id":"15276","name":"WEST BUSWAY + CARNEGIE STATION","weekday_trips":46,"routes":["G2"]}},{"type":"Feature","geometry":{"type":"Point","coordinates":[-80.082726,40.4156]},"properties":{"stop_id":"15277","name":"WEST BUSWAY + BELL STATION C","weekday_trips":96,"routes":["28X","G2","G3","G31"]}},{"type":"Feature","geometry":{"type":"Point","coordinates":[-80.072562,40.426224]},"properties":{"stop_id":"15278","name":"WEST BUSWAY + IDLEWOOD STATION C","weekday_trips":96,"routes":["28X","G2","G3","G31"]}},{"type":"Feature","geometry":{"type":"Point","coordinates":[-80.067571,40.435745]},"properties":{"stop_id":"15279","name":"WEST BUSWAY + CRAFTON STATION C","weekday_trips":96,"routes":["28X","G2","G3","G31"]}},{"type":"Feature","geometry":{"type":"Point","coordinates":[-80.035973,40.48452]},"properties":{"stop_id":"1528","name":"BRIGHTON RD + BENTON","weekday_trips":88,"routes":["16","17"]}},{"type":"Feature","geometry":{"type":"Point","coordinates":[-80.065889,40.44386]},"properties":{"stop_id":"15280","name":"WEST BUSWAY + INGRAM STATION C","weekday_trips":96,"routes":["28X","G2","G3","G31"]}},{"type":"Feature","geometry":{"type":"Point","coordinates":[-80.052935,40.452566]},"properties":{"stop_id":"15281","name":"WEST BUSWAY + SHERADEN STATION C","weekday_trips":96,"routes":["28X","G2","G3","G31"]}},{"type":"Feature","geometry":{"type":"Point","coordinates":[-79.998105,40.442835]},"properties":{"stop_id":"15283","name":"LIBERTY AVE + 9TH ST","weekday_trips":541,"routes":["1","11","12","15","2","6","81","82","83","86","87","88","91","O1","O12","O5"]}},{"type":"Feature","geometry":{"type":"Point","coordinates":[-79.996792,40.443186]},"properties":{"stop_id":"15284","name":"LIBERTY AVE + SMITHFIELD ST","weekday_trips":172,"routes":["29","31","39","40","41","44","G3","G31"]}},{"type":"Feature","geometry":{"type":"Point","coordinates":[-79.99539,40.443544]},"properties":{"stop_id":"15285","name":"LIBERTY AVE + WILLIAM PENN PL","weekday_trips":450,"routes":["1","11","12","15","2","6","86","87","88","91","P10","P17","P69","P7","P76","P78"]}},{"type":"Feature","geometry":{"type":"Point","coordinates":[-79.994316,40.443292]},"properties":{"stop_id":"15287","name":"GRANT ST + LIBERTY AVE FS (FED BLDG)","weekday_trips":6,"routes":["19L"]}},{"type":"Feature","geometry":{"type":"Point","coordinates":[-80.035509,40.483136]},"properties":{"stop_id":"1529","name":"BRIGHTON RD + TERMON","weekday_trips":88,"routes":["16","17"]}},{"type":"Feature","geometry":{"type":"Point","coordinates":[-80.034213,40.481804]},"properties":{"stop_id":"1530","name":"BRIGHTON RD + DAVIS","weekday_trips":55,"routes":["16"]}},{"type":"Feature","geometry":{"type":"Point","coordinates":[-80.031195,40.47972]},"properties":{"stop_id":"1532","name":"BRIGHTON RD + ACACIA","weekday_trips":55,"routes":["16"]}},{"type":"Feature","geometry":{"type":"Point","coordinates":[-80.031797,40.476618]},"properties":{"stop_id":"1534","name":"BRIGHTON RD + WOODS RUN","weekday_trips":55,"routes":["16"]}},{"type":"Feature","geometry":{"type":"Point","coordinates":[-80.030641,40.475463]},"properties":{"stop_id":"1535","name":"BRIGHTON RD + WADLOW","weekday_trips":55,"routes":["16"]}},{"type":"Feature","geometry":{"type":"Point","coordinates":[-80.011597,40.493465]},"properties":{"stop_id":"15352","name":"MCKNIGHT RD + EVERGREEN RD","weekday_trips":24,"routes":["12"]}},{"type":"Feature","geometry":{"type":"Point","coordinates":[-80.028981,40.473804]},"properties":{"stop_id":"1536","name":"BRIGHTON RD + SCHIMMER","weekday_trips":55,"routes":["16"]}},{"type":"Feature","geometry":{"type":"Point","coordinates":[-80.027113,40.471755]},"properties":{"stop_id":"1537","name":"BRIGHTON RD + MCDOWELL","weekday_trips":55,"routes":["16"]}},{"type":"Feature","geometry":{"type":"Point","coordinates":[-80.025708,40.470059]},"properties":{"stop_id":"1539","name":"BRIGHTON RD + WOODLAND","weekday_trips":55,"routes":["16"]}},{"type":"Feature","geometry":{"type":"Point","coordinates":[-80.00679,40.507012]},"properties":{"stop_id":"154","name":"MCKNIGHT RD + NELSON RUN RD","weekday_trips":33,"routes":["12","O12"]}},{"type":"Feature","geometry":{"type":"Point","coordinates":[-80.025291,40.468456]},"properties":{"stop_id":"1540","name":"BRIGHTON RD + HIGHWOOD","weekday_trips":88,"routes":["16","17"]}},{"type":"Feature","geometry":{"type":"Point","coordinates":[-79.908297,40.411455]},"properties":{"stop_id":"15423","name":"GIANT EAGLE DRIVE + DRUG STORE","weekday_trips":319,"routes":["53L","57","59","61D","64"]}},{"type":"Feature","geometry":{"type":"Point","coordinates":[-79.912281,40.409837]},"properties":{"stop_id":"15428","name":"AMITY ST + TARGET DRIVE","weekday_trips":181,"routes":["53L","57","59","61D","64"]}},{"type":"Feature","geometry":{"type":"Point","coordinates":[-80.022922,40.463874]},"properties":{"stop_id":"1543","name":"BRIGHTON RD + OLIVER HIGH SCHOOL","weekday_trips":55,"routes":["16"]}},{"type":"Feature","geometry":{"type":"Point","coordinates":[-79.876429,40.383012]},"properties":{"stop_id":"15433","name":"COMMONWEALTH + SHADY LN","weekday_trips":26,"routes":["59"]}},{"type":"Feature","geometry":{"type":"Point","coordinates":[-79.930145,40.450566]},"properties":{"stop_id":"15452","name":"NEGLEY AVE + KENTUCKY","weekday_trips":36,"routes":["64"]}},{"type":"Feature","geometry":{"type":"Point","coordinates":[-79.931078,40.452143]},"properties":{"stop_id":"15453","name":"NEGLEY AVE + WALNUT","weekday_trips":36,"routes":["64"]}},{"type":"Feature","geometry":{"type":"Point","coordinates":[-79.931738,40.453261]},"properties":{"stop_id":"15454","name":"NEGLEY AVE + ELMER","weekday_trips":36,"routes":["64"]}},{"type":"Feature","geometry":{"type":"Point","coordinates":[-79.932714,40.454902]},"properties":{"stop_id":"15455","name":"NEGLEY AVE + ELLSWORTH","weekday_trips":36,"routes":["64"]}},{"type":"Feature","geometry":{"type":"Point","coordinates":[-79.933747,40.456655]},"properties":{"stop_id":"15456","name":"NEGLEY AVE + CLAYBOURNE","weekday_trips":36,"routes":["64"]}},{"type":"Feature","geometry":{"type":"Point","coordinates":[-80.020229,40.462686]},"properties":{"stop_id":"1546","name":"BRIGHTON RD + FARRIS ST (STEPS)","weekday_trips":55,"routes":["16"]}},{"type":"Feature","geometry":{"type":"Point","coordinates":[-79.92806,40.458996]},"properties":{"stop_id":"15462","name":"CENTRE AVE + WHOLE FOODS","weekday_trips":93,"routes":["82","86"]}},{"type":"Feature","geometry":{"type":"Point","coordinates":[-80.019046,40.461564]},"properties":{"stop_id":"1547","name":"BRIGHTON RD + BRIGHTRIDGE","weekday_trips":55,"routes":["16"]}},{"type":"Feature","geometry":{"type":"Point","coordinates":[-79.994301,40.442787]},"properties":{"stop_id":"15474","name":"GRANT ST + 7TH AVE FS","weekday_trips":78,"routes":["19L","P12","P16","P67","P68","P71"]}},{"type":"Feature","geometry":{"type":"Point","coordinates":[-80.016752,40.459423]},"properties":{"stop_id":"1549","name":"BRIGHTON RD + CALIFORNIA AVE FS","weekday_trips":125,"routes":["13","15","16"]}},{"type":"Feature","geometry":{"type":"Point","coordinates":[-80.015721,40.457027]},"properties":{"stop_id":"1550","name":"BRIGHTON RD + JACKSONIA ST","weekday_trips":125,"routes":["13","15","16"]}},{"type":"Feature","geometry":{"type":"Point","coordinates":[-80.015452,40.4562]},"properties":{"stop_id":"1551","name":"BRIGHTON RD + PENNSYLVANIA AVE","weekday_trips":125,"routes":["13","15","16"]}},{"type":"Feature","geometry":{"type":"Point","coordinates":[-80.01407,40.454003]},"properties":{"stop_id":"1553","name":"NORTH AVE + BRIGHTON RD FS","weekday_trips":158,"routes":["13","15","16","17"]}},{"type":"Feature","geometry":{"type":"Point","coordinates":[-80.012695,40.454277]},"properties":{"stop_id":"1554","name":"NORTH AVE + MONTEREY ST","weekday_trips":158,"routes":["13","15","16","17"]}},{"type":"Feature","geometry":{"type":"Point","coordinates":[-80.008809,40.454999]},"properties":{"stop_id":"1556","name":"NORTH AVE + ARCH ST","weekday_trips":158,"routes":["13","15","16","17"]}},{"type":"Feature","geometry":{"type":"Point","coordinates":[-80.006962,40.455316]},"properties":{"stop_id":"1557","name":"NORTH AVE + FEDERAL ST","weekday_trips":212,"routes":["13","15","16","17","54"]}},{"type":"Feature","geometry":{"type":"Point","coordinates":[-79.933358,40.437974]},"properties":{"stop_id":"15659","name":"FORBES AVE + SCHENLEY DR","weekday_trips":242,"routes":["61A","61B","61C","61D"]}},{"type":"Feature","geometry":{"type":"Point","coordinates":[-79.865005,40.462338]},"properties":{"stop_id":"15664","name":"GIANT EAGLE (VERONA RD) AT ENTRANCE","weekday_trips":31,"routes":["79","P17"]}},{"type":"Feature","geometry":{"type":"Point","coordinates":[-79.863734,40.455676]},"properties":{"stop_id":"15665","name":"ROBINSON BLVD + DOUGLAS","weekday_trips":32,"routes":["79","P17"]}},{"type":"Feature","geometry":{"type":"Point","coordinates":[-79.929901,40.475715]},"properties":{"stop_id":"15671","name":"CHISLETT ST + WELLSLEY","weekday_trips":53,"routes":["75","87"]}},{"type":"Feature","geometry":{"type":"Point","coordinates":[-79.871804,40.456619]},"properties":{"stop_id":"15674","name":"PARK HILL DR + #2567","weekday_trips":31,"routes":["79","P17"]}},{"type":"Feature","geometry":{"type":"Point","coordinates":[-79.873382,40.456271]},"properties":{"stop_id":"15675","name":"PARK HILL DR + #2501","weekday_trips":31,"routes":["79","P17"]}},{"type":"Feature","geometry":{"type":"Point","coordinates":[-79.874206,40.455542]},"properties":{"stop_id":"15676","name":"PARK HILL DR + #2401","weekday_trips":31,"routes":["79","P17"]}},{"type":"Feature","geometry":{"type":"Point","coordinates":[-79.874317,40.452989]},"properties":{"stop_id":"15678","name":"PARK HILL DR + #2101","weekday_trips":31,"routes":["79","P17"]}},{"type":"Feature","geometry":{"type":"Point","coordinates":[-80.030113,40.507614]},"properties":{"stop_id":"15716","name":"ROSS PARK AND RIDE ENTRANCE AT HOV RAMP","weekday_trips":20,"routes":["O1"]}},{"type":"Feature","geometry":{"type":"Point","coordinates":[-80.057434,40.388581]},"properties":{"stop_id":"15744","name":"COCHRAN + OSAGE RD","weekday_trips":15,"routes":["38"]}},{"type":"Feature","geometry":{"type":"Point","coordinates":[-80.059083,40.390833]},"properties":{"stop_id":"15746","name":"COCHRAN + ROBINWOOD","weekday_trips":15,"routes":["38"]}},{"type":"Feature","geometry":{"type":"Point","coordinates":[-80.063113,40.392973]},"properties":{"stop_id":"15747","name":"COCHRAN + ROESSLER","weekday_trips":15,"routes":["38"]}},{"type":"Feature","geometry":{"type":"Point","coordinates":[-80.082928,40.508209]},"properties":{"stop_id":"1577","name":"CHURCH AVE + FOREST AVE","weekday_trips":7,"routes":["19L"]}},{"type":"Feature","geometry":{"type":"Point","coordinates":[-80.081372,40.507545]},"properties":{"stop_id":"1578","name":"CHURCH AVE + DICKSON","weekday_trips":7,"routes":["19L"]}},{"type":"Feature","geometry":{"type":"Point","coordinates":[-80.079397,40.507353]},"properties":{"stop_id":"1579","name":"CHURCH AVE + RIDGE","weekday_trips":7,"routes":["19L"]}},{"type":"Feature","geometry":{"type":"Point","coordinates":[-80.013054,40.498345]},"properties":{"stop_id":"158","name":"MCKNIGHT RD + IVORY AVE RAMP (ISLAND)","weekday_trips":33,"routes":["12","O12"]}},{"type":"Feature","geometry":{"type":"Point","coordinates":[-80.076942,40.506971]},"properties":{"stop_id":"1580","name":"CHURCH AVE + WALNUT","weekday_trips":7,"routes":["19L"]}},{"type":"Feature","geometry":{"type":"Point","coordinates":[-80.074766,40.506461]},"properties":{"stop_id":"1581","name":"CHURCH AVE + VICTORIA","weekday_trips":7,"routes":["19L"]}},{"type":"Feature","geometry":{"type":"Point","coordinates":[-79.987142,40.41795]},"properties":{"stop_id":"15833","name":"ARLINGTON+ JOHN F.S.","weekday_trips":100,"routes":["48","51L","54"]}},{"type":"Feature","geometry":{"type":"Point","coordinates":[-79.997337,40.418453]},"properties":{"stop_id":"15835","name":"BELTZHOOVER + CEDARHURST","weekday_trips":27,"routes":["54"]}},{"type":"Feature","geometry":{"type":"Point","coordinates":[-79.997358,40.419206]},"properties":{"stop_id":"15836","name":"BELTZHOOVER + FREELAND","weekday_trips":27,"routes":["54"]}},{"type":"Feature","geometry":{"type":"Point","coordinates":[-79.997262,40.419026]},"properties":{"stop_id":"15838","name":"BELTZHOOVER + FREELAND","weekday_trips":27,"routes":["54"]}},{"type":"Feature","geometry":{"type":"Point","coordinates":[-79.997214,40.417847]},"properties":{"stop_id":"15839","name":"BELTZHOOVER + ORCHARD","weekday_trips":27,"routes":["54"]}},{"type":"Feature","geometry":{"type":"Point","coordinates":[-80.018936,40.438188]},"properties":{"stop_id":"15842","name":"GRANDVIEW AVE + #1209 (DUQUESNE INCLINE)","weekday_trips":28,"routes":["40"]}},{"type":"Feature","geometry":{"type":"Point","coordinates":[-80.027037,40.440038]},"properties":{"stop_id":"15844","name":"FINGAL ST + #225(FINGAL/RUTLDGE TERMIN)","weekday_trips":55,"routes":["40"]}},{"type":"Feature","geometry":{"type":"Point","coordinates":[-80.008476,40.455176]},"properties":{"stop_id":"1587","name":"NORTH AVE + ARCH ST","weekday_trips":157,"routes":["13","15","16","17"]}},{"type":"Feature","geometry":{"type":"Point","coordinates":[-79.951512,40.346586]},"properties":{"stop_id":"15876","name":"MOUNTAINVIEW DR + CENTURY DR FS","weekday_trips":43,"routes":["55","59"]}},{"type":"Feature","geometry":{"type":"Point","coordinates":[-79.885613,40.437189]},"properties":{"stop_id":"15878","name":"EAST BUSWAY + HAMNETT STATION C","weekday_trips":145,"routes":["P1","P3"]}},{"type":"Feature","geometry":{"type":"Point","coordinates":[-79.886376,40.41944]},"properties":{"stop_id":"15879","name":"EAST BUSWAY + ROSLYN STATION C","weekday_trips":145,"routes":["P1","P3"]}},{"type":"Feature","geometry":{"type":"Point","coordinates":[-79.888646,40.446887]},"properties":{"stop_id":"15880","name":"EAST BUSWAY + WILKINSBURG STATION C","weekday_trips":145,"routes":["P1","P3"]}},{"type":"Feature","geometry":{"type":"Point","coordinates":[-80.007149,40.450584]},"properties":{"stop_id":"15881","name":"WEST COMMONS + THE ALLEGHENY SENIOR HOME","weekday_trips":94,"routes":["13","16"]}},{"type":"Feature","geometry":{"type":"Point","coordinates":[-80.005168,40.425795]},"properties":{"stop_id":"15885","name":"RUTH ST + KATHLEEN","weekday_trips":18,"routes":["43"]}},{"type":"Feature","geometry":{"type":"Point","coordinates":[-80.004162,40.42545]},"properties":{"stop_id":"15886","name":"KATHLEEN + HARWOOD","weekday_trips":18,"routes":["43"]}},{"type":"Feature","geometry":{"type":"Point","coordinates":[-80.002824,40.425539]},"properties":{"stop_id":"15887","name":"KATHLEEN + HABERMAN","weekday_trips":18,"routes":["43"]}},{"type":"Feature","geometry":{"type":"Point","coordinates":[-80.012437,40.454419]},"properties":{"stop_id":"1589","name":"NORTH AVE + MONTEREY ST","weekday_trips":157,"routes":["13","15","16","17"]}},{"type":"Feature","geometry":{"type":"Point","coordinates":[-80.014394,40.454075]},"properties":{"stop_id":"1590","name":"NORTH AVE + BRIGHTON RD","weekday_trips":157,"routes":["13","15","16","17"]}},{"type":"Feature","geometry":{"type":"Point","coordinates":[-79.94911,40.347555]},"properties":{"stop_id":"15908","name":"CENTURY SQUARE ENTRANCE RAMP + MOUNTIANVIEW","weekday_trips":57,"routes":["51","Y47"]}},{"type":"Feature","geometry":{"type":"Point","coordinates":[-80.015169,40.455793]},"properties":{"stop_id":"1591","name":"BRIGHTON RD + TAYLOR AVE","weekday_trips":124,"routes":["13","15","16"]}},{"type":"Feature","geometry":{"type":"Point","coordinates":[-80.015594,40.457044]},"properties":{"stop_id":"1592","name":"BRIGHTON RD + JACKSONIA ST FS","weekday_trips":124,"routes":["13","15","16"]}},{"type":"Feature","geometry":{"type":"Point","coordinates":[-80.016021,40.458351]},"properties":{"stop_id":"1593","name":"BRIGHTON RD + COLUMBIA PL","weekday_trips":124,"routes":["13","15","16"]}},{"type":"Feature","geometry":{"type":"Point","coordinates":[-80.016874,40.459609]},"properties":{"stop_id":"1594","name":"BRIGHTON RD + CHARLES","weekday_trips":85,"routes":["15","16"]}},{"type":"Feature","geometry":{"type":"Point","coordinates":[-79.995195,40.441664]},"properties":{"stop_id":"15946","name":"GRANT ST + US STEEL STOP B","weekday_trips":71,"routes":["P12","P16","P67","P68","P71"]}},{"type":"Feature","geometry":{"type":"Point","coordinates":[-80.015513,40.456026]},"properties":{"stop_id":"15952","name":"PENNSYLVANIA + BRIGHTON","weekday_trips":33,"routes":["17"]}},{"type":"Feature","geometry":{"type":"Point","coordinates":[-80.020522,40.463029]},"properties":{"stop_id":"1596","name":"BRIGHTON RD + FARRIS ST STEPS","weekday_trips":55,"routes":["16"]}},{"type":"Feature","geometry":{"type":"Point","coordinates":[-80.022547,40.463751]},"properties":{"stop_id":"1599","name":"BRIGHTON RD + OLIVER HIGH SCHOOL","weekday_trips":55,"routes":["16"]}},{"type":"Feature","geometry":{"type":"Point","coordinates":[-80.106802,40.506232]},"properties":{"stop_id":"15991","name":"GRAND AVE + NEVILLE METALS","weekday_trips":15,"routes":["21"]}},{"type":"Feature","geometry":{"type":"Point","coordinates":[-80.113008,40.485336]},"properties":{"stop_id":"15992","name":"HERBST + BOSTIAN","weekday_trips":36,"routes":["20"]}},{"type":"Feature","geometry":{"type":"Point","coordinates":[-80.024901,40.466752]},"properties":{"stop_id":"1601","name":"BRIGHTON RD + MARSHALL","weekday_trips":55,"routes":["16"]}},{"type":"Feature","geometry":{"type":"Point","coordinates":[-79.886976,40.443528]},"properties":{"stop_id":"16014","name":"HAY ST RAMP + INBOUND SHELTER","weekday_trips":116,"routes":["71C","P12","P68","P69","P7","P76"]}},{"type":"Feature","geometry":{"type":"Point","coordinates":[-79.970077,40.441375]},"properties":{"stop_id":"16019","name":"OAK HILL + HYMAN","weekday_trips":30,"routes":["81"]}},{"type":"Feature","geometry":{"type":"Point","coordinates":[-80.025165,40.468433]},"properties":{"stop_id":"1602","name":"BRIGHTON RD + HIGHWOOD","weekday_trips":88,"routes":["16","17"]}},{"type":"Feature","geometry":{"type":"Point","coordinates":[-79.969859,40.440214]},"properties":{"stop_id":"16020","name":"OAK HILL + BENTLY","weekday_trips":30,"routes":["81"]}},{"type":"Feature","geometry":{"type":"Point","coordinates":[-79.96855,40.440622]},"properties":{"stop_id":"16022","name":"ALLEQUIPPA ST + SR RESIDENCE (#2418)","weekday_trips":28,"routes":["83"]}},{"type":"Feature","geometry":{"type":"Point","coordinates":[-79.968027,40.441034]},"properties":{"stop_id":"16023","name":"ALLEQUIPPA ST + WHITRIDGE","weekday_trips":28,"routes":["83"]}},{"type":"Feature","geometry":{"type":"Point","coordinates":[-79.965859,40.442734]},"properties":{"stop_id":"16024","name":"ALLEQUIPPA ST + ROBINSON","weekday_trips":28,"routes":["83"]}},{"type":"Feature","geometry":{"type":"Point","coordinates":[-79.966436,40.443311]},"properties":{"stop_id":"16025","name":"WADSWORTH ST + ROBINSON","weekday_trips":30,"routes":["81"]}},{"type":"Feature","geometry":{"type":"Point","coordinates":[-79.96843,40.442613]},"properties":{"stop_id":"16026","name":"ECKSTIEN + WADSWORTH","weekday_trips":30,"routes":["81"]}},{"type":"Feature","geometry":{"type":"Point","coordinates":[-79.969837,40.440034]},"properties":{"stop_id":"16027","name":"BENTLY DR + OAK HILL","weekday_trips":30,"routes":["81"]}},{"type":"Feature","geometry":{"type":"Point","coordinates":[-79.969941,40.441506]},"properties":{"stop_id":"16028","name":"OAK HILL DR + ECKSTIEN","weekday_trips":30,"routes":["81"]}},{"type":"Feature","geometry":{"type":"Point","coordinates":[-79.910856,40.456011]},"properties":{"stop_id":"16029","name":"EAST LIBERTY DRWY + FIFTH FS","weekday_trips":146,"routes":["28X","74","75","88","89","P10","P17"]}},{"type":"Feature","geometry":{"type":"Point","coordinates":[-80.025572,40.470006]},"properties":{"stop_id":"1603","name":"BRIGHTON RD + WOODLAND","weekday_trips":55,"routes":["16"]}},{"type":"Feature","geometry":{"type":"Point","coordinates":[-80.026958,40.47177]},"properties":{"stop_id":"1605","name":"BRIGHTON RD + MCDOWELL","weekday_trips":55,"routes":["16"]}},{"type":"Feature","geometry":{"type":"Point","coordinates":[-80.028626,40.473529]},"properties":{"stop_id":"1606","name":"BRIGHTON RD + WESTBORN","weekday_trips":55,"routes":["16"]}},{"type":"Feature","geometry":{"type":"Point","coordinates":[-79.87905,40.415288]},"properties":{"stop_id":"16063","name":"EAST BUSWAY + SWISSVALE STATION A","weekday_trips":317,"routes":["71","P1","P3","P71"]}},{"type":"Feature","geometry":{"type":"Point","coordinates":[-80.030153,40.475272]},"properties":{"stop_id":"1607","name":"BRIGHTON RD + WADLOW","weekday_trips":55,"routes":["16"]}},{"type":"Feature","geometry":{"type":"Point","coordinates":[-80.031616,40.476352]},"properties":{"stop_id":"1608","name":"BRIGHTON RD + WOODS RUN","weekday_trips":55,"routes":["16"]}},{"type":"Feature","geometry":{"type":"Point","coordinates":[-80.028775,40.455436]},"properties":{"stop_id":"16086","name":"CHATEAU + FRANKLIN","weekday_trips":68,"routes":["14","17","18"]}},{"type":"Feature","geometry":{"type":"Point","coordinates":[-80.031059,40.479706]},"properties":{"stop_id":"1610","name":"BRIGHTON RD + ACACIA","weekday_trips":55,"routes":["16"]}},{"type":"Feature","geometry":{"type":"Point","coordinates":[-79.888573,40.44656]},"properties":{"stop_id":"16104","name":"EAST BUSWAY + WILKINSBURG STATION A","weekday_trips":146,"routes":["P1","P3"]}},{"type":"Feature","geometry":{"type":"Point","coordinates":[-79.885696,40.436841]},"properties":{"stop_id":"16105","name":"EAST BUSWAY + HAMNETT STATION A","weekday_trips":146,"routes":["P1","P3"]}},{"type":"Feature","geometry":{"type":"Point","coordinates":[-79.886292,40.419086]},"properties":{"stop_id":"16106","name":"EAST BUSWAY + ROSLYN STATION A","weekday_trips":146,"routes":["P1","P3"]}},{"type":"Feature","geometry":{"type":"Point","coordinates":[-79.966949,40.459163]},"properties":{"stop_id":"16107","name":"EAST BUSWAY + HERRON STATION B","weekday_trips":115,"routes":["P10","P12","P16","P17","P67","P68","P69","P7","P71","P76","P78"]}},{"type":"Feature","geometry":{"type":"Point","coordinates":[-79.923089,40.459348]},"properties":{"stop_id":"16109","name":"EAST BUSWAY + EAST LIBERTY STATION B","weekday_trips":115,"routes":["P10","P12","P16","P17","P67","P68","P69","P7","P71","P76","P78"]}},{"type":"Feature","geometry":{"type":"Point","coordinates":[-79.899379,40.453]},"properties":{"stop_id":"16110","name":"EAST BUSWAY + HOMEWOOD STATION B","weekday_trips":96,"routes":["P12","P16","P67","P68","P69","P7","P71","P76","P78"]}},{"type":"Feature","geometry":{"type":"Point","coordinates":[-79.888757,40.446781]},"properties":{"stop_id":"16111","name":"EAST BUSWAY + WILKINSBURG STATION B","weekday_trips":294,"routes":["69","71","71C","71D","79","86","P12","P16","P17","P67","P68","P69","P7","P71","P76","P78"]}},{"type":"Feature","geometry":{"type":"Point","coordinates":[-79.888475,40.44663]},"properties":{"stop_id":"16118","name":"EAST BUSWAY + WILKINSBURG STATION D","weekday_trips":295,"routes":["69","71","71C","71D","79","86","P12","P16","P17","P67","P68","P69","P7","P71","P76","P78"]}},{"type":"Feature","geometry":{"type":"Point","coordinates":[-79.898897,40.452929]},"properties":{"stop_id":"16119","name":"EAST BUSWAY + HOMEWOOD STATION D","weekday_trips":70,"routes":["P12","P16","P67","P69","P7","P76","P78"]}},{"type":"Feature","geometry":{"type":"Point","coordinates":[-79.922767,40.459539]},"properties":{"stop_id":"16120","name":"EAST BUSWAY + EAST LIBERTY STATION D","weekday_trips":75,"routes":["P10","P12","P16","P67","P69","P7","P76","P78"]}},{"type":"Feature","geometry":{"type":"Point","coordinates":[-79.932622,40.456705]},"properties":{"stop_id":"16121","name":"EAST BUSWAY + NEGLEY STATION D","weekday_trips":75,"routes":["P10","P12","P16","P67","P69","P7","P76","P78"]}},{"type":"Feature","geometry":{"type":"Point","coordinates":[-79.966613,40.459362]},"properties":{"stop_id":"16122","name":"EAST BUSWAY + HERRON STATION D","weekday_trips":75,"routes":["P10","P12","P16","P67","P69","P7","P76","P78"]}},{"type":"Feature","geometry":{"type":"Point","coordinates":[-80.033551,40.481541]},"properties":{"stop_id":"1613","name":"BRIGHTON RD + DAVIS","weekday_trips":55,"routes":["16"]}},{"type":"Feature","geometry":{"type":"Point","coordinates":[-80.035329,40.482962]},"properties":{"stop_id":"1615","name":"BRIGHTON RD + TERMON","weekday_trips":88,"routes":["16","17"]}},{"type":"Feature","geometry":{"type":"Point","coordinates":[-80.035728,40.484236]},"properties":{"stop_id":"1616","name":"BRIGHTON RD + BENTON","weekday_trips":88,"routes":["16","17"]}},{"type":"Feature","geometry":{"type":"Point","coordinates":[-79.87873,40.415777]},"properties":{"stop_id":"16177","name":"WOODSTOCK AVE + SWISSVALE STATION STEPS","weekday_trips":98,"routes":["59","61A","P7"]}},{"type":"Feature","geometry":{"type":"Point","coordinates":[-80.037224,40.486996]},"properties":{"stop_id":"1618","name":"BRIGHTON RD + KLEBER","weekday_trips":88,"routes":["16","17"]}},{"type":"Feature","geometry":{"type":"Point","coordinates":[-80.039015,40.48733]},"properties":{"stop_id":"1619","name":"BRIGHTON RD + PENNOCK","weekday_trips":88,"routes":["16","17"]}},{"type":"Feature","geometry":{"type":"Point","coordinates":[-80.040459,40.487591]},"properties":{"stop_id":"1620","name":"BRIGHTON RD + PERROTT","weekday_trips":88,"routes":["16","17"]}},{"type":"Feature","geometry":{"type":"Point","coordinates":[-80.047678,40.489931]},"properties":{"stop_id":"1624","name":"LINCOLN AVE + KESWICK AVE","weekday_trips":94,"routes":["13","16"]}},{"type":"Feature","geometry":{"type":"Point","coordinates":[-80.047725,40.491603]},"properties":{"stop_id":"1625","name":"LINCOLN AVE + STRAW AVE","weekday_trips":94,"routes":["13","16"]}},{"type":"Feature","geometry":{"type":"Point","coordinates":[-80.049223,40.492506]},"properties":{"stop_id":"1626","name":"LINCOLN AVE + BRIGHTON RD","weekday_trips":100,"routes":["13","16","19L"]}},{"type":"Feature","geometry":{"type":"Point","coordinates":[-80.046984,40.489103]},"properties":{"stop_id":"16261","name":"LINCOLN AVE + BURNSIDE","weekday_trips":94,"routes":["13","16"]}},{"type":"Feature","geometry":{"type":"Point","coordinates":[-80.052254,40.493994]},"properties":{"stop_id":"1628","name":"LINCOLN AVE + FREMONT AVE","weekday_trips":100,"routes":["13","16","19L"]}},{"type":"Feature","geometry":{"type":"Point","coordinates":[-80.009567,40.485058]},"properties":{"stop_id":"163","name":"EAST ST + VENTURE ST FS","weekday_trips":54,"routes":["12","15"]}},{"type":"Feature","geometry":{"type":"Point","coordinates":[-80.055405,40.495525]},"properties":{"stop_id":"1630","name":"LINCOLN AVE + BALPH","weekday_trips":61,"routes":["16","19L"]}},{"type":"Feature","geometry":{"type":"Point","coordinates":[-80.074632,40.50643]},"properties":{"stop_id":"1633","name":"CHURCH AVE + VICTORIA","weekday_trips":6,"routes":["19L"]}},{"type":"Feature","geometry":{"type":"Point","coordinates":[-80.07659,40.506989]},"properties":{"stop_id":"1634","name":"CHURCH AVE + WALNUT","weekday_trips":6,"routes":["19L"]}},{"type":"Feature","geometry":{"type":"Point","coordinates":[-79.962258,40.361337]},"properties":{"stop_id":"16340","name":"PROSPECT RD + BERLY","weekday_trips":18,"routes":["Y49"]}},{"type":"Feature","geometry":{"type":"Point","coordinates":[-79.87825,40.415683]},"properties":{"stop_id":"16344","name":"WOODSTOCK + SWISSVALE STATION STEPS","weekday_trips":97,"routes":["59","61A","P7"]}},{"type":"Feature","geometry":{"type":"Point","coordinates":[-79.870829,40.455867]},"properties":{"stop_id":"16346","name":"EAST HILLS DR + #2340","weekday_trips":31,"routes":["79","P17"]}},{"type":"Feature","geometry":{"type":"Point","coordinates":[-79.989209,40.481491]},"properties":{"stop_id":"16347","name":"MT TROY RD + BAUN","weekday_trips":22,"routes":["4"]}},{"type":"Feature","geometry":{"type":"Point","coordinates":[-80.079144,40.507393]},"properties":{"stop_id":"1635","name":"CHURCH AVE + RIDGE","weekday_trips":6,"routes":["19L"]}},{"type":"Feature","geometry":{"type":"Point","coordinates":[-80.082591,40.508149]},"properties":{"stop_id":"1637","name":"CHURCH AVE + FOREST","weekday_trips":6,"routes":["19L"]}},{"type":"Feature","geometry":{"type":"Point","coordinates":[-80.049766,40.344515]},"properties":{"stop_id":"16384","name":"OXFORD DR + HOME DEPOT","weekday_trips":20,"routes":["36"]}},{"type":"Feature","geometry":{"type":"Point","coordinates":[-80.005994,40.48227]},"properties":{"stop_id":"164","name":"EAST ST + MT PLEASANT RD","weekday_trips":24,"routes":["12"]}},{"type":"Feature","geometry":{"type":"Point","coordinates":[-79.982456,40.341969]},"properties":{"stop_id":"16403","name":"KNOEDLER RD + MERRYHEART HOME #100","weekday_trips":17,"routes":["Y47"]}},{"type":"Feature","geometry":{"type":"Point","coordinates":[-79.911147,40.407241]},"properties":{"stop_id":"16426","name":"AMITY ST + 8TH NS","weekday_trips":23,"routes":["57"]}},{"type":"Feature","geometry":{"type":"Point","coordinates":[-79.920397,40.452006]},"properties":{"stop_id":"16427","name":"SHADY AVE + 5TH","weekday_trips":36,"routes":["64"]}},{"type":"Feature","geometry":{"type":"Point","coordinates":[-80.099814,40.513162]},"properties":{"stop_id":"1647","name":"CENTER AVE + PENNSYLVANIA","weekday_trips":6,"routes":["19L"]}},{"type":"Feature","geometry":{"type":"Point","coordinates":[-79.927437,40.461242]},"properties":{"stop_id":"16470","name":"BEATTY ST + EVA","weekday_trips":93,"routes":["82","86"]}},{"type":"Feature","geometry":{"type":"Point","coordinates":[-79.927921,40.46047]},"properties":{"stop_id":"16471","name":"BEATTY ST + BAUM NS","weekday_trips":93,"routes":["82","86"]}},{"type":"Feature","geometry":{"type":"Point","coordinates":[-79.923153,40.487813]},"properties":{"stop_id":"16474","name":"BAKER ST + #7207","weekday_trips":52,"routes":["75","87"]}},{"type":"Feature","geometry":{"type":"Point","coordinates":[-80.100991,40.513133]},"properties":{"stop_id":"1648","name":"CENTER AVE + ALLEGHENY","weekday_trips":6,"routes":["19L"]}},{"type":"Feature","geometry":{"type":"Point","coordinates":[-79.946954,40.502019]},"properties":{"stop_id":"16484","name":"CRESCENT + SULLIVAN WAY","weekday_trips":21,"routes":["2","P13"]}},{"type":"Feature","geometry":{"type":"Point","coordinates":[-79.946767,40.502042]},"properties":{"stop_id":"16485","name":"CRESCENT + SULLIVAN WAY","weekday_trips":21,"routes":["2","P13"]}},{"type":"Feature","geometry":{"type":"Point","coordinates":[-80.00526,40.41828]},"properties":{"stop_id":"16489","name":"GEARING + FREELAND","weekday_trips":22,"routes":["44"]}},{"type":"Feature","geometry":{"type":"Point","coordinates":[-80.102799,40.513058]},"properties":{"stop_id":"1649","name":"CENTER AVE + WALLISTON","weekday_trips":6,"routes":["19L"]}},{"type":"Feature","geometry":{"type":"Point","coordinates":[-80.006848,40.476913]},"properties":{"stop_id":"165","name":"EAST ST + MILROY ST","weekday_trips":24,"routes":["12"]}},{"type":"Feature","geometry":{"type":"Point","coordinates":[-79.887544,40.417361]},"properties":{"stop_id":"16500","name":"MONONGAHELA + #2129","weekday_trips":100,"routes":["59","61B","71","P71"]}},{"type":"Feature","geometry":{"type":"Point","coordinates":[-80.037758,40.517571]},"properties":{"stop_id":"16529","name":"WEST VIEW FIRE LN + WORKOUT ANYTIME","weekday_trips":184,"routes":["13","8"]}},{"type":"Feature","geometry":{"type":"Point","coordinates":[-79.905896,40.463186]},"properties":{"stop_id":"16551","name":"WASHINGTON BLVD + CYPHERS COMPANY","weekday_trips":5,"routes":["P10"]}},{"type":"Feature","geometry":{"type":"Point","coordinates":[-79.884232,40.44986]},"properties":{"stop_id":"16572","name":"OAKWOOD ST + NIMICK PLACE","weekday_trips":96,"routes":["71D","86"]}},{"type":"Feature","geometry":{"type":"Point","coordinates":[-80.049881,40.489674]},"properties":{"stop_id":"1658","name":"KENDALL AVE + DAVIS","weekday_trips":7,"routes":["19L"]}},{"type":"Feature","geometry":{"type":"Point","coordinates":[-80.05072,40.488972]},"properties":{"stop_id":"1659","name":"KENDALL AVE + CRAWFORD","weekday_trips":7,"routes":["19L"]}},{"type":"Feature","geometry":{"type":"Point","coordinates":[-79.888966,40.472931]},"properties":{"stop_id":"16596","name":"LINCOLN AVE + VERONA","weekday_trips":79,"routes":["79","82","P17"]}},{"type":"Feature","geometry":{"type":"Point","coordinates":[-80.005385,40.474771]},"properties":{"stop_id":"166","name":"EAST ST + HAZLETT ST","weekday_trips":24,"routes":["12"]}},{"type":"Feature","geometry":{"type":"Point","coordinates":[-80.051987,40.48793]},"properties":{"stop_id":"1660","name":"KENDALL AVE + WATSON","weekday_trips":7,"routes":["19L"]}},{"type":"Feature","geometry":{"type":"Point","coordinates":[-79.953432,40.451428]},"properties":{"stop_id":"16601","name":"CENTRE AVE + DITHRIDGE","weekday_trips":58,"routes":["82"]}},{"type":"Feature","geometry":{"type":"Point","coordinates":[-79.849998,40.376552]},"properties":{"stop_id":"16605","name":"2ND ST + OLIVER","weekday_trips":87,"routes":["59","61C"]}},{"type":"Feature","geometry":{"type":"Point","coordinates":[-79.848608,40.375027]},"properties":{"stop_id":"16606","name":"2ND ST + HAMILTON","weekday_trips":87,"routes":["59","61C"]}},{"type":"Feature","geometry":{"type":"Point","coordinates":[-79.847584,40.373904]},"properties":{"stop_id":"16607","name":"2ND ST + SR CITIZEN HI-RISE","weekday_trips":87,"routes":["59","61C"]}},{"type":"Feature","geometry":{"type":"Point","coordinates":[-79.98096,40.366744]},"properties":{"stop_id":"16611","name":"BROWNSVILLE RD + TOWN SQUARE","weekday_trips":52,"routes":["51","51L"]}},{"type":"Feature","geometry":{"type":"Point","coordinates":[-79.982424,40.365626]},"properties":{"stop_id":"16612","name":"BROWNSVILLE RD + GIANT EAGLE","weekday_trips":45,"routes":["51"]}},{"type":"Feature","geometry":{"type":"Point","coordinates":[-79.982312,40.341909]},"properties":{"stop_id":"16614","name":"KNOEDLER RD + BALDWIN TOWERS (#200)","weekday_trips":17,"routes":["Y47"]}},{"type":"Feature","geometry":{"type":"Point","coordinates":[-79.85729,40.366496]},"properties":{"stop_id":"16620","name":"KENNEDY AVE + DELL","weekday_trips":34,"routes":["52L","59"]}},{"type":"Feature","geometry":{"type":"Point","coordinates":[-79.886694,40.44532]},"properties":{"stop_id":"16627","name":"WALLACE AVE + PITT","weekday_trips":168,"routes":["69","71","71D","79","86","P17","P67","P71","P78"]}},{"type":"Feature","geometry":{"type":"Point","coordinates":[-79.885315,40.444868]},"properties":{"stop_id":"16628","name":"WALLACE AVE + HAY","weekday_trips":218,"routes":["67","69","71","71D","79","86","P17","P67","P71","P78"]}},{"type":"Feature","geometry":{"type":"Point","coordinates":[-80.06969,40.440389]},"properties":{"stop_id":"16637","name":"CRAFTON INGRAM SHOPPING CENTER + BANK (CITIZENS)","weekday_trips":122,"routes":["26","27"]}},{"type":"Feature","geometry":{"type":"Point","coordinates":[-80.01554,40.431984]},"properties":{"stop_id":"16648","name":"VIRGINIA AVE + BIGHAM","weekday_trips":28,"routes":["40"]}},{"type":"Feature","geometry":{"type":"Point","coordinates":[-80.109499,40.464995]},"properties":{"stop_id":"16652","name":"CLEVER RD + PITCHFORK","weekday_trips":31,"routes":["24"]}},{"type":"Feature","geometry":{"type":"Point","coordinates":[-80.053636,40.48666]},"properties":{"stop_id":"16680","name":"KENDALL AVE + CEDAR","weekday_trips":7,"routes":["19L"]}},{"type":"Feature","geometry":{"type":"Point","coordinates":[-80.051722,40.489448]},"properties":{"stop_id":"1669","name":"GRANT ST + JEFFERSON","weekday_trips":6,"routes":["19L"]}},{"type":"Feature","geometry":{"type":"Point","coordinates":[-80.051521,40.493535]},"properties":{"stop_id":"16695","name":"LINCOLN + HARRISON","weekday_trips":101,"routes":["13","16","19L"]}},{"type":"Feature","geometry":{"type":"Point","coordinates":[-80.001562,40.469084]},"properties":{"stop_id":"167","name":"EAST ST + SUFFOLK ST","weekday_trips":24,"routes":["12"]}},{"type":"Feature","geometry":{"type":"Point","coordinates":[-80.050707,40.490247]},"properties":{"stop_id":"1670","name":"GRANT ST + DAVIS","weekday_trips":6,"routes":["19L"]}},{"type":"Feature","geometry":{"type":"Point","coordinates":[-80.049883,40.490874]},"properties":{"stop_id":"1671","name":"GRANT ST + WASHINGTON FS","weekday_trips":6,"routes":["19L"]}},{"type":"Feature","geometry":{"type":"Point","coordinates":[-80.048481,40.491966]},"properties":{"stop_id":"1672","name":"GRANT ST + LINCOLN","weekday_trips":6,"routes":["19L"]}},{"type":"Feature","geometry":{"type":"Point","coordinates":[-79.970657,40.439637]},"properties":{"stop_id":"16832","name":"BENTLEY DR + BURROWS","weekday_trips":30,"routes":["81"]}},{"type":"Feature","geometry":{"type":"Point","coordinates":[-79.958805,40.452088]},"properties":{"stop_id":"16839","name":"CAMP ST + BRYN MAWR","weekday_trips":28,"routes":["83"]}},{"type":"Feature","geometry":{"type":"Point","coordinates":[-79.970364,40.439823]},"properties":{"stop_id":"16845","name":"BENTLEY DR + BURROWS","weekday_trips":30,"routes":["81"]}},{"type":"Feature","geometry":{"type":"Point","coordinates":[-80.018859,40.461496]},"properties":{"stop_id":"16881","name":"BRIGHTON RD + BRIGHTRIDGE ST FS (BREADWORKS)","weekday_trips":55,"routes":["16"]}},{"type":"Feature","geometry":{"type":"Point","coordinates":[-80.0433,40.488497]},"properties":{"stop_id":"16882","name":"CAMBRONNE ST + WINHURST","weekday_trips":55,"routes":["16"]}},{"type":"Feature","geometry":{"type":"Point","coordinates":[-79.914229,40.49342]},"properties":{"stop_id":"16887","name":"MAIN ST + 23RD","weekday_trips":90,"routes":["1","91"]}},{"type":"Feature","geometry":{"type":"Point","coordinates":[-79.99984,40.465996]},"properties":{"stop_id":"169","name":"EAST ST + ROYAL ST","weekday_trips":24,"routes":["12"]}},{"type":"Feature","geometry":{"type":"Point","coordinates":[-79.892789,40.465035]},"properties":{"stop_id":"16932","name":"VANN RD + MINGO","weekday_trips":25,"routes":["74"]}},{"type":"Feature","geometry":{"type":"Point","coordinates":[-80.094148,40.473413]},"properties":{"stop_id":"16940","name":"HECKEL RD OPP KENMAWR PLAZA","weekday_trips":49,"routes":["20","24"]}},{"type":"Feature","geometry":{"type":"Point","coordinates":[-80.06587,40.49521]},"properties":{"stop_id":"16963","name":"OHIO RIVER BLVD + THRIFT STORE","weekday_trips":24,"routes":["14"]}},{"type":"Feature","geometry":{"type":"Point","coordinates":[-79.938339,40.457059]},"properties":{"stop_id":"16967","name":"BAUM BLVD + AIKEN","weekday_trips":25,"routes":["77"]}},{"type":"Feature","geometry":{"type":"Point","coordinates":[-79.890916,40.497006]},"properties":{"stop_id":"16991","name":"PATRIOT WAY + DELAFIELD","weekday_trips":33,"routes":["75"]}},{"type":"Feature","geometry":{"type":"Point","coordinates":[-80.027078,40.407036]},"properties":{"stop_id":"17","name":"BROADWAY AVE AT BELASCO","weekday_trips":62,"routes":["RED"]}},{"type":"Feature","geometry":{"type":"Point","coordinates":[-79.998985,40.462822]},"properties":{"stop_id":"170","name":"EAST ST + LAREDA ST","weekday_trips":24,"routes":["12"]}},{"type":"Feature","geometry":{"type":"Point","coordinates":[-80.044874,40.423084]},"properties":{"stop_id":"17007","name":"GREENTREE RD + ST MARGARET SCHOOL DRIVEWAY","weekday_trips":30,"routes":["38"]}},{"type":"Feature","geometry":{"type":"Point","coordinates":[-80.032517,40.461933]},"properties":{"stop_id":"1702","name":"ISLAND AVE + BEAVER","weekday_trips":23,"routes":["18"]}},{"type":"Feature","geometry":{"type":"Point","coordinates":[-80.031136,40.459427]},"properties":{"stop_id":"1704","name":"BEAVER AVE + BRANCHPORT","weekday_trips":23,"routes":["18"]}},{"type":"Feature","geometry":{"type":"Point","coordinates":[-80.02888,40.457423]},"properties":{"stop_id":"1705","name":"COLUMBUS AVE + CHATEAU FS","weekday_trips":45,"routes":["17","18"]}},{"type":"Feature","geometry":{"type":"Point","coordinates":[-80.027622,40.457656]},"properties":{"stop_id":"1706","name":"COLUMBUS AVE + MANHATTAN","weekday_trips":45,"routes":["17","18"]}},{"type":"Feature","geometry":{"type":"Point","coordinates":[-80.027298,40.456944]},"properties":{"stop_id":"1707","name":"MANHATTAN ST + JUNIATA","weekday_trips":45,"routes":["17","18"]}},{"type":"Feature","geometry":{"type":"Point","coordinates":[-80.027043,40.456131]},"properties":{"stop_id":"1708","name":"MANHATTAN ST + N FRANKLIN","weekday_trips":45,"routes":["17","18"]}},{"type":"Feature","geometry":{"type":"Point","coordinates":[-80.026728,40.455178]},"properties":{"stop_id":"1709","name":"MANHATTAN ST + LIVERPOOL","weekday_trips":45,"routes":["17","18"]}},{"type":"Feature","geometry":{"type":"Point","coordinates":[-80.000267,40.456696]},"properties":{"stop_id":"171","name":"NORTH AVE + MIDDLE ST FS","weekday_trips":24,"routes":["12"]}},{"type":"Feature","geometry":{"type":"Point","coordinates":[-80.026397,40.454158]},"properties":{"stop_id":"1710","name":"MANHATTAN ST + PENNSYLVANIA","weekday_trips":45,"routes":["17","18"]}},{"type":"Feature","geometry":{"type":"Point","coordinates":[-80.044536,40.48967]},"properties":{"stop_id":"1717","name":"BRIGHTON + GIANT EAGLE LOWER LOT","weekday_trips":33,"routes":["17"]}},{"type":"Feature","geometry":{"type":"Point","coordinates":[-80.024834,40.454299]},"properties":{"stop_id":"1719","name":"PENNSYLVANIA AVE + FULTON","weekday_trips":45,"routes":["17","18"]}},{"type":"Feature","geometry":{"type":"Point","coordinates":[-80.001419,40.456478]},"properties":{"stop_id":"172","name":"NORTH AVE + JAMES ST","weekday_trips":24,"routes":["12"]}},{"type":"Feature","geometry":{"type":"Point","coordinates":[-80.023,40.454631]},"properties":{"stop_id":"1720","name":"PENNSYLVANIA AVE + FONTELLA","weekday_trips":45,"routes":["17","18"]}},{"type":"Feature","geometry":{"type":"Point","coordinates":[-80.020235,40.455151]},"properties":{"stop_id":"1721","name":"PENNSYLVANIA AVE + ALLEGHENY","weekday_trips":45,"routes":["17","18"]}},{"type":"Feature","geometry":{"type":"Point","coordinates":[-79.964555,40.398709]},"properties":{"stop_id":"17212","name":"CLOVERFIELD ST + AGNEW","weekday_trips":22,"routes":["44"]}},{"type":"Feature","geometry":{"type":"Point","coordinates":[-80.019829,40.454308]},"properties":{"stop_id":"1722","name":"ALLEGHENY AVE + SHEFFIELD","weekday_trips":12,"routes":["18"]}},{"type":"Feature","geometry":{"type":"Point","coordinates":[-79.846079,40.353324]},"properties":{"stop_id":"17224","name":"5TH AVE + #1681","weekday_trips":144,"routes":["55","56","59","61C","P7"]}},{"type":"Feature","geometry":{"type":"Point","coordinates":[-79.9403,40.412525]},"properties":{"stop_id":"17229","name":"HAZELWOOD AVE + GLADSTONE","weekday_trips":30,"routes":["93"]}},{"type":"Feature","geometry":{"type":"Point","coordinates":[-80.019493,40.453228]},"properties":{"stop_id":"1723","name":"ALLEGHENY AVE + NORTH","weekday_trips":12,"routes":["18"]}},{"type":"Feature","geometry":{"type":"Point","coordinates":[-80.065562,40.453006]},"properties":{"stop_id":"17235","name":"JEFFERS ST + #1330","weekday_trips":61,"routes":["26","27"]}},{"type":"Feature","geometry":{"type":"Point","coordinates":[-80.01931,40.452957]},"properties":{"stop_id":"1725","name":"ALLEGHENY AVE + NORTH","weekday_trips":11,"routes":["18"]}},{"type":"Feature","geometry":{"type":"Point","coordinates":[-80.01969,40.454192]},"properties":{"stop_id":"1726","name":"ALLEGHENY AVE + SHEFFIELD","weekday_trips":11,"routes":["18"]}},{"type":"Feature","geometry":{"type":"Point","coordinates":[-79.967983,40.428212]},"properties":{"stop_id":"17263","name":"S 26TH ST + SIDNEY","weekday_trips":46,"routes":["75"]}},{"type":"Feature","geometry":{"type":"Point","coordinates":[-79.966481,40.427862]},"properties":{"stop_id":"17264","name":"SIDNEY ST + S 27TH","weekday_trips":46,"routes":["75"]}},{"type":"Feature","geometry":{"type":"Point","coordinates":[-79.964965,40.427134]},"properties":{"stop_id":"17265","name":"SIDNEY ST + S 28TH","weekday_trips":46,"routes":["75"]}},{"type":"Feature","geometry":{"type":"Point","coordinates":[-79.948151,40.425356]},"properties":{"stop_id":"17269","name":"GREENFIELD AVE+ 322","weekday_trips":57,"routes":["58","65","93"]}},{"type":"Feature","geometry":{"type":"Point","coordinates":[-80.021165,40.455047]},"properties":{"stop_id":"1727","name":"PENNSYLVANIA AVE + BIDWELL ST","weekday_trips":44,"routes":["17","18"]}},{"type":"Feature","geometry":{"type":"Point","coordinates":[-80.022223,40.454844]},"properties":{"stop_id":"1728","name":"PENNSYLVANIA AVE + SEDGEWICK","weekday_trips":44,"routes":["17","18"]}},{"type":"Feature","geometry":{"type":"Point","coordinates":[-79.946247,40.459597]},"properties":{"stop_id":"17284","name":"MILLVALE AVE.+MITRE WAY","weekday_trips":55,"routes":["54"]}},{"type":"Feature","geometry":{"type":"Point","coordinates":[-79.987377,40.428772]},"properties":{"stop_id":"17286","name":"EAST CARSON ST + 11TH","weekday_trips":143,"routes":["48","51"]}},{"type":"Feature","geometry":{"type":"Point","coordinates":[-80.024624,40.454406]},"properties":{"stop_id":"1729","name":"PENNSYLVANIA AVE + FULTON","weekday_trips":44,"routes":["17","18"]}},{"type":"Feature","geometry":{"type":"Point","coordinates":[-80.026254,40.454102]},"properties":{"stop_id":"1730","name":"PENNSYLVANIA AVE + MANHATTAN","weekday_trips":44,"routes":["17","18"]}},{"type":"Feature","geometry":{"type":"Point","coordinates":[-80.00895,40.427595]},"properties":{"stop_id":"17307","name":"SOUTHERN AV+ COWAN","weekday_trips":28,"routes":["40"]}},{"type":"Feature","geometry":{"type":"Point","coordinates":[-80.028143,40.453747]},"properties":{"stop_id":"1731","name":"PENNSYLVANIA AVE + CHATEAU","weekday_trips":44,"routes":["17","18"]}},{"type":"Feature","geometry":{"type":"Point","coordinates":[-79.872838,40.414304]},"properties":{"stop_id":"17313","name":"WOODSTOCK AVE +2690","weekday_trips":86,"routes":["59","61A"]}},{"type":"Feature","geometry":{"type":"Point","coordinates":[-80.029651,40.458163]},"properties":{"stop_id":"1733","name":"CHATEAU ST + ADAMS","weekday_trips":11,"routes":["18"]}},{"type":"Feature","geometry":{"type":"Point","coordinates":[-79.882796,40.434899]},"properties":{"stop_id":"17335","name":"SWISSVALE AVE + COAL","weekday_trips":60,"routes":["61A"]}},{"type":"Feature","geometry":{"type":"Point","coordinates":[-80.031593,40.461407]},"properties":{"stop_id":"1735","name":"CHATEAU ST TURNAROUND + BEAVER","weekday_trips":11,"routes":["18"]}},{"type":"Feature","geometry":{"type":"Point","coordinates":[-79.885363,40.487273]},"properties":{"stop_id":"17355","name":"FREEPORT RD + DOLLAR BANK(WATERWORKS)","weekday_trips":123,"routes":["1","75","91"]}},{"type":"Feature","geometry":{"type":"Point","coordinates":[-79.884395,40.4874]},"properties":{"stop_id":"17356","name":"FREEPORT + #1050","weekday_trips":123,"routes":["1","75","91"]}},{"type":"Feature","geometry":{"type":"Point","coordinates":[-80.031277,40.455542]},"properties":{"stop_id":"1737","name":"METROPOLITAN ST + CITIZENS BANK DRVWY","weekday_trips":11,"routes":["18"]}},{"type":"Feature","geometry":{"type":"Point","coordinates":[-80.109697,40.366977]},"properties":{"stop_id":"17374","name":"CHARTIERS VALLEY SHOPPING CENTER DR + GIANT EAGLE","weekday_trips":30,"routes":["38"]}},{"type":"Feature","geometry":{"type":"Point","coordinates":[-80.031684,40.456814]},"properties":{"stop_id":"1738","name":"METROPOLITAN ST + COLUMBUS","weekday_trips":11,"routes":["18"]}},{"type":"Feature","geometry":{"type":"Point","coordinates":[-80.070752,40.474662]},"properties":{"stop_id":"17381","name":"MCCOY RD + #208","weekday_trips":26,"routes":["22"]}},{"type":"Feature","geometry":{"type":"Point","coordinates":[-80.012829,40.499126]},"properties":{"stop_id":"17389","name":"MCKNIGHT RD + IVORY AVE RAMP FS","weekday_trips":35,"routes":["12","O12"]}},{"type":"Feature","geometry":{"type":"Point","coordinates":[-80.032318,40.458706]},"properties":{"stop_id":"1739","name":"METROPOLITAN ST + BRANCHPORT","weekday_trips":11,"routes":["18"]}},{"type":"Feature","geometry":{"type":"Point","coordinates":[-80.001819,40.453461]},"properties":{"stop_id":"174","name":"CEDAR AVE + EAST OHIO ST","weekday_trips":166,"routes":["11","12","15","17","8"]}},{"type":"Feature","geometry":{"type":"Point","coordinates":[-80.033409,40.458813]},"properties":{"stop_id":"1740","name":"BRANCHPORT ST + PREBLE","weekday_trips":11,"routes":["18"]}},{"type":"Feature","geometry":{"type":"Point","coordinates":[-80.034515,40.461418]},"properties":{"stop_id":"1742","name":"PREBLE AVE + ISLAND","weekday_trips":11,"routes":["18"]}},{"type":"Feature","geometry":{"type":"Point","coordinates":[-80.076496,40.480002]},"properties":{"stop_id":"17426","name":"JEFFERSON DR + COMMUNITY CENTER","weekday_trips":52,"routes":["22"]}},{"type":"Feature","geometry":{"type":"Point","coordinates":[-80.073827,40.479061]},"properties":{"stop_id":"17427","name":"PLEASANT RIDGE RD + OAK","weekday_trips":52,"routes":["22"]}},{"type":"Feature","geometry":{"type":"Point","coordinates":[-80.07506,40.480071]},"properties":{"stop_id":"17430","name":"OVERLOOK PLACE + PLEASANT RIDGE","weekday_trips":52,"routes":["22"]}},{"type":"Feature","geometry":{"type":"Point","coordinates":[-80.076368,40.480035]},"properties":{"stop_id":"17431","name":"PLEASANT RIDGE + SENIOR HIGHRISE","weekday_trips":52,"routes":["22"]}},{"type":"Feature","geometry":{"type":"Point","coordinates":[-80.078489,40.479716]},"properties":{"stop_id":"17432","name":"JEFFERSON DR + MCOY","weekday_trips":52,"routes":["22"]}},{"type":"Feature","geometry":{"type":"Point","coordinates":[-80.084332,40.368406]},"properties":{"stop_id":"17453","name":"VANADIUM RD + BOWER HILL","weekday_trips":22,"routes":["41"]}},{"type":"Feature","geometry":{"type":"Point","coordinates":[-80.030326,40.403788]},"properties":{"stop_id":"17482","name":"BROADWAY AVE AT SHIRAS","weekday_trips":62,"routes":["RED"]}},{"type":"Feature","geometry":{"type":"Point","coordinates":[-80.001206,40.451587]},"properties":{"stop_id":"175","name":"CEDAR AVE + PRESSLEY ST","weekday_trips":276,"routes":["1","11","12","15","17","2","4","6","7","8"]}},{"type":"Feature","geometry":{"type":"Point","coordinates":[-80.082218,40.448575]},"properties":{"stop_id":"17503","name":"BROADHEAD-FORDING RD + W PROSPECT","weekday_trips":30,"routes":["27"]}},{"type":"Feature","geometry":{"type":"Point","coordinates":[-79.910707,40.406968]},"properties":{"stop_id":"17518","name":"AMITY ST + 8TH","weekday_trips":0,"routes":[]}},{"type":"Feature","geometry":{"type":"Point","coordinates":[-79.911127,40.407336]},"properties":{"stop_id":"17519","name":"AMITY + 7TH AVE","weekday_trips":23,"routes":["57"]}},{"type":"Feature","geometry":{"type":"Point","coordinates":[-79.849927,40.350924]},"properties":{"stop_id":"17520","name":"EVANS AVE + MCKEESPORT HOSPITAL EMERGENCY","weekday_trips":14,"routes":["60"]}},{"type":"Feature","geometry":{"type":"Point","coordinates":[-79.850446,40.351476]},"properties":{"stop_id":"17521","name":"EVANS AVE + MCKEESPORT HOSPITAL MAIN ENTRANCE","weekday_trips":14,"routes":["60"]}},{"type":"Feature","geometry":{"type":"Point","coordinates":[-79.959714,40.359633]},"properties":{"stop_id":"17533","name":"PROSPECT RD + CAPAREL TOWNHOUSES","weekday_trips":18,"routes":["Y49"]}},{"type":"Feature","geometry":{"type":"Point","coordinates":[-79.962217,40.361387]},"properties":{"stop_id":"17534","name":"PROSPECT RD + BERYL FS","weekday_trips":18,"routes":["Y49"]}},{"type":"Feature","geometry":{"type":"Point","coordinates":[-80.016051,40.458032]},"properties":{"stop_id":"17552","name":"BRIGHTON RD + ARMANDALE","weekday_trips":125,"routes":["13","15","16"]}},{"type":"Feature","geometry":{"type":"Point","coordinates":[-80.000317,40.357663]},"properties":{"stop_id":"17592","name":"BAPTIST + WEYMAN RD FS (CASTE VILLAGE)","weekday_trips":3,"routes":["Y45"]}},{"type":"Feature","geometry":{"type":"Point","coordinates":[-80.001076,40.449867]},"properties":{"stop_id":"176","name":"ANDERSON ST + LACOCK ST","weekday_trips":28,"routes":["4","7"]}},{"type":"Feature","geometry":{"type":"Point","coordinates":[-79.924351,40.462605]},"properties":{"stop_id":"17602","name":"HIGHLAND AVE + BROAD ST","weekday_trips":102,"routes":["71B","74","89"]}},{"type":"Feature","geometry":{"type":"Point","coordinates":[-80.07259,40.480536]},"properties":{"stop_id":"17625","name":"PLEASANT RIDGE RD + OVERLOOK","weekday_trips":52,"routes":["22"]}},{"type":"Feature","geometry":{"type":"Point","coordinates":[-80.083026,40.415441]},"properties":{"stop_id":"17633","name":"WEST BUSWAY + BELL STATION A","weekday_trips":46,"routes":["G2"]}},{"type":"Feature","geometry":{"type":"Point","coordinates":[-79.988655,40.413422]},"properties":{"stop_id":"17634","name":"BROWNSVILLE RD + MATHEWS","weekday_trips":133,"routes":["51","54"]}},{"type":"Feature","geometry":{"type":"Point","coordinates":[-80.107668,40.449416]},"properties":{"stop_id":"17645","name":"STEUBENVILLE PIKE + HADDOCK","weekday_trips":22,"routes":["29"]}},{"type":"Feature","geometry":{"type":"Point","coordinates":[-79.920553,40.404341]},"properties":{"stop_id":"17647","name":"WATERFRONT DR + COSTCO WHOLESALE DRVWY","weekday_trips":164,"routes":["53L","59","61D","64"]}},{"type":"Feature","geometry":{"type":"Point","coordinates":[-79.889769,40.488022]},"properties":{"stop_id":"17656","name":"WATERWORKS DR + BED BATH & BEYOND (WALMART)","weekday_trips":121,"routes":["1","75","91"]}},{"type":"Feature","geometry":{"type":"Point","coordinates":[-79.879598,40.394594]},"properties":{"stop_id":"17666","name":"ELIZA ST + DIVISION","weekday_trips":26,"routes":["59"]}},{"type":"Feature","geometry":{"type":"Point","coordinates":[-79.88411,40.442493]},"properties":{"stop_id":"17677","name":"ROSS ST + WOOD","weekday_trips":172,"routes":["61A","67","69","79","P17","P67","P69","P78"]}},{"type":"Feature","geometry":{"type":"Point","coordinates":[-80.005005,40.486115]},"properties":{"stop_id":"1768","name":"COLBY ST + FABER","weekday_trips":136,"routes":["15","6","7"]}},{"type":"Feature","geometry":{"type":"Point","coordinates":[-80.005661,40.484936]},"properties":{"stop_id":"1769","name":"SIRIUS ST + #3517","weekday_trips":69,"routes":["15","6","7"]}},{"type":"Feature","geometry":{"type":"Point","coordinates":[-80.004502,40.484647]},"properties":{"stop_id":"1770","name":"REGULUS ST + COLBY","weekday_trips":63,"routes":["15","6"]}},{"type":"Feature","geometry":{"type":"Point","coordinates":[-80.003855,40.483251]},"properties":{"stop_id":"1772","name":"COLBY ST + MT PLEASANT","weekday_trips":63,"routes":["15","6"]}},{"type":"Feature","geometry":{"type":"Point","coordinates":[-80.002784,40.481891]},"properties":{"stop_id":"1773","name":"MT PLEASANT RD + NORTHVIEW HTS SCHOOL","weekday_trips":32,"routes":["6"]}},{"type":"Feature","geometry":{"type":"Point","coordinates":[-79.962507,40.432779]},"properties":{"stop_id":"17733","name":"SECOND AVENUE + PGH TECH CTR (MIDDLE ACCESS ROAD)","weekday_trips":70,"routes":["56","57","58"]}},{"type":"Feature","geometry":{"type":"Point","coordinates":[-79.960418,40.446697]},"properties":{"stop_id":"17734","name":"VA HOSPITAL TRANSIT LOOP + SHELTER","weekday_trips":56,"routes":["83"]}},{"type":"Feature","geometry":{"type":"Point","coordinates":[-79.901554,40.397711]},"properties":{"stop_id":"17736","name":"MAIN + 22ND","weekday_trips":19,"routes":["53L"]}},{"type":"Feature","geometry":{"type":"Point","coordinates":[-79.916568,40.409498]},"properties":{"stop_id":"17737","name":"WATERFRONT DR + BRIDGE ST. (RED ROBIN)","weekday_trips":164,"routes":["53L","59","61D","64"]}},{"type":"Feature","geometry":{"type":"Point","coordinates":[-80.002007,40.480453]},"properties":{"stop_id":"1774","name":"MT PLEASANT RD + #384","weekday_trips":32,"routes":["6"]}},{"type":"Feature","geometry":{"type":"Point","coordinates":[-79.909742,40.411125]},"properties":{"stop_id":"17740","name":"TARGET DR + TARGET PERIMETER RD","weekday_trips":319,"routes":["53L","57","59","61D","64"]}},{"type":"Feature","geometry":{"type":"Point","coordinates":[-79.912595,40.41001]},"properties":{"stop_id":"17744","name":"AMITY ST + TARGET DR","weekday_trips":132,"routes":["53L","57","61D","64"]}},{"type":"Feature","geometry":{"type":"Point","coordinates":[-79.97131,40.428163]},"properties":{"stop_id":"17749","name":"E CARSON ST + 24TH","weekday_trips":84,"routes":["48","75"]}},{"type":"Feature","geometry":{"type":"Point","coordinates":[-80.000974,40.478703]},"properties":{"stop_id":"1775","name":"MT PLEASANT RD + CHICAGO","weekday_trips":32,"routes":["6"]}},{"type":"Feature","geometry":{"type":"Point","coordinates":[-80.000288,40.477836]},"properties":{"stop_id":"1776","name":"MT PLEASANT RD + HAZLETT","weekday_trips":32,"routes":["6"]}},{"type":"Feature","geometry":{"type":"Point","coordinates":[-79.910932,40.455928]},"properties":{"stop_id":"17765","name":"FIFTH AVE RAMP + FIFTH AVE NS","weekday_trips":73,"routes":["74","75","89","P10","P17"]}},{"type":"Feature","geometry":{"type":"Point","coordinates":[-79.999685,40.477118]},"properties":{"stop_id":"1777","name":"MT PLEASANT RD + PENFORT","weekday_trips":32,"routes":["6"]}},{"type":"Feature","geometry":{"type":"Point","coordinates":[-80.000478,40.476208]},"properties":{"stop_id":"1778","name":"PENFORT ST + #338","weekday_trips":32,"routes":["6"]}},{"type":"Feature","geometry":{"type":"Point","coordinates":[-79.860558,40.352308]},"properties":{"stop_id":"17791","name":"MCKSPT TRANSPORTATION CTR + BAY #2","weekday_trips":73,"routes":["61C","P7"]}},{"type":"Feature","geometry":{"type":"Point","coordinates":[-80.000656,40.448349]},"properties":{"stop_id":"178","name":"ANDERSON ST + ISABELLA ST","weekday_trips":31,"routes":["4","7","P13"]}},{"type":"Feature","geometry":{"type":"Point","coordinates":[-80.002425,40.474438]},"properties":{"stop_id":"1780","name":"PENFORT ST + #173","weekday_trips":32,"routes":["6"]}},{"type":"Feature","geometry":{"type":"Point","coordinates":[-80.002953,40.473297]},"properties":{"stop_id":"1781","name":"PENFORT ST + ESSEN","weekday_trips":32,"routes":["6"]}},{"type":"Feature","geometry":{"type":"Point","coordinates":[-80.014573,40.469262]},"properties":{"stop_id":"1782","name":"CHARLES ST + WILSON","weekday_trips":31,"routes":["15"]}},{"type":"Feature","geometry":{"type":"Point","coordinates":[-79.918805,40.407484]},"properties":{"stop_id":"17824","name":"WATERFRONT DR + LOEWS THEATER","weekday_trips":234,"routes":["53L","59","61D","64"]}},{"type":"Feature","geometry":{"type":"Point","coordinates":[-80.018809,40.466939]},"properties":{"stop_id":"1785","name":"CHARLES ST + IRWIN","weekday_trips":31,"routes":["15"]}},{"type":"Feature","geometry":{"type":"Point","coordinates":[-80.019862,40.466454]},"properties":{"stop_id":"1786","name":"CHARLES ST + BIZET","weekday_trips":31,"routes":["15"]}},{"type":"Feature","geometry":{"type":"Point","coordinates":[-80.020681,40.465212]},"properties":{"stop_id":"1787","name":"CHARLES ST + CROSS","weekday_trips":31,"routes":["15"]}},{"type":"Feature","geometry":{"type":"Point","coordinates":[-80.020577,40.464078]},"properties":{"stop_id":"1788","name":"CHARLES ST + IZORA","weekday_trips":31,"routes":["15"]}},{"type":"Feature","geometry":{"type":"Point","coordinates":[-80.019854,40.463215]},"properties":{"stop_id":"1789","name":"CHARLES ST + STRAUSS","weekday_trips":31,"routes":["15"]}},{"type":"Feature","geometry":{"type":"Point","coordinates":[-79.998481,40.443888]},"properties":{"stop_id":"179","name":"9TH ST + PENN AVE","weekday_trips":62,"routes":["4","7","P13"]}},{"type":"Feature","geometry":{"type":"Point","coordinates":[-80.018485,40.462182]},"properties":{"stop_id":"1790","name":"CHARLES ST + BRIGHTRIDGE","weekday_trips":31,"routes":["15"]}},{"type":"Feature","geometry":{"type":"Point","coordinates":[-80.017086,40.459844]},"properties":{"stop_id":"1792","name":"CHARLES ST + BRIGHTON","weekday_trips":31,"routes":["15"]}},{"type":"Feature","geometry":{"type":"Point","coordinates":[-80.001918,40.453216]},"properties":{"stop_id":"1796","name":"EAST OHIO + CEDAR","weekday_trips":108,"routes":["1","2","4","6","7"]}},{"type":"Feature","geometry":{"type":"Point","coordinates":[-80.003796,40.483187]},"properties":{"stop_id":"1797","name":"COLBY ST + MT PLEASANT FS","weekday_trips":61,"routes":["15","6"]}},{"type":"Feature","geometry":{"type":"Point","coordinates":[-80.026832,40.407213]},"properties":{"stop_id":"18","name":"BROADWAY AVE AT BELASCO","weekday_trips":62,"routes":["RED"]}},{"type":"Feature","geometry":{"type":"Point","coordinates":[-80.018133,40.462022]},"properties":{"stop_id":"1806","name":"CHARLES ST + BRIGHTRIDGE","weekday_trips":30,"routes":["15"]}},{"type":"Feature","geometry":{"type":"Point","coordinates":[-80.019716,40.463207]},"properties":{"stop_id":"1807","name":"CHARLES ST + STRAUSS","weekday_trips":30,"routes":["15"]}},{"type":"Feature","geometry":{"type":"Point","coordinates":[-80.020588,40.46517]},"properties":{"stop_id":"1809","name":"CHARLES ST + CROSS","weekday_trips":30,"routes":["15"]}},{"type":"Feature","geometry":{"type":"Point","coordinates":[-80.019749,40.466452]},"properties":{"stop_id":"1810","name":"CHARLES ST + BIZET","weekday_trips":30,"routes":["15"]}},{"type":"Feature","geometry":{"type":"Point","coordinates":[-80.018892,40.466824]},"properties":{"stop_id":"1811","name":"CHARLES ST + IRWIN","weekday_trips":30,"routes":["15"]}},{"type":"Feature","geometry":{"type":"Point","coordinates":[-80.016678,40.467593]},"properties":{"stop_id":"1812","name":"CHARLES ST + #2562","weekday_trips":30,"routes":["15"]}},{"type":"Feature","geometry":{"type":"Point","coordinates":[-80.015746,40.467922]},"properties":{"stop_id":"1813","name":"CHARLES ST + KENN","weekday_trips":30,"routes":["15"]}},{"type":"Feature","geometry":{"type":"Point","coordinates":[-80.014589,40.469134]},"properties":{"stop_id":"1814","name":"CHARLES ST + WILSON","weekday_trips":30,"routes":["15"]}},{"type":"Feature","geometry":{"type":"Point","coordinates":[-79.922968,40.459262]},"properties":{"stop_id":"18141","name":"ELLSWORTH AVE + EAST LIBERTY STATION","weekday_trips":46,"routes":["75"]}},{"type":"Feature","geometry":{"type":"Point","coordinates":[-79.927439,40.458357]},"properties":{"stop_id":"18142","name":"ELLSWORTH AVE+ SPAHR","weekday_trips":46,"routes":["75"]}},{"type":"Feature","geometry":{"type":"Point","coordinates":[-79.944469,40.462316]},"properties":{"stop_id":"18148","name":"GROSS ST + FRIENDSHIP","weekday_trips":36,"routes":["64"]}},{"type":"Feature","geometry":{"type":"Point","coordinates":[-79.951069,40.465109]},"properties":{"stop_id":"18149","name":"FRIENDSHIP AVE + HOWLEY","weekday_trips":36,"routes":["64"]}},{"type":"Feature","geometry":{"type":"Point","coordinates":[-80.013966,40.469781]},"properties":{"stop_id":"1815","name":"CHARLES ST + KIMBERLIN","weekday_trips":30,"routes":["15"]}},{"type":"Feature","geometry":{"type":"Point","coordinates":[-79.963592,40.467498]},"properties":{"stop_id":"18150","name":"39TH ST + BUTLER","weekday_trips":72,"routes":["64"]}},{"type":"Feature","geometry":{"type":"Point","coordinates":[-79.958451,40.465577]},"properties":{"stop_id":"18152","name":"40TH + GOVERNMENT WAY STEPS","weekday_trips":66,"routes":["64","93"]}},{"type":"Feature","geometry":{"type":"Point","coordinates":[-79.951388,40.46525]},"properties":{"stop_id":"18153","name":"FRIENDSHIP AVE + HOWLEY","weekday_trips":36,"routes":["64"]}},{"type":"Feature","geometry":{"type":"Point","coordinates":[-79.922897,40.434911]},"properties":{"stop_id":"18156","name":"MURRAY AVE + BEACON","weekday_trips":182,"routes":["61C","61D","64","74"]}},{"type":"Feature","geometry":{"type":"Point","coordinates":[-79.860926,40.352277]},"properties":{"stop_id":"18158","name":"MCKEESPORT TRANSPORTATION CENTER AT BAY #2","weekday_trips":16,"routes":["60"]}},{"type":"Feature","geometry":{"type":"Point","coordinates":[-80.012344,40.470261]},"properties":{"stop_id":"1816","name":"CHARLES ST + LELAND","weekday_trips":30,"routes":["15"]}},{"type":"Feature","geometry":{"type":"Point","coordinates":[-79.973039,40.437875]},"properties":{"stop_id":"18164","name":"FIFTH AVE + KIRKPATRICK FS","weekday_trips":489,"routes":["61A","61B","61C","61D","71A","71B","71C","71D"]}},{"type":"Feature","geometry":{"type":"Point","coordinates":[-79.968541,40.436504]},"properties":{"stop_id":"18165","name":"FIFTH AVE + BRENHAM FS","weekday_trips":647,"routes":["54","61A","61B","61C","61D","71A","71B","71C","71D","75","81","83"]}},{"type":"Feature","geometry":{"type":"Point","coordinates":[-80.011328,40.470452]},"properties":{"stop_id":"1817","name":"CHARLES ST + SHELTON","weekday_trips":30,"routes":["15"]}},{"type":"Feature","geometry":{"type":"Point","coordinates":[-79.93778,40.442789]},"properties":{"stop_id":"18173","name":"FORBES + MARGARET MORRISON NS","weekday_trips":242,"routes":["61A","61B","61C","61D"]}},{"type":"Feature","geometry":{"type":"Point","coordinates":[-79.856047,40.352217]},"properties":{"stop_id":"18174","name":"LYSLE BLVD + COURSIN FS","weekday_trips":156,"routes":["55","56","59","60","61C","P7"]}},{"type":"Feature","geometry":{"type":"Point","coordinates":[-79.867784,40.389083]},"properties":{"stop_id":"18176","name":"KENNYWOOD BLVD + GLENCAIRN FS","weekday_trips":72,"routes":["61C","P7"]}},{"type":"Feature","geometry":{"type":"Point","coordinates":[-79.927392,40.42644]},"properties":{"stop_id":"18179","name":"MURRAY AVE+ FLEMINGTON FS","weekday_trips":187,"routes":["61C","61D","64","93"]}},{"type":"Feature","geometry":{"type":"Point","coordinates":[-79.862416,40.342769]},"properties":{"stop_id":"18191","name":"WALNUT ST + 13TH FS","weekday_trips":15,"routes":["60"]}},{"type":"Feature","geometry":{"type":"Point","coordinates":[-79.84948,40.350027]},"properties":{"stop_id":"18194","name":"EVANS AVE + HOSPITAL DR","weekday_trips":14,"routes":["60"]}},{"type":"Feature","geometry":{"type":"Point","coordinates":[-79.864952,40.350626]},"properties":{"stop_id":"18196","name":"WALNUT ST + 5TH FS","weekday_trips":15,"routes":["60"]}},{"type":"Feature","geometry":{"type":"Point","coordinates":[-79.864565,40.348921]},"properties":{"stop_id":"18197","name":"WALNUT ST + 7TH FS","weekday_trips":15,"routes":["60"]}},{"type":"Feature","geometry":{"type":"Point","coordinates":[-80.002411,40.474354]},"properties":{"stop_id":"1821","name":"PENFORT ST + #174","weekday_trips":31,"routes":["6"]}},{"type":"Feature","geometry":{"type":"Point","coordinates":[-79.999586,40.476915]},"properties":{"stop_id":"1823","name":"PENFORT ST + MT PLEASANT","weekday_trips":31,"routes":["6"]}},{"type":"Feature","geometry":{"type":"Point","coordinates":[-80.000032,40.47765]},"properties":{"stop_id":"1824","name":"MT PLEASANT RD + HAZLETT","weekday_trips":31,"routes":["6"]}},{"type":"Feature","geometry":{"type":"Point","coordinates":[-80.000751,40.478536]},"properties":{"stop_id":"1825","name":"MT PLEASANT RD + CHICAGO","weekday_trips":31,"routes":["6"]}},{"type":"Feature","geometry":{"type":"Point","coordinates":[-80.064048,40.474383]},"properties":{"stop_id":"18256","name":"ISLAND AVE + ADRIAN","weekday_trips":56,"routes":["21","22"]}},{"type":"Feature","geometry":{"type":"Point","coordinates":[-80.054089,40.470435]},"properties":{"stop_id":"18257","name":"RIVER AVE + UNDERPASS","weekday_trips":26,"routes":["22"]}},{"type":"Feature","geometry":{"type":"Point","coordinates":[-80.00165,40.47987]},"properties":{"stop_id":"1826","name":"MT PLEASANT RD + #415","weekday_trips":31,"routes":["6"]}},{"type":"Feature","geometry":{"type":"Point","coordinates":[-80.002245,40.481167]},"properties":{"stop_id":"1827","name":"MT PLEASANT RD + BEECH","weekday_trips":31,"routes":["6"]}},{"type":"Feature","geometry":{"type":"Point","coordinates":[-80.018572,40.451551]},"properties":{"stop_id":"18275","name":"WESTERN AVE + ALLEGHENY FS","weekday_trips":12,"routes":["18"]}},{"type":"Feature","geometry":{"type":"Point","coordinates":[-80.014565,40.45232]},"properties":{"stop_id":"18276","name":"WESTERN AVE + BRIGHTON FS","weekday_trips":11,"routes":["18"]}},{"type":"Feature","geometry":{"type":"Point","coordinates":[-80.002755,40.482028]},"properties":{"stop_id":"1828","name":"MT PLEASANT RD + #305","weekday_trips":31,"routes":["6"]}},{"type":"Feature","geometry":{"type":"Point","coordinates":[-80.023019,40.448389]},"properties":{"stop_id":"18286","name":"CASINO CR + NORTH POINT FS (BUS BAY)","weekday_trips":24,"routes":["14"]}},{"type":"Feature","geometry":{"type":"Point","coordinates":[-80.043253,40.478927]},"properties":{"stop_id":"18288","name":"OHIO RIVER BLVD + MCKEES ROCKS BRIDGE","weekday_trips":31,"routes":["14","19L"]}},{"type":"Feature","geometry":{"type":"Point","coordinates":[-80.01987,40.447823]},"properties":{"stop_id":"18289","name":"REEDSDALE ST + BOYCE","weekday_trips":35,"routes":["14","18"]}},{"type":"Feature","geometry":{"type":"Point","coordinates":[-80.006447,40.452023]},"properties":{"stop_id":"1829","name":"ALLEGHENY SQ WEST + STOP #2","weekday_trips":109,"routes":["54"]}},{"type":"Feature","geometry":{"type":"Point","coordinates":[-80.043519,40.479422]},"properties":{"stop_id":"18291","name":"OHIO RIVER BLVD + MCKEES ROCKS BRIDGE FS","weekday_trips":30,"routes":["14","19L"]}},{"type":"Feature","geometry":{"type":"Point","coordinates":[-80.061352,40.491826]},"properties":{"stop_id":"18292","name":"OHIO RIVER BLVD + RIVERVIEW","weekday_trips":24,"routes":["14"]}},{"type":"Feature","geometry":{"type":"Point","coordinates":[-80.067201,40.49596]},"properties":{"stop_id":"18293","name":"OHIO RIVER BLVD + ELIZABETH FS","weekday_trips":24,"routes":["14"]}},{"type":"Feature","geometry":{"type":"Point","coordinates":[-80.094071,40.510241]},"properties":{"stop_id":"18294","name":"OHIO RIVER BLVD + CAMP HORNE NS","weekday_trips":24,"routes":["14"]}},{"type":"Feature","geometry":{"type":"Point","coordinates":[-80.063866,40.499328]},"properties":{"stop_id":"18305","name":"CALIFORNIA AVE AT ELIZABETH AVE","weekday_trips":62,"routes":["16","19L"]}},{"type":"Feature","geometry":{"type":"Point","coordinates":[-80.044824,40.487384]},"properties":{"stop_id":"18307","name":"WINHURST ST + CALIFORNIA FS","weekday_trips":55,"routes":["16"]}},{"type":"Feature","geometry":{"type":"Point","coordinates":[-80.025106,40.467219]},"properties":{"stop_id":"18308","name":"BRIGHTON RD + MARSHALL NS","weekday_trips":88,"routes":["16","17"]}},{"type":"Feature","geometry":{"type":"Point","coordinates":[-80.008957,40.45426]},"properties":{"stop_id":"1831","name":"ARCH ST + MERCY PROVIDENCE HOSP","weekday_trips":54,"routes":["54"]}},{"type":"Feature","geometry":{"type":"Point","coordinates":[-80.003891,40.450461]},"properties":{"stop_id":"18312","name":"SOUTH COMMONS + FEDERAL FS","weekday_trips":94,"routes":["13","16"]}},{"type":"Feature","geometry":{"type":"Point","coordinates":[-80.04492,40.487361]},"properties":{"stop_id":"18317","name":"WINHURST ST + CALIFORNIA","weekday_trips":55,"routes":["16"]}},{"type":"Feature","geometry":{"type":"Point","coordinates":[-80.063313,40.499212]},"properties":{"stop_id":"18318","name":"CALIFORNIA AVE OPP ELIZABETH","weekday_trips":61,"routes":["16","19L"]}},{"type":"Feature","geometry":{"type":"Point","coordinates":[-80.008524,40.454995]},"properties":{"stop_id":"1832","name":"ARCH ST + NORTH","weekday_trips":54,"routes":["54"]}},{"type":"Feature","geometry":{"type":"Point","coordinates":[-80.07123,40.502647]},"properties":{"stop_id":"18320","name":"CALIFORNIA AVE + OHIO st","weekday_trips":61,"routes":["16","19L"]}},{"type":"Feature","geometry":{"type":"Point","coordinates":[-79.995279,40.454574]},"properties":{"stop_id":"18354","name":"E OHIO ST + CHESTNUT FS","weekday_trips":110,"routes":["1","2","4","6","7"]}},{"type":"Feature","geometry":{"type":"Point","coordinates":[-79.855976,40.497037]},"properties":{"stop_id":"18362","name":"FREEPORT RD + LEWIS","weekday_trips":31,"routes":["1"]}},{"type":"Feature","geometry":{"type":"Point","coordinates":[-79.908061,40.458552]},"properties":{"stop_id":"18377","name":"5TH AVE + FRANKSTOWN AVE","weekday_trips":5,"routes":["P10"]}},{"type":"Feature","geometry":{"type":"Point","coordinates":[-79.860554,40.3843]},"properties":{"stop_id":"18397","name":"DUQUESNE BLVD + HERMAN FS","weekday_trips":124,"routes":["59","61C","P7"]}},{"type":"Feature","geometry":{"type":"Point","coordinates":[-79.962126,40.432781]},"properties":{"stop_id":"18398","name":"SECOND AVE + PGH TECH CTR (MIDDLE ACCESS ROAD)","weekday_trips":70,"routes":["56","57","58"]}},{"type":"Feature","geometry":{"type":"Point","coordinates":[-79.863367,40.405488]},"properties":{"stop_id":"18400","name":"BALDRIDGE AVE + 6TH ST FS (SR HI-RISE)","weekday_trips":26,"routes":["59"]}},{"type":"Feature","geometry":{"type":"Point","coordinates":[-79.871373,40.413559]},"properties":{"stop_id":"18401","name":"WOODSTOCK AVE + WILKINS F S","weekday_trips":86,"routes":["59","61A"]}},{"type":"Feature","geometry":{"type":"Point","coordinates":[-79.850644,40.370846]},"properties":{"stop_id":"18408","name":"KENNEDY AVE + 6TH","weekday_trips":26,"routes":["59"]}},{"type":"Feature","geometry":{"type":"Point","coordinates":[-79.848583,40.371348]},"properties":{"stop_id":"18409","name":"KENNEDY AVE + 4TH","weekday_trips":26,"routes":["59"]}},{"type":"Feature","geometry":{"type":"Point","coordinates":[-79.84664,40.371828]},"properties":{"stop_id":"18410","name":"KENNEDY AVE + 2ND","weekday_trips":26,"routes":["59"]}},{"type":"Feature","geometry":{"type":"Point","coordinates":[-79.848341,40.37148]},"properties":{"stop_id":"18411","name":"KENNEDY AVE + 4TH","weekday_trips":26,"routes":["59"]}},{"type":"Feature","geometry":{"type":"Point","coordinates":[-79.850453,40.370961]},"properties":{"stop_id":"18412","name":"KENNEDY AVE + 6TH","weekday_trips":26,"routes":["59"]}},{"type":"Feature","geometry":{"type":"Point","coordinates":[-79.852508,40.370458]},"properties":{"stop_id":"18413","name":"KENNEDY AVE + AURILES","weekday_trips":26,"routes":["59"]}},{"type":"Feature","geometry":{"type":"Point","coordinates":[-79.88914,40.402448]},"properties":{"stop_id":"18419","name":"WHITAKER WAY + MARIGOLD","weekday_trips":34,"routes":["52L","59"]}},{"type":"Feature","geometry":{"type":"Point","coordinates":[-79.975905,40.349593]},"properties":{"stop_id":"18421","name":"HWY RT 51 + MAXWELL","weekday_trips":70,"routes":["51","Y46"]}},{"type":"Feature","geometry":{"type":"Point","coordinates":[-79.984324,40.36398]},"properties":{"stop_id":"18431","name":"HWY RT 51 + BROWNSVILLE","weekday_trips":46,"routes":["Y1","Y46","Y49"]}},{"type":"Feature","geometry":{"type":"Point","coordinates":[-79.924908,40.379334]},"properties":{"stop_id":"18449","name":"MIFFLIN RD + LEBANON FS","weekday_trips":27,"routes":["56"]}},{"type":"Feature","geometry":{"type":"Point","coordinates":[-79.924993,40.415265]},"properties":{"stop_id":"18450","name":"IMOGENE RD + BROWNS HILL FS","weekday_trips":23,"routes":["57"]}},{"type":"Feature","geometry":{"type":"Point","coordinates":[-79.927785,40.406657]},"properties":{"stop_id":"18452","name":"JOHNSTON AVE + RIVERMONT FS","weekday_trips":53,"routes":["57","93"]}},{"type":"Feature","geometry":{"type":"Point","coordinates":[-79.942619,40.406135]},"properties":{"stop_id":"18453","name":"JOHNSTON AVE + SECOND FS","weekday_trips":53,"routes":["57","93"]}},{"type":"Feature","geometry":{"type":"Point","coordinates":[-79.932674,40.406163]},"properties":{"stop_id":"18455","name":"JOHNSTON AVE + ROSELLE","weekday_trips":53,"routes":["57","93"]}},{"type":"Feature","geometry":{"type":"Point","coordinates":[-79.927812,40.40656]},"properties":{"stop_id":"18457","name":"JOHNSTON AVE + RIVERMONT","weekday_trips":53,"routes":["57","93"]}},{"type":"Feature","geometry":{"type":"Point","coordinates":[-79.92493,40.415093]},"properties":{"stop_id":"18458","name":"IMOGENE RD + BROWNS HILL","weekday_trips":23,"routes":["57"]}},{"type":"Feature","geometry":{"type":"Point","coordinates":[-79.991973,40.4286]},"properties":{"stop_id":"18465","name":"E CARSON ST + 7TH FS","weekday_trips":143,"routes":["48","51"]}},{"type":"Feature","geometry":{"type":"Point","coordinates":[-80.045062,40.487207]},"properties":{"stop_id":"1847","name":"CALIFORNIA AVE + WINHURST ST","weekday_trips":39,"routes":["13"]}},{"type":"Feature","geometry":{"type":"Point","coordinates":[-79.98829,40.414124]},"properties":{"stop_id":"18471","name":"BROWNSVILLE RD + BAUSMAN FS","weekday_trips":132,"routes":["51","54"]}},{"type":"Feature","geometry":{"type":"Point","coordinates":[-79.990736,40.405027]},"properties":{"stop_id":"18472","name":"BROWNSVILLE RD + CEDRICTON FS","weekday_trips":105,"routes":["51"]}},{"type":"Feature","geometry":{"type":"Point","coordinates":[-79.988592,40.398219]},"properties":{"stop_id":"18473","name":"BROWNSVILLE RD + W CHERRYHILL NS","weekday_trips":105,"routes":["51"]}},{"type":"Feature","geometry":{"type":"Point","coordinates":[-79.978396,40.367575]},"properties":{"stop_id":"18475","name":"BROWNSVILLE RD + BRENTRIDGE FS","weekday_trips":52,"routes":["51","51L"]}},{"type":"Feature","geometry":{"type":"Point","coordinates":[-79.975265,40.371977]},"properties":{"stop_id":"18477","name":"BROWNSVILLE RD + HILLMAN FS","weekday_trips":52,"routes":["51","51L"]}},{"type":"Feature","geometry":{"type":"Point","coordinates":[-80.043436,40.486167]},"properties":{"stop_id":"1848","name":"CALIFORNIA AVE + CHELLIS ST","weekday_trips":39,"routes":["13"]}},{"type":"Feature","geometry":{"type":"Point","coordinates":[-79.872206,40.350071]},"properties":{"stop_id":"18481","name":"W 5TH AVE + RAMP #1 FS","weekday_trips":71,"routes":["55","56","59"]}},{"type":"Feature","geometry":{"type":"Point","coordinates":[-79.914995,40.371128]},"properties":{"stop_id":"18484","name":"MIFFLIN RD + #1236","weekday_trips":27,"routes":["56"]}},{"type":"Feature","geometry":{"type":"Point","coordinates":[-79.92543,40.379633]},"properties":{"stop_id":"18485","name":"MIFFLIN RD + LEBANON FS","weekday_trips":27,"routes":["56"]}},{"type":"Feature","geometry":{"type":"Point","coordinates":[-79.913212,40.369789]},"properties":{"stop_id":"18490","name":"MIFFLIN RD + INTERBORO","weekday_trips":27,"routes":["56"]}},{"type":"Feature","geometry":{"type":"Point","coordinates":[-79.86282,40.351722]},"properties":{"stop_id":"18492","name":"LYSLE BLVD + LOCUST FS","weekday_trips":85,"routes":["55","56","59","60"]}},{"type":"Feature","geometry":{"type":"Point","coordinates":[-79.864517,40.351556]},"properties":{"stop_id":"18493","name":"LYSLE BLVD + WALNUT FS","weekday_trips":85,"routes":["55","56","59","60"]}},{"type":"Feature","geometry":{"type":"Point","coordinates":[-79.930892,40.433766]},"properties":{"stop_id":"18494","name":"BEACON ST + MURDOCH FS","weekday_trips":38,"routes":["65","93"]}},{"type":"Feature","geometry":{"type":"Point","coordinates":[-79.916415,40.435016]},"properties":{"stop_id":"18499","name":"MULHATTON ST + BEACON FS","weekday_trips":8,"routes":["65"]}},{"type":"Feature","geometry":{"type":"Point","coordinates":[-80.04106,40.483389]},"properties":{"stop_id":"1850","name":"CALIFORNIA AVE + MARMADUKE ST","weekday_trips":39,"routes":["13"]}},{"type":"Feature","geometry":{"type":"Point","coordinates":[-79.872795,40.432598]},"properties":{"stop_id":"18507","name":"BRINTON RD + HOLIDAY INN DRVWY FS","weekday_trips":21,"routes":["P68"]}},{"type":"Feature","geometry":{"type":"Point","coordinates":[-79.871694,40.435858]},"properties":{"stop_id":"18508","name":"ARDMORE BLVD + MARLBORO FS","weekday_trips":57,"routes":["69","P68","P69","P76"]}},{"type":"Feature","geometry":{"type":"Point","coordinates":[-79.876324,40.439024]},"properties":{"stop_id":"18509","name":"SOUTH AVE + ELVIA FS","weekday_trips":49,"routes":["69","P68","P69"]}},{"type":"Feature","geometry":{"type":"Point","coordinates":[-79.885063,40.441936]},"properties":{"stop_id":"18510","name":"SOUTH AVE + WOOD NS","weekday_trips":85,"routes":["61A","P68","P69"]}},{"type":"Feature","geometry":{"type":"Point","coordinates":[-79.872747,40.432786]},"properties":{"stop_id":"18520","name":"BRINTON RD + DRIVEWAY","weekday_trips":21,"routes":["P68"]}},{"type":"Feature","geometry":{"type":"Point","coordinates":[-79.892069,40.446167]},"properties":{"stop_id":"18527","name":"PENN AVE + TRENTON","weekday_trips":112,"routes":["67","69","71C"]}},{"type":"Feature","geometry":{"type":"Point","coordinates":[-79.906033,40.45081]},"properties":{"stop_id":"18528","name":"PENN AVE + MURTLAND","weekday_trips":112,"routes":["67","69","71C"]}},{"type":"Feature","geometry":{"type":"Point","coordinates":[-79.920996,40.443893]},"properties":{"stop_id":"18529","name":"WILKINS AVE + SHADY","weekday_trips":75,"routes":["67","69","74"]}},{"type":"Feature","geometry":{"type":"Point","coordinates":[-79.931845,40.445626]},"properties":{"stop_id":"18534","name":"BEELER ST + WILKINS FS","weekday_trips":50,"routes":["67","69"]}},{"type":"Feature","geometry":{"type":"Point","coordinates":[-79.891199,40.445789]},"properties":{"stop_id":"18536","name":"PENN AVE + TRENTON FS","weekday_trips":48,"routes":["67","69"]}},{"type":"Feature","geometry":{"type":"Point","coordinates":[-80.034882,40.481438]},"properties":{"stop_id":"1854","name":"SHADELAND AVE + DAVIS FS","weekday_trips":33,"routes":["17"]}},{"type":"Feature","geometry":{"type":"Point","coordinates":[-79.897916,40.44801]},"properties":{"stop_id":"18542","name":"PENN AVE + CARNEGIE FS","weekday_trips":110,"routes":["67","69","71C"]}},{"type":"Feature","geometry":{"type":"Point","coordinates":[-79.864941,40.432154]},"properties":{"stop_id":"18544","name":"ARDMORE BLVD + BRYN MAWR FS","weekday_trips":35,"routes":["69","P69","P76"]}},{"type":"Feature","geometry":{"type":"Point","coordinates":[-80.034208,40.479317]},"properties":{"stop_id":"1855","name":"SHADELAND AVE + #3475","weekday_trips":33,"routes":["17"]}},{"type":"Feature","geometry":{"type":"Point","coordinates":[-80.03356,40.477308]},"properties":{"stop_id":"1857","name":"SHADELAND AVE + STOKES WAY","weekday_trips":33,"routes":["17"]}},{"type":"Feature","geometry":{"type":"Point","coordinates":[-80.053154,40.452753]},"properties":{"stop_id":"18579","name":"WEST BUSWAY + SHERADEN STATION A","weekday_trips":46,"routes":["G2"]}},{"type":"Feature","geometry":{"type":"Point","coordinates":[-80.031987,40.474932]},"properties":{"stop_id":"1858","name":"SHADELAND AVE + GEYER","weekday_trips":33,"routes":["17"]}},{"type":"Feature","geometry":{"type":"Point","coordinates":[-79.866757,40.45291]},"properties":{"stop_id":"18583","name":"WILNER DR + ROBINSON FS","weekday_trips":63,"routes":["79","P17"]}},{"type":"Feature","geometry":{"type":"Point","coordinates":[-79.868518,40.466373]},"properties":{"stop_id":"18586","name":"MT CARMEL RD + DOLLMAN","weekday_trips":32,"routes":["79","P17"]}},{"type":"Feature","geometry":{"type":"Point","coordinates":[-79.868685,40.466401]},"properties":{"stop_id":"18592","name":"MT CARMEL RD + DOLLMAN","weekday_trips":31,"routes":["79","P17"]}},{"type":"Feature","geometry":{"type":"Point","coordinates":[-79.865584,40.465749]},"properties":{"stop_id":"18593","name":"MT CARMEL RD + VERNON","weekday_trips":31,"routes":["79","P17"]}},{"type":"Feature","geometry":{"type":"Point","coordinates":[-79.887595,40.470383]},"properties":{"stop_id":"18594","name":"MT CARMEL RD + TIERS","weekday_trips":31,"routes":["79","P17"]}},{"type":"Feature","geometry":{"type":"Point","coordinates":[-79.927805,40.459991]},"properties":{"stop_id":"18598","name":"BEATTY ST + BAUM","weekday_trips":93,"routes":["82","86"]}},{"type":"Feature","geometry":{"type":"Point","coordinates":[-80.030662,40.470717]},"properties":{"stop_id":"1861","name":"SHADELAND AVE + CASEMENT","weekday_trips":33,"routes":["17"]}},{"type":"Feature","geometry":{"type":"Point","coordinates":[-79.861181,40.44477]},"properties":{"stop_id":"18617","name":"PENN AVE + JACKSON","weekday_trips":43,"routes":["67","P16","P67"]}},{"type":"Feature","geometry":{"type":"Point","coordinates":[-80.030179,40.46918]},"properties":{"stop_id":"1862","name":"SHADELAND AVE + WOODLAND","weekday_trips":33,"routes":["17"]}},{"type":"Feature","geometry":{"type":"Point","coordinates":[-80.02745,40.469573]},"properties":{"stop_id":"1863","name":"WOODLAND AVE + STAYTON","weekday_trips":33,"routes":["17"]}},{"type":"Feature","geometry":{"type":"Point","coordinates":[-79.883552,40.455422]},"properties":{"stop_id":"18630","name":"FRANKSTOWN AVE + BLACKADORE","weekday_trips":23,"routes":["77"]}},{"type":"Feature","geometry":{"type":"Point","coordinates":[-79.880898,40.454835]},"properties":{"stop_id":"18631","name":"TOKAY ST + BENNETT","weekday_trips":23,"routes":["77"]}},{"type":"Feature","geometry":{"type":"Point","coordinates":[-79.990732,40.42021]},"properties":{"stop_id":"18632","name":"ARLINGTON AVE + KNOX","weekday_trips":45,"routes":["48","51L"]}},{"type":"Feature","geometry":{"type":"Point","coordinates":[-80.003929,40.456043]},"properties":{"stop_id":"18636","name":"NORTH AVE + SANDUSKY ST (AGH)","weekday_trips":196,"routes":["11","15","17","54","8"]}},{"type":"Feature","geometry":{"type":"Point","coordinates":[-79.995053,40.468156]},"properties":{"stop_id":"18639","name":"MATHIAS ST + RHINE","weekday_trips":32,"routes":["6"]}},{"type":"Feature","geometry":{"type":"Point","coordinates":[-80.025775,40.469876]},"properties":{"stop_id":"1864","name":"WOODLAND AVE + BRIGHTON","weekday_trips":33,"routes":["17"]}},{"type":"Feature","geometry":{"type":"Point","coordinates":[-79.995167,40.45703]},"properties":{"stop_id":"18640","name":"CHESTNUT ST + ZONA WAY","weekday_trips":37,"routes":["6","7"]}},{"type":"Feature","geometry":{"type":"Point","coordinates":[-79.987392,40.448769]},"properties":{"stop_id":"18641","name":"16TH ST + PENN AVE","weekday_trips":55,"routes":["54"]}},{"type":"Feature","geometry":{"type":"Point","coordinates":[-80.01418,40.46895]},"properties":{"stop_id":"18643","name":"WILSON ST + CHARLES","weekday_trips":25,"routes":["11"]}},{"type":"Feature","geometry":{"type":"Point","coordinates":[-80.086596,40.364639]},"properties":{"stop_id":"18645","name":"BOWER HILL RD + PAINTERS RUN","weekday_trips":22,"routes":["41"]}},{"type":"Feature","geometry":{"type":"Point","coordinates":[-80.084835,40.368861]},"properties":{"stop_id":"18646","name":"VANADIUM RD + BOWER HILL","weekday_trips":22,"routes":["41"]}},{"type":"Feature","geometry":{"type":"Point","coordinates":[-80.079587,40.371477]},"properties":{"stop_id":"18647","name":"BOWER HILL RD + SOMERVILLE","weekday_trips":22,"routes":["41"]}},{"type":"Feature","geometry":{"type":"Point","coordinates":[-80.071902,40.374877]},"properties":{"stop_id":"18648","name":"BOWER HILL RD + HILLAIRE","weekday_trips":22,"routes":["41"]}},{"type":"Feature","geometry":{"type":"Point","coordinates":[-80.041336,40.389661]},"properties":{"stop_id":"18649","name":"WEST LIBERTY AVE + MCFARLAND","weekday_trips":22,"routes":["41"]}},{"type":"Feature","geometry":{"type":"Point","coordinates":[-80.037655,40.392318]},"properties":{"stop_id":"18650","name":"WEST LIBERTY AVE + KELTON","weekday_trips":22,"routes":["41"]}},{"type":"Feature","geometry":{"type":"Point","coordinates":[-80.023769,40.400055]},"properties":{"stop_id":"18652","name":"WEST LIBERTY AVE + BELLE ISLE","weekday_trips":22,"routes":["41"]}},{"type":"Feature","geometry":{"type":"Point","coordinates":[-80.020869,40.402687]},"properties":{"stop_id":"18653","name":"WEST LIBERTY AVE + RAY","weekday_trips":22,"routes":["41"]}},{"type":"Feature","geometry":{"type":"Point","coordinates":[-80.088843,40.371625]},"properties":{"stop_id":"18654","name":"VANADIUM RD + GREEN COMMONS FS","weekday_trips":22,"routes":["41"]}},{"type":"Feature","geometry":{"type":"Point","coordinates":[-80.033494,40.395642]},"properties":{"stop_id":"18655","name":"WEST LIBERTY AVE + PIONEER","weekday_trips":22,"routes":["41"]}},{"type":"Feature","geometry":{"type":"Point","coordinates":[-80.020971,40.40278]},"properties":{"stop_id":"18657","name":"WEST LIBERTY AVE + RAY","weekday_trips":22,"routes":["41"]}},{"type":"Feature","geometry":{"type":"Point","coordinates":[-80.037533,40.39259]},"properties":{"stop_id":"18658","name":"WEST LIBERTY AVE + KELTON FS","weekday_trips":22,"routes":["41"]}},{"type":"Feature","geometry":{"type":"Point","coordinates":[-80.041496,40.389702]},"properties":{"stop_id":"18659","name":"WEST LIBERTY AVE + MCFARLAND","weekday_trips":22,"routes":["41"]}},{"type":"Feature","geometry":{"type":"Point","coordinates":[-80.027252,40.469679]},"properties":{"stop_id":"1866","name":"WOODLAND AVE + STAYTON","weekday_trips":33,"routes":["17"]}},{"type":"Feature","geometry":{"type":"Point","coordinates":[-80.071841,40.375006]},"properties":{"stop_id":"18662","name":"BOWER HILL RD + HILLAIRE","weekday_trips":22,"routes":["41"]}},{"type":"Feature","geometry":{"type":"Point","coordinates":[-80.080073,40.371473]},"properties":{"stop_id":"18663","name":"BOWER HILL RD + SOMERVILLE","weekday_trips":22,"routes":["41"]}},{"type":"Feature","geometry":{"type":"Point","coordinates":[-80.0876,40.37523]},"properties":{"stop_id":"18664","name":"KANE BLVD + PROVIDENCE POINT BLVD","weekday_trips":22,"routes":["41"]}},{"type":"Feature","geometry":{"type":"Point","coordinates":[-79.94765,40.348939]},"properties":{"stop_id":"18667","name":"DELWAR + APPLEBEES DRVWY","weekday_trips":18,"routes":["Y49"]}},{"type":"Feature","geometry":{"type":"Point","coordinates":[-79.950821,40.35083]},"properties":{"stop_id":"18668","name":"DELWAR + RITTER ENGINEERING DRVWY","weekday_trips":18,"routes":["Y49"]}},{"type":"Feature","geometry":{"type":"Point","coordinates":[-80.02997,40.46914]},"properties":{"stop_id":"1867","name":"WOODLAND AVE + SHADELAND","weekday_trips":33,"routes":["17"]}},{"type":"Feature","geometry":{"type":"Point","coordinates":[-79.950933,40.350809]},"properties":{"stop_id":"18672","name":"DELWAR + RITTER ENGINEERING DRVWY","weekday_trips":18,"routes":["Y49"]}},{"type":"Feature","geometry":{"type":"Point","coordinates":[-79.947753,40.348981]},"properties":{"stop_id":"18673","name":"DELWAR + APPLEBEES DRVWY","weekday_trips":18,"routes":["Y49"]}},{"type":"Feature","geometry":{"type":"Point","coordinates":[-79.995505,40.381293]},"properties":{"stop_id":"18677","name":"HWY RT 51 + HILLVIEW","weekday_trips":63,"routes":["Y45","Y46","Y47","Y49"]}},{"type":"Feature","geometry":{"type":"Point","coordinates":[-79.982075,40.361169]},"properties":{"stop_id":"18678","name":"STILLEY RD + HWY RT 51","weekday_trips":18,"routes":["Y49"]}},{"type":"Feature","geometry":{"type":"Point","coordinates":[-80.030243,40.469712]},"properties":{"stop_id":"1868","name":"SHADELAND AVE + DICKSON","weekday_trips":33,"routes":["17"]}},{"type":"Feature","geometry":{"type":"Point","coordinates":[-80.004401,40.515078]},"properties":{"stop_id":"18686","name":"MCKNIGHT RD + BABCOCK RAMP FS","weekday_trips":33,"routes":["12","O12"]}},{"type":"Feature","geometry":{"type":"Point","coordinates":[-80.008172,40.505594]},"properties":{"stop_id":"18689","name":"MCKNIGHT RD + NELSON RUN","weekday_trips":35,"routes":["12","O12"]}},{"type":"Feature","geometry":{"type":"Point","coordinates":[-80.030494,40.470518]},"properties":{"stop_id":"1869","name":"SHADELAND AVE + CASEMENT","weekday_trips":33,"routes":["17"]}},{"type":"Feature","geometry":{"type":"Point","coordinates":[-80.030926,40.471862]},"properties":{"stop_id":"1870","name":"SHADELAND AVE + RANCHERIA","weekday_trips":33,"routes":["17"]}},{"type":"Feature","geometry":{"type":"Point","coordinates":[-80.007915,40.496285]},"properties":{"stop_id":"18709","name":"EVERGREEN RD + IVORY NS","weekday_trips":3,"routes":["O5"]}},{"type":"Feature","geometry":{"type":"Point","coordinates":[-80.031343,40.473185]},"properties":{"stop_id":"1871","name":"SHADELAND AVE + SCHIMMER","weekday_trips":33,"routes":["17"]}},{"type":"Feature","geometry":{"type":"Point","coordinates":[-80.031887,40.474899]},"properties":{"stop_id":"1872","name":"SHADELAND AVE + GEYER","weekday_trips":33,"routes":["17"]}},{"type":"Feature","geometry":{"type":"Point","coordinates":[-80.066085,40.443662]},"properties":{"stop_id":"18720","name":"WEST BUSWAY + INGRAM STATION STOP A","weekday_trips":46,"routes":["G2"]}},{"type":"Feature","geometry":{"type":"Point","coordinates":[-80.067735,40.43553]},"properties":{"stop_id":"18721","name":"WEST BUSWAY + CRAFTON STATION STOP A","weekday_trips":46,"routes":["G2"]}},{"type":"Feature","geometry":{"type":"Point","coordinates":[-80.072903,40.426101]},"properties":{"stop_id":"18722","name":"WEST BUSWAY + IDLEWOOD STATION A","weekday_trips":46,"routes":["G2"]}},{"type":"Feature","geometry":{"type":"Point","coordinates":[-80.066065,40.443815]},"properties":{"stop_id":"18729","name":"WEST BUSWAY + INGRAM STATION STOP B","weekday_trips":50,"routes":["28X","G3","G31"]}},{"type":"Feature","geometry":{"type":"Point","coordinates":[-80.03354,40.47755]},"properties":{"stop_id":"1873","name":"SHADELAND AVE + HARBISON FS","weekday_trips":33,"routes":["17"]}},{"type":"Feature","geometry":{"type":"Point","coordinates":[-80.067743,40.435725]},"properties":{"stop_id":"18730","name":"WEST BUSWAY + CRAFTON STATION STOP B","weekday_trips":50,"routes":["28X","G3","G31"]}},{"type":"Feature","geometry":{"type":"Point","coordinates":[-80.07275,40.426263]},"properties":{"stop_id":"18731","name":"WEST BUSWAY + IDLEWOOD STATION STOP B","weekday_trips":50,"routes":["28X","G3","G31"]}},{"type":"Feature","geometry":{"type":"Point","coordinates":[-80.082887,40.415637]},"properties":{"stop_id":"18732","name":"WEST BUSWAY + BELL STATION STOP B","weekday_trips":50,"routes":["28X","G3","G31"]}},{"type":"Feature","geometry":{"type":"Point","coordinates":[-80.034214,40.479687]},"properties":{"stop_id":"1875","name":"SHADELAND AVE + ETOLA St FS","weekday_trips":33,"routes":["17"]}},{"type":"Feature","geometry":{"type":"Point","coordinates":[-80.068327,40.441581]},"properties":{"stop_id":"18758","name":"FOSTER AVE + WILLOW (PLAYGROUND)","weekday_trips":61,"routes":["26","27"]}},{"type":"Feature","geometry":{"type":"Point","coordinates":[-80.034789,40.481465]},"properties":{"stop_id":"1876","name":"SHADELAND AVE + DAVIS","weekday_trips":33,"routes":["17"]}},{"type":"Feature","geometry":{"type":"Point","coordinates":[-80.056286,40.463508]},"properties":{"stop_id":"18764","name":"STANHOPE ST + CHARTIERS FS (SUNOCO)","weekday_trips":78,"routes":["20","21","24"]}},{"type":"Feature","geometry":{"type":"Point","coordinates":[-80.076175,40.473497]},"properties":{"stop_id":"18769","name":"BROADWAY ST + 9TH","weekday_trips":31,"routes":["24"]}},{"type":"Feature","geometry":{"type":"Point","coordinates":[-80.077943,40.474094]},"properties":{"stop_id":"18770","name":"BROADWAY ST + 11TH","weekday_trips":31,"routes":["24"]}},{"type":"Feature","geometry":{"type":"Point","coordinates":[-80.092038,40.470727]},"properties":{"stop_id":"18772","name":"MCKEES ROCKS RD + HECKLE FS","weekday_trips":31,"routes":["24"]}},{"type":"Feature","geometry":{"type":"Point","coordinates":[-80.055359,40.471469]},"properties":{"stop_id":"18778","name":"HELEN ST + SPROUL FS","weekday_trips":26,"routes":["22"]}},{"type":"Feature","geometry":{"type":"Point","coordinates":[-80.083984,40.479799]},"properties":{"stop_id":"18780","name":"MCCOY RD + NEVILLE FS","weekday_trips":26,"routes":["22"]}},{"type":"Feature","geometry":{"type":"Point","coordinates":[-80.089544,40.480491]},"properties":{"stop_id":"18781","name":"MCCOY RD + EWING FS","weekday_trips":26,"routes":["22"]}},{"type":"Feature","geometry":{"type":"Point","coordinates":[-79.975905,40.380572]},"properties":{"stop_id":"18782","name":"BROWNSVILLE RD AT BRENTWOOD LOOP SHELTER","weekday_trips":112,"routes":["51","51L"]}},{"type":"Feature","geometry":{"type":"Point","coordinates":[-80.073974,40.464925]},"properties":{"stop_id":"18785","name":"CHARTIERS AVE + SINGER","weekday_trips":18,"routes":["20"]}},{"type":"Feature","geometry":{"type":"Point","coordinates":[-80.07234,40.484155]},"properties":{"stop_id":"18793","name":"ISLAND AVE + ORR FS","weekday_trips":29,"routes":["21"]}},{"type":"Feature","geometry":{"type":"Point","coordinates":[-80.072535,40.484389]},"properties":{"stop_id":"18794","name":"ISLAND AVE + ORR","weekday_trips":30,"routes":["21"]}},{"type":"Feature","geometry":{"type":"Point","coordinates":[-80.061609,40.472378]},"properties":{"stop_id":"18796","name":"ISLAND AVE + CHURCHILL","weekday_trips":30,"routes":["21"]}},{"type":"Feature","geometry":{"type":"Point","coordinates":[-80.101867,40.502479]},"properties":{"stop_id":"18797","name":"GRAND AVE + NEVILLE","weekday_trips":30,"routes":["21"]}},{"type":"Feature","geometry":{"type":"Point","coordinates":[-80.041132,40.482956]},"properties":{"stop_id":"1880","name":"CALIFORNIA AVE + COOPER AVE","weekday_trips":39,"routes":["13"]}},{"type":"Feature","geometry":{"type":"Point","coordinates":[-79.883011,40.488406]},"properties":{"stop_id":"18814","name":"FOX CHAPEL RD + FREEPORT FS","weekday_trips":33,"routes":["75"]}},{"type":"Feature","geometry":{"type":"Point","coordinates":[-79.882638,40.489839]},"properties":{"stop_id":"18816","name":"FOX CHAPEL RD + MARGERY S","weekday_trips":33,"routes":["75"]}},{"type":"Feature","geometry":{"type":"Point","coordinates":[-79.881397,40.492092]},"properties":{"stop_id":"18817","name":"FOX CHAPEL RD + MARGERY N","weekday_trips":33,"routes":["75"]}},{"type":"Feature","geometry":{"type":"Point","coordinates":[-79.882543,40.496901]},"properties":{"stop_id":"18818","name":"FOX CHAPEL RD + PARL ENTERANCE","weekday_trips":33,"routes":["75"]}},{"type":"Feature","geometry":{"type":"Point","coordinates":[-79.88336,40.498564]},"properties":{"stop_id":"18819","name":"FOX CHAPEL RD + DELAFIELD NS","weekday_trips":33,"routes":["75"]}},{"type":"Feature","geometry":{"type":"Point","coordinates":[-80.041847,40.485303]},"properties":{"stop_id":"1882","name":"CALIFORNIA AVE + PERROTT ST","weekday_trips":39,"routes":["13"]}},{"type":"Feature","geometry":{"type":"Point","coordinates":[-80.043332,40.486236]},"properties":{"stop_id":"1883","name":"CALIFORNIA AVE + CHELLIS ST","weekday_trips":39,"routes":["13"]}},{"type":"Feature","geometry":{"type":"Point","coordinates":[-80.045274,40.487567]},"properties":{"stop_id":"1884","name":"CALIFORNIA AVE + WINHURST ST FS","weekday_trips":39,"routes":["13"]}},{"type":"Feature","geometry":{"type":"Point","coordinates":[-79.951515,40.34787]},"properties":{"stop_id":"18844","name":"LEBANON CHURCH RD + REGIS","weekday_trips":62,"routes":["51","Y47"]}},{"type":"Feature","geometry":{"type":"Point","coordinates":[-79.985241,40.343505]},"properties":{"stop_id":"18847","name":"BROWNSVILLE RD + HOLLOWHAVEN FS","weekday_trips":17,"routes":["Y47"]}},{"type":"Feature","geometry":{"type":"Point","coordinates":[-79.984516,40.341621]},"properties":{"stop_id":"18848","name":"KNOEDLER RD + BROWNSVILLE RD FS","weekday_trips":17,"routes":["Y47"]}},{"type":"Feature","geometry":{"type":"Point","coordinates":[-80.000731,40.359704]},"properties":{"stop_id":"18849","name":"WEYMAN RD + VILLAGE LANE","weekday_trips":3,"routes":["Y45"]}},{"type":"Feature","geometry":{"type":"Point","coordinates":[-80.001958,40.343912]},"properties":{"stop_id":"18856","name":"BLOSSOM DR + NORMA","weekday_trips":3,"routes":["Y45"]}},{"type":"Feature","geometry":{"type":"Point","coordinates":[-80.00532,40.342652]},"properties":{"stop_id":"18857","name":"BLOSSOM DR + GARDENVILLE","weekday_trips":3,"routes":["Y45"]}},{"type":"Feature","geometry":{"type":"Point","coordinates":[-80.002347,40.343669]},"properties":{"stop_id":"18859","name":"BLOSSOM DR + NORMA","weekday_trips":3,"routes":["Y45"]}},{"type":"Feature","geometry":{"type":"Point","coordinates":[-80.005553,40.342678]},"properties":{"stop_id":"18873","name":"GARDENVILLE RD + BLOSSOM","weekday_trips":3,"routes":["Y45"]}},{"type":"Feature","geometry":{"type":"Point","coordinates":[-79.997244,40.343848]},"properties":{"stop_id":"18874","name":"BLOSSOM DR + MCANULTY","weekday_trips":3,"routes":["Y45"]}},{"type":"Feature","geometry":{"type":"Point","coordinates":[-80.005285,40.354016]},"properties":{"stop_id":"18877","name":"BAPTIST RD + WINDVALE FS","weekday_trips":3,"routes":["Y45"]}},{"type":"Feature","geometry":{"type":"Point","coordinates":[-80.008162,40.349904]},"properties":{"stop_id":"18879","name":"GARDENVILLE RD + CROSS FS","weekday_trips":3,"routes":["Y45"]}},{"type":"Feature","geometry":{"type":"Point","coordinates":[-79.997354,40.42152]},"properties":{"stop_id":"18882","name":"BELTZHOOVER AVE + WARRINGTON NS","weekday_trips":49,"routes":["44","54"]}},{"type":"Feature","geometry":{"type":"Point","coordinates":[-79.858966,40.363058]},"properties":{"stop_id":"18888","name":"MELLON ST + HIGHLAND","weekday_trips":34,"routes":["52L","59"]}},{"type":"Feature","geometry":{"type":"Point","coordinates":[-79.883477,40.391397]},"properties":{"stop_id":"18891","name":"GREENSPRINGS AVE + SPRING FS","weekday_trips":7,"routes":["52L"]}},{"type":"Feature","geometry":{"type":"Point","coordinates":[-79.961949,40.442906]},"properties":{"stop_id":"18894","name":"TERRACE ST + SUTHERLAND DR","weekday_trips":58,"routes":["81","83"]}},{"type":"Feature","geometry":{"type":"Point","coordinates":[-79.957542,40.449285]},"properties":{"stop_id":"18896","name":"BRYN MAWR RD + CENTER FS","weekday_trips":28,"routes":["83"]}},{"type":"Feature","geometry":{"type":"Point","coordinates":[-79.957049,40.451388]},"properties":{"stop_id":"18897","name":"BRYN MAWR RD + IOWA","weekday_trips":28,"routes":["83"]}},{"type":"Feature","geometry":{"type":"Point","coordinates":[-79.957338,40.451462]},"properties":{"stop_id":"18902","name":"BRYN MAWR RD + IOWA","weekday_trips":28,"routes":["83"]}},{"type":"Feature","geometry":{"type":"Point","coordinates":[-79.957618,40.44927]},"properties":{"stop_id":"18906","name":"BRYN MAWR RD + CENTER","weekday_trips":28,"routes":["83"]}},{"type":"Feature","geometry":{"type":"Point","coordinates":[-79.967882,40.441249]},"properties":{"stop_id":"18907","name":"ALLEQUIPPA ST + WHITRIDGE","weekday_trips":28,"routes":["83"]}},{"type":"Feature","geometry":{"type":"Point","coordinates":[-79.968814,40.440618]},"properties":{"stop_id":"18908","name":"ALLEQUIPPA ST + SR RESIDENCE (TERRACE)","weekday_trips":28,"routes":["83"]}},{"type":"Feature","geometry":{"type":"Point","coordinates":[-79.965677,40.440285]},"properties":{"stop_id":"18909","name":"TERRACE ST + ROBINSON","weekday_trips":28,"routes":["83"]}},{"type":"Feature","geometry":{"type":"Point","coordinates":[-79.967684,40.439966]},"properties":{"stop_id":"18910","name":"TERRACE ST + OAK HILL","weekday_trips":28,"routes":["83"]}},{"type":"Feature","geometry":{"type":"Point","coordinates":[-79.96845,40.44267]},"properties":{"stop_id":"18918","name":"ECKSTIEN + WADSWORTH FS","weekday_trips":30,"routes":["81"]}},{"type":"Feature","geometry":{"type":"Point","coordinates":[-79.908283,40.457033]},"properties":{"stop_id":"18934","name":"HAMILTON AVE + FIFTH FS","weekday_trips":61,"routes":["71D"]}},{"type":"Feature","geometry":{"type":"Point","coordinates":[-79.884876,40.451715]},"properties":{"stop_id":"18936","name":"HAMILTON AVE + OAKWOOD","weekday_trips":61,"routes":["71D"]}},{"type":"Feature","geometry":{"type":"Point","coordinates":[-79.886098,40.452087]},"properties":{"stop_id":"18937","name":"HAMILTON AVE + MUTI WAY","weekday_trips":61,"routes":["71D"]}},{"type":"Feature","geometry":{"type":"Point","coordinates":[-79.915142,40.455992]},"properties":{"stop_id":"18942","name":"PENN AVE + BAKERY SQUARE","weekday_trips":138,"routes":["71C","74","88","89"]}},{"type":"Feature","geometry":{"type":"Point","coordinates":[-79.92969,40.421693]},"properties":{"stop_id":"18950","name":"GREENFIELD AVE + LORETTA","weekday_trips":20,"routes":["58"]}},{"type":"Feature","geometry":{"type":"Point","coordinates":[-79.930411,40.423]},"properties":{"stop_id":"18951","name":"GREENFIELD AVE + WINDSOR FS","weekday_trips":20,"routes":["58"]}},{"type":"Feature","geometry":{"type":"Point","coordinates":[-79.933088,40.424139]},"properties":{"stop_id":"18952","name":"GREENFIELD AVE + FRANK FS","weekday_trips":20,"routes":["58"]}},{"type":"Feature","geometry":{"type":"Point","coordinates":[-79.939998,40.42617]},"properties":{"stop_id":"18953","name":"GREENFIELD AVE + WINTERBURN FS","weekday_trips":58,"routes":["58","65","93"]}},{"type":"Feature","geometry":{"type":"Point","coordinates":[-79.941162,40.425883]},"properties":{"stop_id":"18954","name":"GREENFIELD AVE + HOOSAC FS","weekday_trips":58,"routes":["58","65","93"]}},{"type":"Feature","geometry":{"type":"Point","coordinates":[-79.942606,40.425535]},"properties":{"stop_id":"18955","name":"GREENFIELD AVE + LYDIA FS","weekday_trips":58,"routes":["58","65","93"]}},{"type":"Feature","geometry":{"type":"Point","coordinates":[-79.939754,40.424326]},"properties":{"stop_id":"18959","name":"WINTERBURN AVE + BLANTON","weekday_trips":20,"routes":["58"]}},{"type":"Feature","geometry":{"type":"Point","coordinates":[-79.939746,40.426009]},"properties":{"stop_id":"18961","name":"WINTERBURN AVE + GREENFIELD","weekday_trips":20,"routes":["58"]}},{"type":"Feature","geometry":{"type":"Point","coordinates":[-79.930425,40.419882]},"properties":{"stop_id":"18963","name":"HAZELWOOD AVE + #771","weekday_trips":50,"routes":["58","93"]}},{"type":"Feature","geometry":{"type":"Point","coordinates":[-79.917804,40.463642]},"properties":{"stop_id":"18966","name":"EAST LIBERTY BLVD + LARIMER","weekday_trips":33,"routes":["75"]}},{"type":"Feature","geometry":{"type":"Point","coordinates":[-79.926833,40.460478]},"properties":{"stop_id":"18967","name":"BAUM BLVD + TRADE ST","weekday_trips":41,"routes":["74","89"]}},{"type":"Feature","geometry":{"type":"Point","coordinates":[-79.916089,40.464255]},"properties":{"stop_id":"18970","name":"LARIMER AVE + MAYFLOWER","weekday_trips":25,"routes":["74"]}},{"type":"Feature","geometry":{"type":"Point","coordinates":[-79.914592,40.465215]},"properties":{"stop_id":"18976","name":"LARMIER AVE + MEADOW","weekday_trips":25,"routes":["74"]}},{"type":"Feature","geometry":{"type":"Point","coordinates":[-79.888635,40.461326]},"properties":{"stop_id":"18978","name":"STRANAHAN ST + BRUSHTON","weekday_trips":25,"routes":["74"]}},{"type":"Feature","geometry":{"type":"Point","coordinates":[-79.888537,40.460737]},"properties":{"stop_id":"18979","name":"BRUSHTON AVE + UPLAND","weekday_trips":25,"routes":["74"]}},{"type":"Feature","geometry":{"type":"Point","coordinates":[-79.893609,40.461895]},"properties":{"stop_id":"18980","name":"UPLAND ST + APLLE","weekday_trips":25,"routes":["74"]}},{"type":"Feature","geometry":{"type":"Point","coordinates":[-79.893795,40.461891]},"properties":{"stop_id":"18983","name":"UPLAND ST + APLLE","weekday_trips":25,"routes":["74"]}},{"type":"Feature","geometry":{"type":"Point","coordinates":[-79.903442,40.446498]},"properties":{"stop_id":"18985","name":"REYNOLDS ST + HOMEWOOD","weekday_trips":25,"routes":["74"]}},{"type":"Feature","geometry":{"type":"Point","coordinates":[-79.888607,40.460553]},"properties":{"stop_id":"18986","name":"UPLAND ST + BRUSHTON","weekday_trips":25,"routes":["74"]}},{"type":"Feature","geometry":{"type":"Point","coordinates":[-79.889936,40.461688]},"properties":{"stop_id":"18988","name":"STRANAHAN ST + OBERLIN","weekday_trips":25,"routes":["74"]}},{"type":"Feature","geometry":{"type":"Point","coordinates":[-79.877991,40.410381]},"properties":{"stop_id":"18994","name":"RANKIN BLVD + KENMAWR","weekday_trips":61,"routes":["61B"]}},{"type":"Feature","geometry":{"type":"Point","coordinates":[-79.89845,40.420353]},"properties":{"stop_id":"18996","name":"COMMERCIAL ST + BLACKHAWK","weekday_trips":22,"routes":["71","P71"]}},{"type":"Feature","geometry":{"type":"Point","coordinates":[-79.899449,40.420834]},"properties":{"stop_id":"18997","name":"COMMERCIAL ST + HOMESTEAD","weekday_trips":22,"routes":["71","P71"]}},{"type":"Feature","geometry":{"type":"Point","coordinates":[-80.024636,40.410367]},"properties":{"stop_id":"19","name":"BROADWAY AVE AT HAMPSHIRE","weekday_trips":62,"routes":["RED"]}},{"type":"Feature","geometry":{"type":"Point","coordinates":[-79.897576,40.420026]},"properties":{"stop_id":"19000","name":"MCCLURE AVE + COMMERCIAL","weekday_trips":22,"routes":["71","P71"]}},{"type":"Feature","geometry":{"type":"Point","coordinates":[-79.900409,40.421281]},"properties":{"stop_id":"19001","name":"COMMERCIAL ST + WHIPPLE","weekday_trips":22,"routes":["71","P71"]}},{"type":"Feature","geometry":{"type":"Point","coordinates":[-79.891597,40.425376]},"properties":{"stop_id":"19006","name":"MONONGAHELA AVE + WHIPPLE FS","weekday_trips":66,"routes":["61B","P71"]}},{"type":"Feature","geometry":{"type":"Point","coordinates":[-79.89269,40.441283]},"properties":{"stop_id":"19007","name":"KELLY ST + TRENTON FS","weekday_trips":73,"routes":["61A","71","P71"]}},{"type":"Feature","geometry":{"type":"Point","coordinates":[-79.949668,40.452738]},"properties":{"stop_id":"19008","name":"NEVILLE RAMP + CENTRE FS","weekday_trips":47,"routes":["P3"]}},{"type":"Feature","geometry":{"type":"Point","coordinates":[-79.925819,40.472401]},"properties":{"stop_id":"19011","name":"NEGLEY AVE + JACKSON NS","weekday_trips":63,"routes":["71A"]}},{"type":"Feature","geometry":{"type":"Point","coordinates":[-79.855727,40.463635]},"properties":{"stop_id":"19059","name":"FRANKSTOWN RD + BON AIR FS","weekday_trips":25,"routes":["77"]}},{"type":"Feature","geometry":{"type":"Point","coordinates":[-79.965855,40.455694]},"properties":{"stop_id":"19088","name":"BIGELOW BLVD + HERRON FS","weekday_trips":23,"routes":["77"]}},{"type":"Feature","geometry":{"type":"Point","coordinates":[-79.954782,40.456253]},"properties":{"stop_id":"19089","name":"CRAIG ST + BIGELOW FS","weekday_trips":53,"routes":["77","93"]}},{"type":"Feature","geometry":{"type":"Point","coordinates":[-79.952698,40.453968]},"properties":{"stop_id":"19090","name":"BAUM BLVD + CRAIG FS","weekday_trips":23,"routes":["77"]}},{"type":"Feature","geometry":{"type":"Point","coordinates":[-79.951381,40.453993]},"properties":{"stop_id":"19091","name":"BAUM BLVD + MELWOOD FS","weekday_trips":23,"routes":["77"]}},{"type":"Feature","geometry":{"type":"Point","coordinates":[-79.939286,40.456668]},"properties":{"stop_id":"19092","name":"BAUM BLVD + LIBERTY FS","weekday_trips":23,"routes":["77"]}},{"type":"Feature","geometry":{"type":"Point","coordinates":[-79.877541,40.457135]},"properties":{"stop_id":"19095","name":"FRANKSTOWN AVE + STANDARD FS","weekday_trips":23,"routes":["77"]}},{"type":"Feature","geometry":{"type":"Point","coordinates":[-79.875603,40.458269]},"properties":{"stop_id":"19096","name":"FRANKSTOWN AVE + WILKINSBURG FS","weekday_trips":23,"routes":["77"]}},{"type":"Feature","geometry":{"type":"Point","coordinates":[-79.870474,40.461136]},"properties":{"stop_id":"19097","name":"FRANKSTOWN AVE + EAST HILLS NS","weekday_trips":23,"routes":["77"]}},{"type":"Feature","geometry":{"type":"Point","coordinates":[-79.953117,40.453808]},"properties":{"stop_id":"19109","name":"CRAIG ST + BAUM","weekday_trips":30,"routes":["93"]}},{"type":"Feature","geometry":{"type":"Point","coordinates":[-80.027586,40.464644]},"properties":{"stop_id":"1911","name":"MARSHALL AVE + NEW HAMPSHIRE","weekday_trips":33,"routes":["17"]}},{"type":"Feature","geometry":{"type":"Point","coordinates":[-79.954829,40.46545]},"properties":{"stop_id":"19113","name":"MAIN ST + PENN NS","weekday_trips":57,"routes":["54","93"]}},{"type":"Feature","geometry":{"type":"Point","coordinates":[-79.920154,40.487453]},"properties":{"stop_id":"19125","name":"BAKER ST + BUTLER","weekday_trips":33,"routes":["75"]}},{"type":"Feature","geometry":{"type":"Point","coordinates":[-79.84845,40.446497]},"properties":{"stop_id":"19130","name":"BEULAH RD + MCCRADY FS","weekday_trips":11,"routes":["P16"]}},{"type":"Feature","geometry":{"type":"Point","coordinates":[-79.859072,40.445121]},"properties":{"stop_id":"19131","name":"WM PENN HWY + GRAHAM FS","weekday_trips":43,"routes":["67","P16","P67"]}},{"type":"Feature","geometry":{"type":"Point","coordinates":[-80.027467,40.464595]},"properties":{"stop_id":"1914","name":"MARSHALL AVE + NEW HAMPSHIRE","weekday_trips":33,"routes":["17"]}},{"type":"Feature","geometry":{"type":"Point","coordinates":[-80.025635,40.46627]},"properties":{"stop_id":"1915","name":"MARSHALL AVE + STAYTON ST","weekday_trips":33,"routes":["17"]}},{"type":"Feature","geometry":{"type":"Point","coordinates":[-79.846915,40.466548]},"properties":{"stop_id":"19161","name":"COAL HOLLOW + OLD COAL HOLLOW","weekday_trips":22,"routes":["P78"]}},{"type":"Feature","geometry":{"type":"Point","coordinates":[-79.85778,40.456156]},"properties":{"stop_id":"19164","name":"LAKETON RD + DOYLE FS","weekday_trips":22,"routes":["P78"]}},{"type":"Feature","geometry":{"type":"Point","coordinates":[-79.84684,40.466731]},"properties":{"stop_id":"19170","name":"COAL HOLLOW + OLD COAL HOLLOW","weekday_trips":22,"routes":["P78"]}},{"type":"Feature","geometry":{"type":"Point","coordinates":[-79.867519,40.448935]},"properties":{"stop_id":"19174","name":"MONTIER ST + LAKETON","weekday_trips":22,"routes":["P78"]}},{"type":"Feature","geometry":{"type":"Point","coordinates":[-80.109118,40.465137]},"properties":{"stop_id":"19180","name":"CLEVER RD + PITCHFORK","weekday_trips":31,"routes":["24"]}},{"type":"Feature","geometry":{"type":"Point","coordinates":[-80.06618,40.443931]},"properties":{"stop_id":"19192","name":"INGRAM AVE + WEST BUSWAY RAMP FS","weekday_trips":61,"routes":["26","27"]}},{"type":"Feature","geometry":{"type":"Point","coordinates":[-80.062401,40.456616]},"properties":{"stop_id":"19197","name":"ALLENDALE ST + TWEED","weekday_trips":62,"routes":["26"]}},{"type":"Feature","geometry":{"type":"Point","coordinates":[-80.054243,40.452625]},"properties":{"stop_id":"19204","name":"CHARTIERS AVE + LITCHFIELD (STEPS)","weekday_trips":31,"routes":["26"]}},{"type":"Feature","geometry":{"type":"Point","coordinates":[-80.063869,40.45378]},"properties":{"stop_id":"19205","name":"CHARTIERS AVE + FAIRDALE ST","weekday_trips":31,"routes":["26"]}},{"type":"Feature","geometry":{"type":"Point","coordinates":[-80.058252,40.444452]},"properties":{"stop_id":"19206","name":"MIDDLETOWN RD + STRATMORE FS","weekday_trips":30,"routes":["27"]}},{"type":"Feature","geometry":{"type":"Point","coordinates":[-80.055995,40.444161]},"properties":{"stop_id":"19212","name":"MIDDLETOWN RD + MARTERA FS","weekday_trips":30,"routes":["27"]}},{"type":"Feature","geometry":{"type":"Point","coordinates":[-80.069268,40.458543]},"properties":{"stop_id":"19215","name":"CHARTIERS AVE + OLTMAN FS","weekday_trips":30,"routes":["27"]}},{"type":"Feature","geometry":{"type":"Point","coordinates":[-80.057846,40.443201]},"properties":{"stop_id":"19225","name":"STEUBEN ST + STRATMORE","weekday_trips":21,"routes":["29"]}},{"type":"Feature","geometry":{"type":"Point","coordinates":[-80.106607,40.449186]},"properties":{"stop_id":"19231","name":"STEUBENVILLE PIKE + LORISH NS (ECONO LODGE)","weekday_trips":21,"routes":["29"]}},{"type":"Feature","geometry":{"type":"Point","coordinates":[-80.032761,40.441718]},"properties":{"stop_id":"19237","name":"S MAIN ST + SANCTUS","weekday_trips":43,"routes":["31","38"]}},{"type":"Feature","geometry":{"type":"Point","coordinates":[-80.083691,40.409183]},"properties":{"stop_id":"19241","name":"WASHINGTON AVE + MAIN FS","weekday_trips":28,"routes":["31"]}},{"type":"Feature","geometry":{"type":"Point","coordinates":[-80.083564,40.404541]},"properties":{"stop_id":"19242","name":"WASHINGTON AVE + LINCOLN FS","weekday_trips":28,"routes":["31"]}},{"type":"Feature","geometry":{"type":"Point","coordinates":[-80.082724,40.399497]},"properties":{"stop_id":"19243","name":"WASHINGTON AVE + MARSHALL FS","weekday_trips":28,"routes":["31"]}},{"type":"Feature","geometry":{"type":"Point","coordinates":[-80.088714,40.389298]},"properties":{"stop_id":"19245","name":"RAILROAD ST + 4TH FS","weekday_trips":33,"routes":["31","G31"]}},{"type":"Feature","geometry":{"type":"Point","coordinates":[-80.094755,40.38133]},"properties":{"stop_id":"19246","name":"WASHINGTON PIKE AT THOMS RUN RD","weekday_trips":48,"routes":["31","38","G31"]}},{"type":"Feature","geometry":{"type":"Point","coordinates":[-80.086946,40.396069]},"properties":{"stop_id":"19263","name":"CAROTHERS AVE + WASHINGTON","weekday_trips":5,"routes":["G31"]}},{"type":"Feature","geometry":{"type":"Point","coordinates":[-80.050792,40.348821]},"properties":{"stop_id":"19268","name":"HIGHLAND RD + OXFORD","weekday_trips":20,"routes":["36"]}},{"type":"Feature","geometry":{"type":"Point","coordinates":[-80.051165,40.355715]},"properties":{"stop_id":"19269","name":"GILKESON RD + WASHINGTON","weekday_trips":20,"routes":["36"]}},{"type":"Feature","geometry":{"type":"Point","coordinates":[-80.029857,40.416121]},"properties":{"stop_id":"19270","name":"BANKSVILLE RD + CRANE","weekday_trips":20,"routes":["36"]}},{"type":"Feature","geometry":{"type":"Point","coordinates":[-80.046432,40.395485]},"properties":{"stop_id":"19276","name":"MCFARLAND RD + DORMONT PARK","weekday_trips":20,"routes":["36"]}},{"type":"Feature","geometry":{"type":"Point","coordinates":[-80.029921,40.418418]},"properties":{"stop_id":"19277","name":"BANKSVILLE RD + BANKSVILLE AVE","weekday_trips":20,"routes":["36"]}},{"type":"Feature","geometry":{"type":"Point","coordinates":[-80.030038,40.416067]},"properties":{"stop_id":"19278","name":"BANKSVILLE RD + CRANE","weekday_trips":20,"routes":["36"]}},{"type":"Feature","geometry":{"type":"Point","coordinates":[-80.046475,40.39618]},"properties":{"stop_id":"19281","name":"MCFARLAND RD + HELEN FS","weekday_trips":20,"routes":["36"]}},{"type":"Feature","geometry":{"type":"Point","coordinates":[-80.050458,40.355115]},"properties":{"stop_id":"19284","name":"GILKESON RD + WASHINGTON","weekday_trips":20,"routes":["36"]}},{"type":"Feature","geometry":{"type":"Point","coordinates":[-80.040558,40.478146]},"properties":{"stop_id":"1929","name":"CALIFORNIA AVE + FALCK AVE","weekday_trips":39,"routes":["13"]}},{"type":"Feature","geometry":{"type":"Point","coordinates":[-80.012734,40.421503]},"properties":{"stop_id":"19292","name":"SOUTHERN AVE + LELIA","weekday_trips":28,"routes":["40"]}},{"type":"Feature","geometry":{"type":"Point","coordinates":[-80.017192,40.437296]},"properties":{"stop_id":"19295","name":"GRANDVIEW AVE + HALLOCK","weekday_trips":27,"routes":["40"]}},{"type":"Feature","geometry":{"type":"Point","coordinates":[-80.01825,40.437917]},"properties":{"stop_id":"19296","name":"GRANDVIEW AVE + COHASSETT","weekday_trips":27,"routes":["40"]}},{"type":"Feature","geometry":{"type":"Point","coordinates":[-80.011432,40.419551]},"properties":{"stop_id":"19303","name":"BOGGS AVE + SOFFEL","weekday_trips":18,"routes":["43"]}},{"type":"Feature","geometry":{"type":"Point","coordinates":[-79.990457,40.425288]},"properties":{"stop_id":"19305","name":"ARLINGTON AVE + ROANOKE","weekday_trips":18,"routes":["43"]}},{"type":"Feature","geometry":{"type":"Point","coordinates":[-80.001007,40.425594]},"properties":{"stop_id":"19307","name":"KATHLEEN ST + ESTELLA","weekday_trips":18,"routes":["43"]}},{"type":"Feature","geometry":{"type":"Point","coordinates":[-79.989236,40.423464]},"properties":{"stop_id":"19309","name":"ARLINGTON AVE + #1047 FS","weekday_trips":18,"routes":["43"]}},{"type":"Feature","geometry":{"type":"Point","coordinates":[-80.04004,40.476472]},"properties":{"stop_id":"1931","name":"CALIFORNIA AVE + RANKIN AVE","weekday_trips":39,"routes":["13"]}},{"type":"Feature","geometry":{"type":"Point","coordinates":[-80.002596,40.425932]},"properties":{"stop_id":"19311","name":"HABERMAN AVE + KATHLEEN FS","weekday_trips":18,"routes":["43"]}},{"type":"Feature","geometry":{"type":"Point","coordinates":[-80.009206,40.424238]},"properties":{"stop_id":"19312","name":"BOGGS AVE + DEWITT FS","weekday_trips":18,"routes":["43"]}},{"type":"Feature","geometry":{"type":"Point","coordinates":[-79.996323,40.42787]},"properties":{"stop_id":"19314","name":"ARLINGTON AVE + WILLIAM FS","weekday_trips":18,"routes":["43"]}},{"type":"Feature","geometry":{"type":"Point","coordinates":[-79.993594,40.47729]},"properties":{"stop_id":"19319","name":"SPRING GARDEN AVE + WILLIAMS RD","weekday_trips":6,"routes":["7"]}},{"type":"Feature","geometry":{"type":"Point","coordinates":[-80.039665,40.475271]},"properties":{"stop_id":"1932","name":"CALIFORNIA AVE + ANTRIM ST","weekday_trips":39,"routes":["13"]}},{"type":"Feature","geometry":{"type":"Point","coordinates":[-79.989019,40.474636]},"properties":{"stop_id":"19322","name":"SPRING GARDEN AVE + GIDDY WAY","weekday_trips":6,"routes":["7"]}},{"type":"Feature","geometry":{"type":"Point","coordinates":[-80.02253,40.515873]},"properties":{"stop_id":"19324","name":"CENTER AVE + BRIGHTWOOD","weekday_trips":53,"routes":["8"]}},{"type":"Feature","geometry":{"type":"Point","coordinates":[-80.010501,40.474291]},"properties":{"stop_id":"19326","name":"PERRYSVILLE AVE + KENNEDY","weekday_trips":84,"routes":["15","8"]}},{"type":"Feature","geometry":{"type":"Point","coordinates":[-80.001504,40.452968]},"properties":{"stop_id":"19329","name":"CEDAR AVE + EAST OHIO","weekday_trips":141,"routes":["11","15","17","8"]}},{"type":"Feature","geometry":{"type":"Point","coordinates":[-80.038686,40.473928]},"properties":{"stop_id":"1933","name":"CALIFORNIA AVE + #3228","weekday_trips":39,"routes":["13"]}},{"type":"Feature","geometry":{"type":"Point","coordinates":[-80.020202,40.491406]},"properties":{"stop_id":"19332","name":"PERRYSVILLE AVE + WALDORF FS","weekday_trips":53,"routes":["8"]}},{"type":"Feature","geometry":{"type":"Point","coordinates":[-80.037876,40.472777]},"properties":{"stop_id":"1934","name":"CALIFORNIA AVE + BAINTON ST","weekday_trips":39,"routes":["13"]}},{"type":"Feature","geometry":{"type":"Point","coordinates":[-80.022731,40.496248]},"properties":{"stop_id":"19349","name":"CONNIE DR + OLD CONNIE","weekday_trips":33,"routes":["17"]}},{"type":"Feature","geometry":{"type":"Point","coordinates":[-80.03629,40.470772]},"properties":{"stop_id":"1935","name":"CALIFORNIA AVE + FORSYTHE ST","weekday_trips":39,"routes":["13"]}},{"type":"Feature","geometry":{"type":"Point","coordinates":[-80.031524,40.47341]},"properties":{"stop_id":"19350","name":"SHADELAND AVE + COMPLETE FS","weekday_trips":33,"routes":["17"]}},{"type":"Feature","geometry":{"type":"Point","coordinates":[-80.031073,40.472036]},"properties":{"stop_id":"19351","name":"SHADELAND AVE + OAKHILL FS","weekday_trips":33,"routes":["17"]}},{"type":"Feature","geometry":{"type":"Point","coordinates":[-80.015779,40.456085]},"properties":{"stop_id":"19353","name":"PENNSYLVANIA + BRIGHTON FS","weekday_trips":33,"routes":["17"]}},{"type":"Feature","geometry":{"type":"Point","coordinates":[-80.025973,40.469916]},"properties":{"stop_id":"19354","name":"WOODLAND AVE + BRIGHTON FS","weekday_trips":33,"routes":["17"]}},{"type":"Feature","geometry":{"type":"Point","coordinates":[-80.035805,40.469414]},"properties":{"stop_id":"1936","name":"CALIFORNIA AVE + BOSTON ST","weekday_trips":39,"routes":["13"]}},{"type":"Feature","geometry":{"type":"Point","coordinates":[-79.97612,40.429336]},"properties":{"stop_id":"19369","name":"21ST ST. + SIDNEY","weekday_trips":58,"routes":["81","83"]}},{"type":"Feature","geometry":{"type":"Point","coordinates":[-79.966897,40.418107]},"properties":{"stop_id":"19370","name":"JOSEPHINE ST + SALISBURY FS","weekday_trips":38,"routes":["48"]}},{"type":"Feature","geometry":{"type":"Point","coordinates":[-79.922971,40.414065]},"properties":{"stop_id":"19375","name":"BROWNS HILL RD + PARKVIEW FS","weekday_trips":207,"routes":["52L","53L","57","61C","61D","64"]}},{"type":"Feature","geometry":{"type":"Point","coordinates":[-80.035337,40.46792]},"properties":{"stop_id":"1938","name":"CALIFORNIA AVE + ST JOHNS CHURCH","weekday_trips":39,"routes":["13"]}},{"type":"Feature","geometry":{"type":"Point","coordinates":[-79.924998,40.46063]},"properties":{"stop_id":"19383","name":"HIGHLAND AVE + BAUM","weekday_trips":102,"routes":["71B","74","89"]}},{"type":"Feature","geometry":{"type":"Point","coordinates":[-79.90838,40.404314]},"properties":{"stop_id":"19384","name":"12TH AVE + AMITY FS","weekday_trips":19,"routes":["53L"]}},{"type":"Feature","geometry":{"type":"Point","coordinates":[-80.032051,40.463833]},"properties":{"stop_id":"1939","name":"CALIFORNIA AVE + HALSEY PL FS","weekday_trips":78,"routes":["13"]}},{"type":"Feature","geometry":{"type":"Point","coordinates":[-80.033287,40.46543]},"properties":{"stop_id":"1940","name":"CALIFORNIA AVE + SUPERIOR AVE","weekday_trips":78,"routes":["13"]}},{"type":"Feature","geometry":{"type":"Point","coordinates":[-79.886315,40.42343]},"properties":{"stop_id":"19405","name":"EDGEWOOD AVE + SAILOR PL FS","weekday_trips":71,"routes":["61A","P7"]}},{"type":"Feature","geometry":{"type":"Point","coordinates":[-79.88245,40.43637]},"properties":{"stop_id":"19407","name":"COAL ST + WALNUT","weekday_trips":60,"routes":["61A"]}},{"type":"Feature","geometry":{"type":"Point","coordinates":[-79.886339,40.423629]},"properties":{"stop_id":"19409","name":"EDGEWOOD AVE + BRADDOCK NS","weekday_trips":72,"routes":["61A","P7"]}},{"type":"Feature","geometry":{"type":"Point","coordinates":[-79.884806,40.420272]},"properties":{"stop_id":"19411","name":"NOBLE AVE + ROSLYN","weekday_trips":98,"routes":["59","61A","P7"]}},{"type":"Feature","geometry":{"type":"Point","coordinates":[-79.921679,40.468152]},"properties":{"stop_id":"19412","name":"HIGHLAND AVE + HAYS","weekday_trips":96,"routes":["71B","75"]}},{"type":"Feature","geometry":{"type":"Point","coordinates":[-79.924161,40.452311]},"properties":{"stop_id":"19420","name":"HIGHLAND AVE + 5TH FS","weekday_trips":63,"routes":["71B"]}},{"type":"Feature","geometry":{"type":"Point","coordinates":[-79.858412,40.454807]},"properties":{"stop_id":"19432","name":"LAKETON RD + DOUGLAS DR E","weekday_trips":22,"routes":["P78"]}},{"type":"Feature","geometry":{"type":"Point","coordinates":[-79.987163,40.440666]},"properties":{"stop_id":"19436","name":"CENTRE AVE + WASHINGTON PLAZA","weekday_trips":86,"routes":["82","83"]}},{"type":"Feature","geometry":{"type":"Point","coordinates":[-79.90465,40.463157]},"properties":{"stop_id":"19437","name":"LINCOLN AVE + ATWELL","weekday_trips":72,"routes":["82","P17"]}},{"type":"Feature","geometry":{"type":"Point","coordinates":[-80.035698,40.469385]},"properties":{"stop_id":"1945","name":"CALIFORNIA AVE + BOSTON ST","weekday_trips":39,"routes":["13"]}},{"type":"Feature","geometry":{"type":"Point","coordinates":[-79.934518,40.472075]},"properties":{"stop_id":"19453","name":"MOSSFIELD ST + AZURE FS","weekday_trips":16,"routes":["89"]}},{"type":"Feature","geometry":{"type":"Point","coordinates":[-79.933649,40.471267]},"properties":{"stop_id":"19454","name":"MOSSFIELD ST + FERN","weekday_trips":16,"routes":["89"]}},{"type":"Feature","geometry":{"type":"Point","coordinates":[-79.937594,40.472249]},"properties":{"stop_id":"19456","name":"SCHENLEY AVE + FERN","weekday_trips":16,"routes":["89"]}},{"type":"Feature","geometry":{"type":"Point","coordinates":[-79.927774,40.467458]},"properties":{"stop_id":"19457","name":"EAST LIBERTY BLVD + NEGLEY FS","weekday_trips":16,"routes":["89"]}},{"type":"Feature","geometry":{"type":"Point","coordinates":[-79.933513,40.471273]},"properties":{"stop_id":"19461","name":"MOSSFIELD ST + FERN","weekday_trips":16,"routes":["89"]}},{"type":"Feature","geometry":{"type":"Point","coordinates":[-79.938115,40.46895]},"properties":{"stop_id":"19465","name":"COLUMBO ST + ATLANTIC","weekday_trips":16,"routes":["89"]}},{"type":"Feature","geometry":{"type":"Point","coordinates":[-79.934461,40.472159]},"properties":{"stop_id":"19466","name":"MOSSFIELD ST + AZURE","weekday_trips":16,"routes":["89"]}},{"type":"Feature","geometry":{"type":"Point","coordinates":[-79.886506,40.442414]},"properties":{"stop_id":"19470","name":"SOUTH AVE + HAY","weekday_trips":60,"routes":["61A"]}},{"type":"Feature","geometry":{"type":"Point","coordinates":[-79.953178,40.464207]},"properties":{"stop_id":"19475","name":"MAIN ST + HOWLEY FS","weekday_trips":57,"routes":["54","93"]}},{"type":"Feature","geometry":{"type":"Point","coordinates":[-80.039455,40.47519]},"properties":{"stop_id":"1949","name":"CALIFORNIA AVE + ANTRIM ST","weekday_trips":39,"routes":["13"]}},{"type":"Feature","geometry":{"type":"Point","coordinates":[-79.985517,40.445151]},"properties":{"stop_id":"19490","name":"BEDFORD AVE + ROBERTS","weekday_trips":30,"routes":["81"]}},{"type":"Feature","geometry":{"type":"Point","coordinates":[-79.956719,40.452957]},"properties":{"stop_id":"19491","name":"ADELAIDE ST + IOWA","weekday_trips":28,"routes":["83"]}},{"type":"Feature","geometry":{"type":"Point","coordinates":[-79.957035,40.450205]},"properties":{"stop_id":"19493","name":"BRYN MAWR RD + ANDOVER","weekday_trips":28,"routes":["83"]}},{"type":"Feature","geometry":{"type":"Point","coordinates":[-79.980447,40.4437]},"properties":{"stop_id":"19494","name":"DEVILLIERS ST + CENTRE","weekday_trips":28,"routes":["83"]}},{"type":"Feature","geometry":{"type":"Point","coordinates":[-79.957085,40.450253]},"properties":{"stop_id":"19495","name":"BRYN MAWR RD + ANDOVER","weekday_trips":28,"routes":["83"]}},{"type":"Feature","geometry":{"type":"Point","coordinates":[-79.966377,40.442398]},"properties":{"stop_id":"19496","name":"ALLEQUIPPA ST + OUTLET","weekday_trips":28,"routes":["83"]}},{"type":"Feature","geometry":{"type":"Point","coordinates":[-79.87504,40.407103]},"properties":{"stop_id":"19499","name":"BRADDOCK AVE + LINE","weekday_trips":61,"routes":["61B"]}},{"type":"Feature","geometry":{"type":"Point","coordinates":[-80.0398,40.47617]},"properties":{"stop_id":"1950","name":"CALIFORNIA AVE + RANKIN AVE","weekday_trips":39,"routes":["13"]}},{"type":"Feature","geometry":{"type":"Point","coordinates":[-80.015534,40.403374]},"properties":{"stop_id":"19506","name":"PIONEER AVE + CRYSLER FS","weekday_trips":38,"routes":["39"]}},{"type":"Feature","geometry":{"type":"Point","coordinates":[-80.020418,40.399938]},"properties":{"stop_id":"19507","name":"PIONEER AVE + BELLE ISLE","weekday_trips":35,"routes":["39"]}},{"type":"Feature","geometry":{"type":"Point","coordinates":[-80.015021,40.406656]},"properties":{"stop_id":"19508","name":"PIONEER AVE + SOUTHCREST FS","weekday_trips":35,"routes":["39"]}},{"type":"Feature","geometry":{"type":"Point","coordinates":[-80.015607,40.403402]},"properties":{"stop_id":"19509","name":"PIONEER AVE + CRYSLER NS","weekday_trips":35,"routes":["39"]}},{"type":"Feature","geometry":{"type":"Point","coordinates":[-80.011747,40.389035]},"properties":{"stop_id":"19510","name":"FREEDOM AVE + CREEDMORE FS","weekday_trips":38,"routes":["39"]}},{"type":"Feature","geometry":{"type":"Point","coordinates":[-80.023082,40.395939]},"properties":{"stop_id":"19511","name":"BROOKLINE BLVD + PIONEER FS (#506)","weekday_trips":35,"routes":["39"]}},{"type":"Feature","geometry":{"type":"Point","coordinates":[-80.004257,40.442748]},"properties":{"stop_id":"19514","name":"STANWIX ST + PENN FS","weekday_trips":629,"routes":["13","16","17","19L","20","21","22","24","26","27","29","31","36","38","8","G3","G31"]}},{"type":"Feature","geometry":{"type":"Point","coordinates":[-80.040361,40.477976]},"properties":{"stop_id":"1952","name":"CALIFORNIA AVE + FALCK AVE","weekday_trips":39,"routes":["13"]}},{"type":"Feature","geometry":{"type":"Point","coordinates":[-80.040968,40.479946]},"properties":{"stop_id":"1953","name":"CALIFORNIA AVE + DAVIS AVE","weekday_trips":39,"routes":["13"]}},{"type":"Feature","geometry":{"type":"Point","coordinates":[-79.951019,40.50679]},"properties":{"stop_id":"19531","name":"GRANT AVE + LEHR","weekday_trips":21,"routes":["2","P13"]}},{"type":"Feature","geometry":{"type":"Point","coordinates":[-79.943781,40.498846]},"properties":{"stop_id":"19533","name":"BUTLER ST + MAPLEWOOD","weekday_trips":21,"routes":["2","P13"]}},{"type":"Feature","geometry":{"type":"Point","coordinates":[-79.947428,40.453674]},"properties":{"stop_id":"19539","name":"MILLVALE AVE + CENTRE","weekday_trips":55,"routes":["54"]}},{"type":"Feature","geometry":{"type":"Point","coordinates":[-80.041544,40.481788]},"properties":{"stop_id":"1954","name":"CALIFORNIA AVE + TERMON AVE","weekday_trips":39,"routes":["13"]}},{"type":"Feature","geometry":{"type":"Point","coordinates":[-80.00856,40.45473]},"properties":{"stop_id":"19540","name":"ARCH ST + NORTH","weekday_trips":55,"routes":["54"]}},{"type":"Feature","geometry":{"type":"Point","coordinates":[-79.998293,40.407887]},"properties":{"stop_id":"19541","name":"CAMFIELD ST + CALLE","weekday_trips":31,"routes":["54"]}},{"type":"Feature","geometry":{"type":"Point","coordinates":[-80.00815,40.452159]},"properties":{"stop_id":"19543","name":"RIDGE AVE + ARCH","weekday_trips":39,"routes":["54"]}},{"type":"Feature","geometry":{"type":"Point","coordinates":[-79.990176,40.414403]},"properties":{"stop_id":"19545","name":"BAUSMAN AVE + BRICK WAY FS","weekday_trips":27,"routes":["54"]}},{"type":"Feature","geometry":{"type":"Point","coordinates":[-79.997109,40.414224]},"properties":{"stop_id":"19546","name":"BAUSMAN AVE + BERND","weekday_trips":27,"routes":["54"]}},{"type":"Feature","geometry":{"type":"Point","coordinates":[-79.992038,40.414351]},"properties":{"stop_id":"19547","name":"BAUSMAN AVE + ROMEYN","weekday_trips":27,"routes":["54"]}},{"type":"Feature","geometry":{"type":"Point","coordinates":[-79.99293,40.414327]},"properties":{"stop_id":"19548","name":"BAUSMAN AVE + GRIMES","weekday_trips":27,"routes":["54"]}},{"type":"Feature","geometry":{"type":"Point","coordinates":[-79.972478,40.455842]},"properties":{"stop_id":"19550","name":"BRERETON ST + 28TH","weekday_trips":27,"routes":["54"]}},{"type":"Feature","geometry":{"type":"Point","coordinates":[-79.967251,40.456875]},"properties":{"stop_id":"19551","name":"DOBSON ST + BRERETON","weekday_trips":27,"routes":["54"]}},{"type":"Feature","geometry":{"type":"Point","coordinates":[-80.041696,40.485093]},"properties":{"stop_id":"19557","name":"CALIFORNIA AVE + PERROTT","weekday_trips":39,"routes":["13"]}},{"type":"Feature","geometry":{"type":"Point","coordinates":[-80.041627,40.481592]},"properties":{"stop_id":"19558","name":"CALIFORNIA AVE + TERMON","weekday_trips":39,"routes":["13"]}},{"type":"Feature","geometry":{"type":"Point","coordinates":[-80.040821,40.484659]},"properties":{"stop_id":"19563","name":"CALIFORNIA AVE + BENTON FS","weekday_trips":39,"routes":["13"]}},{"type":"Feature","geometry":{"type":"Point","coordinates":[-80.051069,40.506908]},"properties":{"stop_id":"19564","name":"FOREST AVE + KLEMONT FS","weekday_trips":39,"routes":["13"]}},{"type":"Feature","geometry":{"type":"Point","coordinates":[-79.863571,40.384438]},"properties":{"stop_id":"19569","name":"HOFFMAN BOULEVARD + DUQUESNE BOULEVARD FS","weekday_trips":52,"routes":["59"]}},{"type":"Feature","geometry":{"type":"Point","coordinates":[-80.007126,40.457232]},"properties":{"stop_id":"19577","name":"FEDERAL ST + HEMLOCK ST","weekday_trips":78,"routes":["11","8"]}},{"type":"Feature","geometry":{"type":"Point","coordinates":[-80.061703,40.402324]},"properties":{"stop_id":"19580","name":"GREENTREE RD + RYAN NS","weekday_trips":30,"routes":["38"]}},{"type":"Feature","geometry":{"type":"Point","coordinates":[-80.056916,40.388419]},"properties":{"stop_id":"19583","name":"COCHRAN ROAD + PARKER DR","weekday_trips":15,"routes":["38"]}},{"type":"Feature","geometry":{"type":"Point","coordinates":[-80.043758,40.384443]},"properties":{"stop_id":"19586","name":"WASHINGTON RD + FLORENCE","weekday_trips":15,"routes":["38"]}},{"type":"Feature","geometry":{"type":"Point","coordinates":[-80.044217,40.381398]},"properties":{"stop_id":"19587","name":"WASHINGTON RD + CEDAR","weekday_trips":15,"routes":["38"]}},{"type":"Feature","geometry":{"type":"Point","coordinates":[-80.045074,40.416383]},"properties":{"stop_id":"19590","name":"GREENTREE RD + POCONO FS","weekday_trips":30,"routes":["38"]}},{"type":"Feature","geometry":{"type":"Point","coordinates":[-80.058299,40.403529]},"properties":{"stop_id":"19592","name":"GREENTREE RD + ARLA FS","weekday_trips":30,"routes":["38"]}},{"type":"Feature","geometry":{"type":"Point","coordinates":[-80.063394,40.392956]},"properties":{"stop_id":"19602","name":"COCHRAN + ROESSLER","weekday_trips":15,"routes":["38"]}},{"type":"Feature","geometry":{"type":"Point","coordinates":[-80.059445,40.390968]},"properties":{"stop_id":"19603","name":"COCHRAN + ROBINWOOD","weekday_trips":15,"routes":["38"]}},{"type":"Feature","geometry":{"type":"Point","coordinates":[-80.054923,40.387276]},"properties":{"stop_id":"19605","name":"COCHRAN RD + BEVERLY","weekday_trips":15,"routes":["38"]}},{"type":"Feature","geometry":{"type":"Point","coordinates":[-80.071095,40.483335]},"properties":{"stop_id":"19609","name":"ISLAND AVE + FRANKLIN INTERIORS","weekday_trips":29,"routes":["21"]}},{"type":"Feature","geometry":{"type":"Point","coordinates":[-80.06631,40.44385]},"properties":{"stop_id":"19614","name":"INGRAM AVE + MARCROSS","weekday_trips":61,"routes":["26","27"]}},{"type":"Feature","geometry":{"type":"Point","coordinates":[-80.045966,40.441354]},"properties":{"stop_id":"19615","name":"STEUBEN ST + ELLIOTT HEIGHTS SENIOR CTR","weekday_trips":52,"routes":["27","29"]}},{"type":"Feature","geometry":{"type":"Point","coordinates":[-80.04571,40.441689]},"properties":{"stop_id":"19616","name":"STEUBEN ST + ELLIOTT HEIGHTS SENIOR CTR","weekday_trips":51,"routes":["27","29"]}},{"type":"Feature","geometry":{"type":"Point","coordinates":[-80.052849,40.452161]},"properties":{"stop_id":"19618","name":"CHARTIERS AVE + MUNICIPAL","weekday_trips":31,"routes":["26"]}},{"type":"Feature","geometry":{"type":"Point","coordinates":[-80.05053,40.451355]},"properties":{"stop_id":"19619","name":"CHARTIERS AVE + DUBOIS","weekday_trips":31,"routes":["26"]}},{"type":"Feature","geometry":{"type":"Point","coordinates":[-80.06969,40.447203]},"properties":{"stop_id":"19620","name":"W PROSPECT AVE + BERRY FS","weekday_trips":30,"routes":["27"]}},{"type":"Feature","geometry":{"type":"Point","coordinates":[-80.064532,40.435994]},"properties":{"stop_id":"19630","name":"NOBLE AVE + CRAFTON","weekday_trips":22,"routes":["29"]}},{"type":"Feature","geometry":{"type":"Point","coordinates":[-80.069089,40.43672]},"properties":{"stop_id":"19635","name":"CRENNEL AVE + CRAFTON","weekday_trips":21,"routes":["29"]}},{"type":"Feature","geometry":{"type":"Point","coordinates":[-80.070405,40.474633]},"properties":{"stop_id":"19641","name":"MCCOY RD + TOTERA","weekday_trips":26,"routes":["22"]}},{"type":"Feature","geometry":{"type":"Point","coordinates":[-80.083892,40.373064]},"properties":{"stop_id":"19644","name":"KANE BLVD + CHURCH RECTORY","weekday_trips":22,"routes":["41"]}},{"type":"Feature","geometry":{"type":"Point","coordinates":[-80.086916,40.364228]},"properties":{"stop_id":"19645","name":"BOWER HILL RD + PAINTERS RUN FS","weekday_trips":22,"routes":["41"]}},{"type":"Feature","geometry":{"type":"Point","coordinates":[-80.015247,40.431987]},"properties":{"stop_id":"19648","name":"VIRGINIA AVE + BIGHAM","weekday_trips":27,"routes":["40"]}},{"type":"Feature","geometry":{"type":"Point","coordinates":[-80.007921,40.42007]},"properties":{"stop_id":"19650","name":"WARRINGTON AVE + BOGGSTON","weekday_trips":18,"routes":["43"]}},{"type":"Feature","geometry":{"type":"Point","coordinates":[-80.010093,40.422415]},"properties":{"stop_id":"19651","name":"BOGGS AVE + PAUL","weekday_trips":18,"routes":["43"]}},{"type":"Feature","geometry":{"type":"Point","coordinates":[-79.997427,40.423641]},"properties":{"stop_id":"19653","name":"BELTZHOOVER AVE + EUREKA","weekday_trips":18,"routes":["43"]}},{"type":"Feature","geometry":{"type":"Point","coordinates":[-79.965627,40.417306]},"properties":{"stop_id":"19656","name":"ARLINGTON AVE + JOSEPHINE ST","weekday_trips":38,"routes":["48"]}},{"type":"Feature","geometry":{"type":"Point","coordinates":[-79.968584,40.427449]},"properties":{"stop_id":"19663","name":"E CARSON ST + 26TH ST","weekday_trips":38,"routes":["48"]}},{"type":"Feature","geometry":{"type":"Point","coordinates":[-79.969199,40.42583]},"properties":{"stop_id":"19665","name":"26TH ST + JANE ST","weekday_trips":38,"routes":["48"]}},{"type":"Feature","geometry":{"type":"Point","coordinates":[-79.964279,40.420042]},"properties":{"stop_id":"19666","name":"JOSEPHINE ST + #3201","weekday_trips":38,"routes":["48"]}},{"type":"Feature","geometry":{"type":"Point","coordinates":[-79.992267,40.421692]},"properties":{"stop_id":"19667","name":"ARLINGTON AVE + WARRINGTON","weekday_trips":38,"routes":["48"]}},{"type":"Feature","geometry":{"type":"Point","coordinates":[-80.059237,40.371657]},"properties":{"stop_id":"19674","name":"CEDAR BLVD + OLD CEDAR","weekday_trips":20,"routes":["36"]}},{"type":"Feature","geometry":{"type":"Point","coordinates":[-80.050166,40.348917]},"properties":{"stop_id":"19675","name":"HIGHLAND RD + OXFORD","weekday_trips":20,"routes":["36"]}},{"type":"Feature","geometry":{"type":"Point","coordinates":[-80.052346,40.437612]},"properties":{"stop_id":"19682","name":"NOBLESTOWN RD + BARTOW","weekday_trips":28,"routes":["31"]}},{"type":"Feature","geometry":{"type":"Point","coordinates":[-80.007097,40.42109]},"properties":{"stop_id":"19685","name":"SOUTH BUSWAY + SOUTH HILLS JCT","weekday_trips":170,"routes":["39","40","41","44","Y1","Y45","Y46","Y47","Y49"]}},{"type":"Feature","geometry":{"type":"Point","coordinates":[-80.04498,40.41673]},"properties":{"stop_id":"19693","name":"GREENTREE RD + POCONO FS","weekday_trips":30,"routes":["38"]}},{"type":"Feature","geometry":{"type":"Point","coordinates":[-80.044183,40.447221]},"properties":{"stop_id":"19705","name":"CHARTIERS AVE + NITTANY FS","weekday_trips":31,"routes":["26"]}},{"type":"Feature","geometry":{"type":"Point","coordinates":[-80.068282,40.441838]},"properties":{"stop_id":"19707","name":"FOSTER AVE + WILLOW (OPP PLAYGROUND)","weekday_trips":61,"routes":["26","27"]}},{"type":"Feature","geometry":{"type":"Point","coordinates":[-80.050637,40.442281]},"properties":{"stop_id":"19710","name":"STEUBEN ST + DEXTER","weekday_trips":52,"routes":["27","29"]}},{"type":"Feature","geometry":{"type":"Point","coordinates":[-80.094251,40.381698]},"properties":{"stop_id":"19716","name":"WASHINGTON PIKE OPP THOMS RUN RD","weekday_trips":48,"routes":["31","38","G31"]}},{"type":"Feature","geometry":{"type":"Point","coordinates":[-80.01879,40.405178]},"properties":{"stop_id":"19717","name":"WEST LIBERTY AVE + CAPITOL","weekday_trips":22,"routes":["41"]}},{"type":"Feature","geometry":{"type":"Point","coordinates":[-80.026471,40.504393]},"properties":{"stop_id":"19728","name":"PERRY HWY + HANWAY","weekday_trips":53,"routes":["8"]}},{"type":"Feature","geometry":{"type":"Point","coordinates":[-80.085023,40.374043]},"properties":{"stop_id":"19731","name":"KANE BLVD + OUR LADY OF GRACE","weekday_trips":22,"routes":["41"]}},{"type":"Feature","geometry":{"type":"Point","coordinates":[-80.001478,40.453372]},"properties":{"stop_id":"19738","name":"EAST OHIO ST + CEDAR","weekday_trips":55,"routes":["54"]}},{"type":"Feature","geometry":{"type":"Point","coordinates":[-80.053085,40.494297]},"properties":{"stop_id":"19746","name":"LINCOLN AVE + FREMONT AVE NS","weekday_trips":101,"routes":["13","16","19L"]}},{"type":"Feature","geometry":{"type":"Point","coordinates":[-80.039364,40.520669]},"properties":{"stop_id":"19748","name":"CENTER AVE + BRONX","weekday_trips":39,"routes":["13"]}},{"type":"Feature","geometry":{"type":"Point","coordinates":[-80.053105,40.499191]},"properties":{"stop_id":"19749","name":"BALPH AVE + ORCHARD","weekday_trips":39,"routes":["13"]}},{"type":"Feature","geometry":{"type":"Point","coordinates":[-80.030157,40.462596]},"properties":{"stop_id":"1975","name":"MARSHALL AVE + CALIFORNIA","weekday_trips":33,"routes":["17"]}},{"type":"Feature","geometry":{"type":"Point","coordinates":[-80.047215,40.508074]},"properties":{"stop_id":"19752","name":"FOREST AVE + CORNELL","weekday_trips":39,"routes":["13"]}},{"type":"Feature","geometry":{"type":"Point","coordinates":[-80.045492,40.510769]},"properties":{"stop_id":"19753","name":"CORNELL AVE + SPRUCE VALLEY DR","weekday_trips":39,"routes":["13"]}},{"type":"Feature","geometry":{"type":"Point","coordinates":[-80.045461,40.513548]},"properties":{"stop_id":"19754","name":"CORNELL AVE + WILLIAM ST","weekday_trips":39,"routes":["13"]}},{"type":"Feature","geometry":{"type":"Point","coordinates":[-80.018438,40.459421]},"properties":{"stop_id":"19755","name":"CALIFORNIA AVE + MARQUIS WAY","weekday_trips":39,"routes":["13"]}},{"type":"Feature","geometry":{"type":"Point","coordinates":[-79.862136,40.404462]},"properties":{"stop_id":"19756","name":"BALDRIDGE AVE + WALNUT ST FS","weekday_trips":86,"routes":["59","61A"]}},{"type":"Feature","geometry":{"type":"Point","coordinates":[-80.029859,40.419471]},"properties":{"stop_id":"19762","name":"BANKSVILLE RD + DAYS INN","weekday_trips":20,"routes":["36"]}},{"type":"Feature","geometry":{"type":"Point","coordinates":[-79.949176,40.454073]},"properties":{"stop_id":"19781","name":"BAUM BLVD + ENFIELD ST FS","weekday_trips":23,"routes":["77"]}},{"type":"Feature","geometry":{"type":"Point","coordinates":[-79.883249,40.455486]},"properties":{"stop_id":"19783","name":"FRANKSTOWN AVE + BLACKADORE AVE","weekday_trips":25,"routes":["77"]}},{"type":"Feature","geometry":{"type":"Point","coordinates":[-79.851204,40.463546]},"properties":{"stop_id":"19786","name":"FRANKSTOWN RD + FRANKSTOWN GARDENS","weekday_trips":23,"routes":["77"]}},{"type":"Feature","geometry":{"type":"Point","coordinates":[-79.91444,40.493369]},"properties":{"stop_id":"19817","name":"MAIN ST + 23RD ST","weekday_trips":88,"routes":["1","91"]}},{"type":"Feature","geometry":{"type":"Point","coordinates":[-80.002558,40.455741]},"properties":{"stop_id":"19846","name":"CEDAR AVE + TRIPOLI ST","weekday_trips":24,"routes":["12"]}},{"type":"Feature","geometry":{"type":"Point","coordinates":[-80.040802,40.478956]},"properties":{"stop_id":"19855","name":"CALIFORNIA AVE + FAIRLEE ST FS","weekday_trips":39,"routes":["13"]}},{"type":"Feature","geometry":{"type":"Point","coordinates":[-80.008712,40.470959]},"properties":{"stop_id":"19857","name":"CHARLES ST + PERRYSVILLE","weekday_trips":30,"routes":["15"]}},{"type":"Feature","geometry":{"type":"Point","coordinates":[-79.948012,40.482902]},"properties":{"stop_id":"19866","name":"LAWRENCEVILLE SHOPPING CENTER (TERMINAL)","weekday_trips":69,"routes":["87","93"]}},{"type":"Feature","geometry":{"type":"Point","coordinates":[-79.924698,40.487671]},"properties":{"stop_id":"19869","name":"JANCEY ST + BAKER","weekday_trips":53,"routes":["75","87"]}},{"type":"Feature","geometry":{"type":"Point","coordinates":[-79.923497,40.487805]},"properties":{"stop_id":"19870","name":"BAKER ST + #7124","weekday_trips":53,"routes":["75","87"]}},{"type":"Feature","geometry":{"type":"Point","coordinates":[-79.887263,40.441851]},"properties":{"stop_id":"19871","name":"PENNWOOD AVE + FRANKILN","weekday_trips":135,"routes":["61A","71","71C","P71"]}},{"type":"Feature","geometry":{"type":"Point","coordinates":[-79.881643,40.435899]},"properties":{"stop_id":"19874","name":"SWISSVALE AVE + JANE ST LOOP","weekday_trips":60,"routes":["61A"]}},{"type":"Feature","geometry":{"type":"Point","coordinates":[-79.965775,40.34238]},"properties":{"stop_id":"19876","name":"HWY RT 51 RAMP + HWY RT 51 (STEPS)","weekday_trips":45,"routes":["51"]}},{"type":"Feature","geometry":{"type":"Point","coordinates":[-79.996899,40.429326]},"properties":{"stop_id":"19877","name":"E CARSON ST + TERMINAL WAY","weekday_trips":143,"routes":["48","51"]}},{"type":"Feature","geometry":{"type":"Point","coordinates":[-79.957292,40.345996]},"properties":{"stop_id":"19879","name":"LEBANON CHURCH RD + CECO DR","weekday_trips":62,"routes":["51","Y47"]}},{"type":"Feature","geometry":{"type":"Point","coordinates":[-79.976066,40.38087]},"properties":{"stop_id":"19882","name":"BRENTWOOD LOOP AT BROWNSVILLE RD","weekday_trips":60,"routes":["51"]}},{"type":"Feature","geometry":{"type":"Point","coordinates":[-80.019162,40.447675]},"properties":{"stop_id":"19883","name":"ALLEGHENY STATION BAY 1","weekday_trips":24,"routes":["14"]}},{"type":"Feature","geometry":{"type":"Point","coordinates":[-80.019387,40.447641]},"properties":{"stop_id":"19884","name":"ALLEGHENY STATION BAY 2","weekday_trips":77,"routes":["18","54"]}},{"type":"Feature","geometry":{"type":"Point","coordinates":[-79.887106,40.423769]},"properties":{"stop_id":"19886","name":"BRADDOCK AVE + DELMAR WAY","weekday_trips":8,"routes":["71","P71"]}},{"type":"Feature","geometry":{"type":"Point","coordinates":[-79.886878,40.425965]},"properties":{"stop_id":"19888","name":"EDGEWOOD TOWNE CENTRE + GIANT EAGLE","weekday_trips":16,"routes":["71","P71"]}},{"type":"Feature","geometry":{"type":"Point","coordinates":[-79.887322,40.423876]},"properties":{"stop_id":"19894","name":"BRADDOCK AVE + DELMAR","weekday_trips":8,"routes":["71","P71"]}},{"type":"Feature","geometry":{"type":"Point","coordinates":[-79.970155,40.343586]},"properties":{"stop_id":"19898","name":"HWY RT 51 + IRWIN FS","weekday_trips":70,"routes":["51","Y46"]}},{"type":"Feature","geometry":{"type":"Point","coordinates":[-79.939847,40.42436]},"properties":{"stop_id":"19900","name":"WINTERBURN AVE + BLANTON","weekday_trips":20,"routes":["58"]}},{"type":"Feature","geometry":{"type":"Point","coordinates":[-79.939831,40.425534]},"properties":{"stop_id":"19901","name":"WINTERBURN AVE + DENMARSH","weekday_trips":20,"routes":["58"]}},{"type":"Feature","geometry":{"type":"Point","coordinates":[-79.932618,40.419791]},"properties":{"stop_id":"19902","name":"HAZELWOOD AVE + #713","weekday_trips":50,"routes":["58","93"]}},{"type":"Feature","geometry":{"type":"Point","coordinates":[-79.929833,40.421882]},"properties":{"stop_id":"19906","name":"GREENFIELD AVE + LORETTA","weekday_trips":20,"routes":["58"]}},{"type":"Feature","geometry":{"type":"Point","coordinates":[-80.0598,40.497619]},"properties":{"stop_id":"19912","name":"LINCOLN AVE + STARR AVE FS (KUHNS)","weekday_trips":62,"routes":["16","19L"]}},{"type":"Feature","geometry":{"type":"Point","coordinates":[-79.998947,40.453857]},"properties":{"stop_id":"1997","name":"EAST OHIO ST + MIDDLE","weekday_trips":165,"routes":["1","2","4","54","6","7"]}},{"type":"Feature","geometry":{"type":"Point","coordinates":[-80.000497,40.453559]},"properties":{"stop_id":"1998","name":"EAST OHIO ST + JAMES","weekday_trips":165,"routes":["1","2","4","54","6","7"]}},{"type":"Feature","geometry":{"type":"Point","coordinates":[-79.890987,40.497126]},"properties":{"stop_id":"19982","name":"DELAFIELD RD + PATRIOT WAY","weekday_trips":33,"routes":["75"]}},{"type":"Feature","geometry":{"type":"Point","coordinates":[-79.878954,40.487617]},"properties":{"stop_id":"19983","name":"OLD FREEPORT RD + CHAPEL HARBOR DR","weekday_trips":57,"routes":["91"]}},{"type":"Feature","geometry":{"type":"Point","coordinates":[-79.920097,40.40411]},"properties":{"stop_id":"19991","name":"WATERFRONT DR + 5TH AVE FS","weekday_trips":234,"routes":["53L","59","61D","64"]}},{"type":"Feature","geometry":{"type":"Point","coordinates":[-79.92835,40.419851]},"properties":{"stop_id":"19994","name":"MURRAY AVE + HAZELWOOD AVE","weekday_trips":187,"routes":["61C","61D","64","93"]}},{"type":"Feature","geometry":{"type":"Point","coordinates":[-79.929837,40.450231]},"properties":{"stop_id":"19995","name":"NEGLEY AVE + KENTUCKY ST NS","weekday_trips":36,"routes":["64"]}},{"type":"Feature","geometry":{"type":"Point","coordinates":[-79.931674,40.453343]},"properties":{"stop_id":"19996","name":"NEGLEY AVE + ELMER ST","weekday_trips":36,"routes":["64"]}},{"type":"Feature","geometry":{"type":"Point","coordinates":[-79.94221,40.457931]},"properties":{"stop_id":"19997","name":"LIBERTY AVE + OSCOLA ST","weekday_trips":71,"routes":["64","86"]}},{"type":"Feature","geometry":{"type":"Point","coordinates":[-79.927607,40.426386]},"properties":{"stop_id":"19999","name":"MURRAY AVE + FLEMINGTON ST","weekday_trips":187,"routes":["61C","61D","64","93"]}},{"type":"Feature","geometry":{"type":"Point","coordinates":[-79.854072,40.411812]},"properties":{"stop_id":"20000","name":"BRINTON RD + BRINTON MANOR DR W","weekday_trips":21,"routes":["P68"]}},{"type":"Feature","geometry":{"type":"Point","coordinates":[-79.892982,40.433333]},"properties":{"stop_id":"20004","name":"HUTCHINSON AVE + EAST END","weekday_trips":6,"routes":["71"]}},{"type":"Feature","geometry":{"type":"Point","coordinates":[-79.887565,40.442685]},"properties":{"stop_id":"20013","name":"SOUTH AVE + PENNWOOD","weekday_trips":62,"routes":["71C"]}},{"type":"Feature","geometry":{"type":"Point","coordinates":[-79.913047,40.453986]},"properties":{"stop_id":"20014","name":"FIFTH AVE + PENN AVE FS","weekday_trips":99,"routes":["28X","71D"]}},{"type":"Feature","geometry":{"type":"Point","coordinates":[-79.910663,40.455578]},"properties":{"stop_id":"20016","name":"FIFTH AVE + MCPHERSON ST","weekday_trips":61,"routes":["71D"]}},{"type":"Feature","geometry":{"type":"Point","coordinates":[-79.866131,40.465865]},"properties":{"stop_id":"20042","name":"MT CARMEL RD + VERONA FS","weekday_trips":32,"routes":["79","P17"]}},{"type":"Feature","geometry":{"type":"Point","coordinates":[-79.896149,40.457685]},"properties":{"stop_id":"20044","name":"HOMEWOOD AVE + FRANKSTOWN FS","weekday_trips":25,"routes":["74"]}},{"type":"Feature","geometry":{"type":"Point","coordinates":[-79.914442,40.46535]},"properties":{"stop_id":"20047","name":"LARIMER AVE + MEADOW","weekday_trips":25,"routes":["74"]}},{"type":"Feature","geometry":{"type":"Point","coordinates":[-79.918873,40.427446]},"properties":{"stop_id":"20048","name":"TILBURY AVE + ALDERSON","weekday_trips":34,"routes":["65","74"]}},{"type":"Feature","geometry":{"type":"Point","coordinates":[-79.898523,40.476241]},"properties":{"stop_id":"20064","name":"WILTSIE ST + HIGHLAND DR FS","weekday_trips":50,"routes":["74"]}},{"type":"Feature","geometry":{"type":"Point","coordinates":[-79.89011,40.46632]},"properties":{"stop_id":"20065","name":"OBERLIN ST + OAKDENE FS","weekday_trips":25,"routes":["74"]}},{"type":"Feature","geometry":{"type":"Point","coordinates":[-79.892169,40.461463]},"properties":{"stop_id":"20068","name":"UPLAND ST + STERRETT ST STEPS NS","weekday_trips":25,"routes":["74"]}},{"type":"Feature","geometry":{"type":"Point","coordinates":[-79.923442,40.441554]},"properties":{"stop_id":"20071","name":"MURRAY AVE + NORTHUMBERLAND","weekday_trips":25,"routes":["74"]}},{"type":"Feature","geometry":{"type":"Point","coordinates":[-79.923122,40.439921]},"properties":{"stop_id":"20072","name":"MURRAY AVE + AYLESBORO","weekday_trips":25,"routes":["74"]}},{"type":"Feature","geometry":{"type":"Point","coordinates":[-79.927577,40.459364]},"properties":{"stop_id":"20074","name":"BEATTY ST + CENTRE AVE","weekday_trips":93,"routes":["82","86"]}},{"type":"Feature","geometry":{"type":"Point","coordinates":[-79.92877,40.458898]},"properties":{"stop_id":"20075","name":"CENTRE AVE + S EUCLID AVE","weekday_trips":93,"routes":["82","86"]}},{"type":"Feature","geometry":{"type":"Point","coordinates":[-79.977283,40.444974]},"properties":{"stop_id":"20077","name":"CENTRE AVE + ELMORE ST FS","weekday_trips":88,"routes":["81","82"]}},{"type":"Feature","geometry":{"type":"Point","coordinates":[-79.866485,40.460748]},"properties":{"stop_id":"20088","name":"ROBINSON BLVD + FRANKSTOWN FS","weekday_trips":31,"routes":["79","P17"]}},{"type":"Feature","geometry":{"type":"Point","coordinates":[-79.866044,40.459227]},"properties":{"stop_id":"20089","name":"ROBINSON BLVD + EAST GATE ENTRANCE FS","weekday_trips":31,"routes":["79","P17"]}},{"type":"Feature","geometry":{"type":"Point","coordinates":[-79.863942,40.456037]},"properties":{"stop_id":"20090","name":"ROBINSON BLVD + DOUGLAS","weekday_trips":31,"routes":["79","P17"]}},{"type":"Feature","geometry":{"type":"Point","coordinates":[-79.917174,40.463313]},"properties":{"stop_id":"20096","name":"EAST LIBERTY BLVD + LARIMER","weekday_trips":33,"routes":["75"]}},{"type":"Feature","geometry":{"type":"Point","coordinates":[-79.919599,40.46509]},"properties":{"stop_id":"20097","name":"EAST LIBERTY BLVD + NEGLEY RUN","weekday_trips":58,"routes":["74","75"]}},{"type":"Feature","geometry":{"type":"Point","coordinates":[-79.940108,40.471724]},"properties":{"stop_id":"20098","name":"SCHENLEY AVE + COLUMBO ST","weekday_trips":16,"routes":["89"]}},{"type":"Feature","geometry":{"type":"Point","coordinates":[-79.920097,40.465039]},"properties":{"stop_id":"20100","name":"EAST LIBERTY BLVD + CENTRE AVE","weekday_trips":58,"routes":["74","75"]}},{"type":"Feature","geometry":{"type":"Point","coordinates":[-79.92233,40.46577]},"properties":{"stop_id":"20101","name":"EAST LIBERTY BLVD + HIGHLAND AVE FS","weekday_trips":58,"routes":["74","75"]}},{"type":"Feature","geometry":{"type":"Point","coordinates":[-79.934247,40.438956]},"properties":{"stop_id":"20103","name":"FORBES AVE + NORTHUMBERLAND","weekday_trips":242,"routes":["61A","61B","61C","61D"]}},{"type":"Feature","geometry":{"type":"Point","coordinates":[-79.96094,40.467651]},"properties":{"stop_id":"20106","name":"40TH ST + DAVIDSON ST FS","weekday_trips":30,"routes":["93"]}},{"type":"Feature","geometry":{"type":"Point","coordinates":[-79.859013,40.453568]},"properties":{"stop_id":"20107","name":"LAKETON RD + COLLINS RD","weekday_trips":22,"routes":["P78"]}},{"type":"Feature","geometry":{"type":"Point","coordinates":[-79.9229,40.437748]},"properties":{"stop_id":"20119","name":"MURRAY AVE + FORBES AVE","weekday_trips":61,"routes":["64","74"]}},{"type":"Feature","geometry":{"type":"Point","coordinates":[-79.877799,40.442375]},"properties":{"stop_id":"20120","name":"WALLACE AVE + SWISSVALE FS","weekday_trips":109,"routes":["67","69","79","P17","P67","P78"]}},{"type":"Feature","geometry":{"type":"Point","coordinates":[-79.866188,40.351336]},"properties":{"stop_id":"20158","name":"LYSLE BLVD + MARKET FS","weekday_trips":70,"routes":["55","56","59"]}},{"type":"Feature","geometry":{"type":"Point","coordinates":[-79.857787,40.366041]},"properties":{"stop_id":"20159","name":"TEXAS AVE + MIFFLIN ST","weekday_trips":33,"routes":["52L","59"]}},{"type":"Feature","geometry":{"type":"Point","coordinates":[-79.866847,40.382904]},"properties":{"stop_id":"20160","name":"HOFFMAN BLVD + K-MART DR","weekday_trips":52,"routes":["59"]}},{"type":"Feature","geometry":{"type":"Point","coordinates":[-79.925736,40.408398]},"properties":{"stop_id":"20176","name":"JOHNSON AVE + NAOMI DR","weekday_trips":23,"routes":["57"]}},{"type":"Feature","geometry":{"type":"Point","coordinates":[-80.02314,40.517792]},"properties":{"stop_id":"20179","name":"CENTER AVE + NORWICH","weekday_trips":53,"routes":["8"]}},{"type":"Feature","geometry":{"type":"Point","coordinates":[-80.023167,40.517605]},"properties":{"stop_id":"20180","name":"CENTER AVE + NORWICH","weekday_trips":53,"routes":["8"]}},{"type":"Feature","geometry":{"type":"Point","coordinates":[-80.000347,40.443323]},"properties":{"stop_id":"20182","name":"7TH ST + PENN AVE","weekday_trips":855,"routes":["1","11","12","13","15","16","17","2","6","8","86","87","88","91"]}},{"type":"Feature","geometry":{"type":"Point","coordinates":[-79.982168,40.464845]},"properties":{"stop_id":"20183","name":"LEY ST + FROMAN","weekday_trips":22,"routes":["4"]}},{"type":"Feature","geometry":{"type":"Point","coordinates":[-79.982009,40.464635]},"properties":{"stop_id":"20184","name":"LOWRIE ST + LEY","weekday_trips":22,"routes":["4"]}},{"type":"Feature","geometry":{"type":"Point","coordinates":[-79.866925,40.382773]},"properties":{"stop_id":"20185","name":"HOFFMAN BLVD + K-MART DR","weekday_trips":52,"routes":["59"]}},{"type":"Feature","geometry":{"type":"Point","coordinates":[-79.860024,40.383978]},"properties":{"stop_id":"20191","name":"DUQUESNE BLVD + MILLER","weekday_trips":125,"routes":["59","61C","P7"]}},{"type":"Feature","geometry":{"type":"Point","coordinates":[-79.984134,40.443493]},"properties":{"stop_id":"20193","name":"ROBERTS ST + WYLIE","weekday_trips":30,"routes":["81"]}},{"type":"Feature","geometry":{"type":"Point","coordinates":[-79.984756,40.444341]},"properties":{"stop_id":"20194","name":"ROBERTS ST + WEBSTER","weekday_trips":30,"routes":["81"]}},{"type":"Feature","geometry":{"type":"Point","coordinates":[-79.98535,40.445158]},"properties":{"stop_id":"20195","name":"ROBERTS ST + BEDFORD","weekday_trips":30,"routes":["81"]}},{"type":"Feature","geometry":{"type":"Point","coordinates":[-80.055263,40.387806]},"properties":{"stop_id":"20198","name":"COCHRAN RD + AREDEN RD","weekday_trips":15,"routes":["38"]}},{"type":"Feature","geometry":{"type":"Point","coordinates":[-80.013531,40.431719]},"properties":{"stop_id":"20203","name":"VIRGINIA AVE + MERRIMAC","weekday_trips":27,"routes":["40"]}},{"type":"Feature","geometry":{"type":"Point","coordinates":[-80.013973,40.431745]},"properties":{"stop_id":"20204","name":"VIRGINIA AVE + MERRIMAC","weekday_trips":28,"routes":["40"]}},{"type":"Feature","geometry":{"type":"Point","coordinates":[-79.997297,40.419857]},"properties":{"stop_id":"20205","name":"BELTZHOOVER AVE + CLIMAX","weekday_trips":27,"routes":["54"]}},{"type":"Feature","geometry":{"type":"Point","coordinates":[-79.984996,40.44453]},"properties":{"stop_id":"20206","name":"ROBERTS ST + WEBSTER","weekday_trips":30,"routes":["81"]}},{"type":"Feature","geometry":{"type":"Point","coordinates":[-79.984376,40.443675]},"properties":{"stop_id":"20207","name":"ROBERTS ST + WYLIE","weekday_trips":30,"routes":["81"]}},{"type":"Feature","geometry":{"type":"Point","coordinates":[-79.961227,40.454443]},"properties":{"stop_id":"20213","name":"MILWAUKEE ST + ORION","weekday_trips":28,"routes":["83"]}},{"type":"Feature","geometry":{"type":"Point","coordinates":[-80.008547,40.411841]},"properties":{"stop_id":"20224","name":"SOUTH BUSWAY + PIONEER AVE RAMP FS","weekday_trips":66,"routes":["Y1","Y45","Y46","Y47","Y49"]}},{"type":"Feature","geometry":{"type":"Point","coordinates":[-80.006911,40.345644]},"properties":{"stop_id":"20226","name":"GARDENVILLE RD + CHARLOTTE","weekday_trips":3,"routes":["Y45"]}},{"type":"Feature","geometry":{"type":"Point","coordinates":[-79.999732,40.364339]},"properties":{"stop_id":"20228","name":"WEYMAN RD + HENNIG DR FS","weekday_trips":3,"routes":["Y45"]}},{"type":"Feature","geometry":{"type":"Point","coordinates":[-79.992313,40.344282]},"properties":{"stop_id":"20231","name":"LAUREL DR + CURRY","weekday_trips":3,"routes":["Y45"]}},{"type":"Feature","geometry":{"type":"Point","coordinates":[-79.963595,40.362776]},"properties":{"stop_id":"20247","name":"HOLLYROOD DR + PROSPECT","weekday_trips":18,"routes":["Y49"]}},{"type":"Feature","geometry":{"type":"Point","coordinates":[-79.959878,40.359673]},"properties":{"stop_id":"20249","name":"PROSPECT RD + CAPREL TOWNHOUSES","weekday_trips":18,"routes":["Y49"]}},{"type":"Feature","geometry":{"type":"Point","coordinates":[-79.973745,40.410562]},"properties":{"stop_id":"20252","name":"KOHNE ST + FISHER ST","weekday_trips":0,"routes":[]}},{"type":"Feature","geometry":{"type":"Point","coordinates":[-79.977393,40.409729]},"properties":{"stop_id":"20258","name":"MOUNTAIN ST + SCHULER ST","weekday_trips":20,"routes":["44"]}},{"type":"Feature","geometry":{"type":"Point","coordinates":[-79.902637,40.39744]},"properties":{"stop_id":"20268","name":"22ND AVE + WEST","weekday_trips":19,"routes":["53L"]}},{"type":"Feature","geometry":{"type":"Point","coordinates":[-80.007001,40.353498]},"properties":{"stop_id":"20269","name":"BAPTIST RD + #5341","weekday_trips":3,"routes":["Y45"]}},{"type":"Feature","geometry":{"type":"Point","coordinates":[-79.919491,40.407047]},"properties":{"stop_id":"20285","name":"WATERFRONT DR + LOEWS THEATRE","weekday_trips":164,"routes":["53L","59","61D","64"]}},{"type":"Feature","geometry":{"type":"Point","coordinates":[-80.00499,40.441341]},"properties":{"stop_id":"20295","name":"LIBERTY AVE + GATEWAY #4","weekday_trips":287,"routes":["28X","29","31","65","67","69","77","G2","G3","G31","P10","P17","P69","P7","P76","P78"]}},{"type":"Feature","geometry":{"type":"Point","coordinates":[-79.994437,40.343614]},"properties":{"stop_id":"20297","name":"BLOSSOM RD + LAUREL DR FS","weekday_trips":3,"routes":["Y45"]}},{"type":"Feature","geometry":{"type":"Point","coordinates":[-79.895009,40.408682]},"properties":{"stop_id":"20299","name":"8TH AVE + RAVINE","weekday_trips":95,"routes":["52L","59","61C"]}},{"type":"Feature","geometry":{"type":"Point","coordinates":[-79.891687,40.461252]},"properties":{"stop_id":"20305","name":"UPLAND ST + #7220","weekday_trips":25,"routes":["74"]}},{"type":"Feature","geometry":{"type":"Point","coordinates":[-79.889998,40.460877]},"properties":{"stop_id":"20306","name":"UPLAND ST + #7500","weekday_trips":25,"routes":["74"]}},{"type":"Feature","geometry":{"type":"Point","coordinates":[-80.017884,40.497341]},"properties":{"stop_id":"20352","name":"RODENBAUGH + IVORY AVE FS","weekday_trips":22,"routes":["4"]}},{"type":"Feature","geometry":{"type":"Point","coordinates":[-79.89325,40.463848]},"properties":{"stop_id":"20359","name":"TILDEN ST + #7171","weekday_trips":25,"routes":["74"]}},{"type":"Feature","geometry":{"type":"Point","coordinates":[-79.89489,40.464824]},"properties":{"stop_id":"20360","name":"TILDEN ST + #7101","weekday_trips":25,"routes":["74"]}},{"type":"Feature","geometry":{"type":"Point","coordinates":[-79.89099,40.46464]},"properties":{"stop_id":"20362","name":"MINGO ST + OAKDENE","weekday_trips":25,"routes":["74"]}},{"type":"Feature","geometry":{"type":"Point","coordinates":[-79.89498,40.464796]},"properties":{"stop_id":"20363","name":"TILDEN ST + #7110","weekday_trips":25,"routes":["74"]}},{"type":"Feature","geometry":{"type":"Point","coordinates":[-79.893667,40.463921]},"properties":{"stop_id":"20364","name":"TILDEN ST + #7182","weekday_trips":25,"routes":["74"]}},{"type":"Feature","geometry":{"type":"Point","coordinates":[-79.889967,40.461656]},"properties":{"stop_id":"20365","name":"STRANAHAN ST + OBERLIN","weekday_trips":25,"routes":["74"]}},{"type":"Feature","geometry":{"type":"Point","coordinates":[-79.892767,40.465075]},"properties":{"stop_id":"20366","name":"MINGO ST + VANN RD","weekday_trips":25,"routes":["74"]}},{"type":"Feature","geometry":{"type":"Point","coordinates":[-79.891796,40.462928]},"properties":{"stop_id":"20368","name":"SILVERTON ST + EVERTON ST","weekday_trips":25,"routes":["74"]}},{"type":"Feature","geometry":{"type":"Point","coordinates":[-79.898625,40.453066]},"properties":{"stop_id":"20372","name":"HOMEWOOD AVE + FINANCE (EAST BUSWAY)","weekday_trips":25,"routes":["74"]}},{"type":"Feature","geometry":{"type":"Point","coordinates":[-80.017839,40.447821]},"properties":{"stop_id":"20381","name":"ALLEGHENY AVE + REEDSDALE FS","weekday_trips":91,"routes":["14","18","54"]}},{"type":"Feature","geometry":{"type":"Point","coordinates":[-80.018561,40.449603]},"properties":{"stop_id":"20390","name":"RIDGE AVE + ALLEGHENY","weekday_trips":35,"routes":["14","18"]}},{"type":"Feature","geometry":{"type":"Point","coordinates":[-80.016261,40.433118]},"properties":{"stop_id":"20395","name":"LABELLE ST + SYCAMORE","weekday_trips":27,"routes":["40"]}},{"type":"Feature","geometry":{"type":"Point","coordinates":[-80.015973,40.43449]},"properties":{"stop_id":"20396","name":"LABELLE ST + PIERMONT","weekday_trips":27,"routes":["40"]}},{"type":"Feature","geometry":{"type":"Point","coordinates":[-80.015608,40.43632]},"properties":{"stop_id":"20397","name":"LABELLE ST+ GRANDVIEW","weekday_trips":27,"routes":["40"]}},{"type":"Feature","geometry":{"type":"Point","coordinates":[-79.913453,40.465682]},"properties":{"stop_id":"20398","name":"LARIMER AVE + WINSLOW","weekday_trips":25,"routes":["74"]}},{"type":"Feature","geometry":{"type":"Point","coordinates":[-79.912315,40.46611]},"properties":{"stop_id":"20399","name":"LARIMER AVE + SHETLAND","weekday_trips":25,"routes":["74"]}},{"type":"Feature","geometry":{"type":"Point","coordinates":[-80.057613,40.464401]},"properties":{"stop_id":"20401","name":"CHARTIERS AVE + MCKEES ROCKS PLAZA NS","weekday_trips":79,"routes":["20","21","24"]}},{"type":"Feature","geometry":{"type":"Point","coordinates":[-79.86288,40.384712]},"properties":{"stop_id":"20406","name":"HOFFMAN BLVD + KENNYWOOD BLVD","weekday_trips":52,"routes":["59"]}},{"type":"Feature","geometry":{"type":"Point","coordinates":[-79.922894,40.459179]},"properties":{"stop_id":"20416","name":"ELLSWORTH AVE + EAST LIBERTY STATION","weekday_trips":46,"routes":["75"]}},{"type":"Feature","geometry":{"type":"Point","coordinates":[-79.87124,40.454998]},"properties":{"stop_id":"20418","name":"EAST HILLS DR + WILNER","weekday_trips":31,"routes":["79","P17"]}},{"type":"Feature","geometry":{"type":"Point","coordinates":[-79.926689,40.425358]},"properties":{"stop_id":"20419","name":"BEECHWOOD BLVD + MONITOR","weekday_trips":27,"routes":["52L","53L"]}},{"type":"Feature","geometry":{"type":"Point","coordinates":[-80.066166,40.39472]},"properties":{"stop_id":"20420","name":"GREENTREE RD + MANORVIEW","weekday_trips":30,"routes":["38"]}},{"type":"Feature","geometry":{"type":"Point","coordinates":[-79.997299,40.41592]},"properties":{"stop_id":"20421","name":"MICHIGAN ST + BELTZHOOVER AVE","weekday_trips":27,"routes":["54"]}},{"type":"Feature","geometry":{"type":"Point","coordinates":[-79.997185,40.416737]},"properties":{"stop_id":"20422","name":"BELTZHOOVER AVE + RENTZ WAY","weekday_trips":27,"routes":["54"]}},{"type":"Feature","geometry":{"type":"Point","coordinates":[-79.978666,40.367548]},"properties":{"stop_id":"20423","name":"BROWNSVILLE RD + BRENTRIDGE AVE","weekday_trips":52,"routes":["51","51L"]}},{"type":"Feature","geometry":{"type":"Point","coordinates":[-79.877228,40.411696]},"properties":{"stop_id":"20427","name":"4TH AVE + DUQUESNE ST","weekday_trips":39,"routes":["59","71","P71"]}},{"type":"Feature","geometry":{"type":"Point","coordinates":[-79.879364,40.412731]},"properties":{"stop_id":"20428","name":"4TH AVE + ANTISBURY ST","weekday_trips":39,"routes":["59","71","P71"]}},{"type":"Feature","geometry":{"type":"Point","coordinates":[-79.880485,40.413128]},"properties":{"stop_id":"20431","name":"4TH AVE + HAWKINS AVE","weekday_trips":39,"routes":["59","71","P71"]}},{"type":"Feature","geometry":{"type":"Point","coordinates":[-80.000389,40.36256]},"properties":{"stop_id":"20442","name":"WEYMAN RD + SOUTH PASSAGE DR","weekday_trips":3,"routes":["Y45"]}},{"type":"Feature","geometry":{"type":"Point","coordinates":[-80.000443,40.362647]},"properties":{"stop_id":"20443","name":"WEYMAN RD + SOUTH PASSAGE DR","weekday_trips":3,"routes":["Y45"]}},{"type":"Feature","geometry":{"type":"Point","coordinates":[-79.965879,40.453012]},"properties":{"stop_id":"20452","name":"BEDFORD AVE + HERRON AVE FS","weekday_trips":28,"routes":["83"]}},{"type":"Feature","geometry":{"type":"Point","coordinates":[-79.967682,40.452798]},"properties":{"stop_id":"20453","name":"BEDFORD AVE + WANDLESS ST","weekday_trips":28,"routes":["83"]}},{"type":"Feature","geometry":{"type":"Point","coordinates":[-79.96943,40.452058]},"properties":{"stop_id":"20454","name":"BEDFORD AVE + MORGAN ST","weekday_trips":28,"routes":["83"]}},{"type":"Feature","geometry":{"type":"Point","coordinates":[-79.973764,40.450214]},"properties":{"stop_id":"20456","name":"BEDFORD AVE + DUFF ST","weekday_trips":28,"routes":["83"]}},{"type":"Feature","geometry":{"type":"Point","coordinates":[-79.980867,40.447197]},"properties":{"stop_id":"20459","name":"BEDFORD AVE + ERIN ST","weekday_trips":28,"routes":["83"]}},{"type":"Feature","geometry":{"type":"Point","coordinates":[-79.963524,40.493971]},"properties":{"stop_id":"2046","name":"SEAVEY RD + PARKER ST","weekday_trips":18,"routes":["2"]}},{"type":"Feature","geometry":{"type":"Point","coordinates":[-79.981951,40.445759]},"properties":{"stop_id":"20461","name":"DEVILLIERS ST + WEBSTER","weekday_trips":28,"routes":["83"]}},{"type":"Feature","geometry":{"type":"Point","coordinates":[-79.981005,40.447053]},"properties":{"stop_id":"20462","name":"BEDFORD AVE + ERIN ST","weekday_trips":28,"routes":["83"]}},{"type":"Feature","geometry":{"type":"Point","coordinates":[-79.975613,40.449343]},"properties":{"stop_id":"20465","name":"BEDFORD AVE + SOMERS DR","weekday_trips":28,"routes":["83"]}},{"type":"Feature","geometry":{"type":"Point","coordinates":[-79.973935,40.450055]},"properties":{"stop_id":"20466","name":"BEDFORD AVE + DUFF ST","weekday_trips":28,"routes":["83"]}},{"type":"Feature","geometry":{"type":"Point","coordinates":[-79.969542,40.451916]},"properties":{"stop_id":"20467","name":"BEDFORD AVE + MORGAN ST","weekday_trips":28,"routes":["83"]}},{"type":"Feature","geometry":{"type":"Point","coordinates":[-79.96782,40.45265]},"properties":{"stop_id":"20468","name":"BEDFORD AVE + WANDLESS ST","weekday_trips":28,"routes":["83"]}},{"type":"Feature","geometry":{"type":"Point","coordinates":[-79.982332,40.446417]},"properties":{"stop_id":"20469","name":"DEVILLIERS ST + BEDFORD AVE","weekday_trips":28,"routes":["83"]}},{"type":"Feature","geometry":{"type":"Point","coordinates":[-80.064506,40.453786]},"properties":{"stop_id":"20476","name":"CHARTIERS AVE + FURMAN WAY FS","weekday_trips":31,"routes":["26"]}},{"type":"Feature","geometry":{"type":"Point","coordinates":[-80.074189,40.50353]},"properties":{"stop_id":"20479","name":"CALIFORNIA AVE + AVALON LOOP","weekday_trips":61,"routes":["16","19L"]}},{"type":"Feature","geometry":{"type":"Point","coordinates":[-79.851082,40.413878]},"properties":{"stop_id":"20484","name":"YOST BLVD + ARDMORE MANOR","weekday_trips":26,"routes":["59"]}},{"type":"Feature","geometry":{"type":"Point","coordinates":[-79.931716,40.419915]},"properties":{"stop_id":"20486","name":"HAZELWOOD AVE + #737","weekday_trips":50,"routes":["58","93"]}},{"type":"Feature","geometry":{"type":"Point","coordinates":[-79.932901,40.419856]},"properties":{"stop_id":"20487","name":"HAZELWOOD AVE + FRANK","weekday_trips":50,"routes":["58","93"]}},{"type":"Feature","geometry":{"type":"Point","coordinates":[-79.873085,40.453878]},"properties":{"stop_id":"20489","name":"EAST HILLS DR + SCHOOL DRIVEWAY","weekday_trips":31,"routes":["79","P17"]}},{"type":"Feature","geometry":{"type":"Point","coordinates":[-80.047667,40.450842]},"properties":{"stop_id":"20497","name":"CHARTIERS AVE + PITTSBURGH CLASSICAL ACADEMY","weekday_trips":31,"routes":["26"]}},{"type":"Feature","geometry":{"type":"Point","coordinates":[-79.93237,40.456722]},"properties":{"stop_id":"20501","name":"EAST BUSWAY + NEGLEY STATION A","weekday_trips":263,"routes":["P1","P10","P12","P16","P17","P3","P67","P68","P69","P7","P71","P76","P78"]}},{"type":"Feature","geometry":{"type":"Point","coordinates":[-79.975709,40.444479]},"properties":{"stop_id":"20504","name":"KIRKPATRICK ST + ROSE ST","weekday_trips":30,"routes":["81"]}},{"type":"Feature","geometry":{"type":"Point","coordinates":[-79.978652,40.444392]},"properties":{"stop_id":"20506","name":"CENTRE AVE + ADDISON ST","weekday_trips":88,"routes":["81","82"]}},{"type":"Feature","geometry":{"type":"Point","coordinates":[-79.977708,40.436293]},"properties":{"stop_id":"20507","name":"BLVD OF ALLIES + JUMONVILLE","weekday_trips":58,"routes":["65","67","69"]}},{"type":"Feature","geometry":{"type":"Point","coordinates":[-79.966971,40.463011]},"properties":{"stop_id":"20516","name":"BUTLER ST + PENN AVE FS","weekday_trips":57,"routes":["91"]}},{"type":"Feature","geometry":{"type":"Point","coordinates":[-79.984108,40.461989]},"properties":{"stop_id":"20517","name":"LOWRIE ST + HOFF ST","weekday_trips":22,"routes":["4"]}},{"type":"Feature","geometry":{"type":"Point","coordinates":[-79.984328,40.46188]},"properties":{"stop_id":"20518","name":"LOWRIE ST + DEHAVEN ST FS","weekday_trips":22,"routes":["4"]}},{"type":"Feature","geometry":{"type":"Point","coordinates":[-79.962905,40.494162]},"properties":{"stop_id":"2064","name":"PARKER ST + SOOSE","weekday_trips":18,"routes":["2"]}},{"type":"Feature","geometry":{"type":"Point","coordinates":[-79.982994,40.364902]},"properties":{"stop_id":"20671","name":"BROWNSVILLE RD + DEWALT AVE FS","weekday_trips":52,"routes":["51","51L"]}},{"type":"Feature","geometry":{"type":"Point","coordinates":[-79.992771,40.455233]},"properties":{"stop_id":"20673","name":"EAST OHIO ST + HEINZ","weekday_trips":49,"routes":["1","2"]}},{"type":"Feature","geometry":{"type":"Point","coordinates":[-79.96892,40.478296]},"properties":{"stop_id":"20674","name":"EAST OHIO ST + GRANT","weekday_trips":81,"routes":["1","2"]}},{"type":"Feature","geometry":{"type":"Point","coordinates":[-79.875471,40.411518]},"properties":{"stop_id":"20694","name":"BRADDOCK AVE + HERITAGE HIGHLANDS NS","weekday_trips":37,"routes":["59","P7"]}},{"type":"Feature","geometry":{"type":"Point","coordinates":[-79.887588,40.394136]},"properties":{"stop_id":"20708","name":"CYPRESS ST + OAK ST","weekday_trips":8,"routes":["52L"]}},{"type":"Feature","geometry":{"type":"Point","coordinates":[-79.891234,40.396266]},"properties":{"stop_id":"20709","name":"CYPRESS ST + MIFFLIN AVE","weekday_trips":8,"routes":["52L"]}},{"type":"Feature","geometry":{"type":"Point","coordinates":[-79.889317,40.397117]},"properties":{"stop_id":"20710","name":"MIFFLIN AVE + CHERRY ST","weekday_trips":8,"routes":["52L"]}},{"type":"Feature","geometry":{"type":"Point","coordinates":[-79.887705,40.397828]},"properties":{"stop_id":"20713","name":"MIFFLIN AVE + GEORGE ST","weekday_trips":7,"routes":["52L"]}},{"type":"Feature","geometry":{"type":"Point","coordinates":[-79.889155,40.397242]},"properties":{"stop_id":"20714","name":"MIFFLIN AVE + CHERRY ST","weekday_trips":7,"routes":["52L"]}},{"type":"Feature","geometry":{"type":"Point","coordinates":[-79.891107,40.396103]},"properties":{"stop_id":"20715","name":"CYPRESS ST + MIFFLIN AVE FS","weekday_trips":7,"routes":["52L"]}},{"type":"Feature","geometry":{"type":"Point","coordinates":[-79.887814,40.394252]},"properties":{"stop_id":"20716","name":"CYPRESS ST + OAK ST","weekday_trips":7,"routes":["52L"]}},{"type":"Feature","geometry":{"type":"Point","coordinates":[-79.923839,40.443606]},"properties":{"stop_id":"20717","name":"MURRAY AVE + WILKINS AVE FS","weekday_trips":25,"routes":["74"]}},{"type":"Feature","geometry":{"type":"Point","coordinates":[-79.989713,40.428719]},"properties":{"stop_id":"20719","name":"E CARSON ST + 9TH ST","weekday_trips":143,"routes":["48","51"]}},{"type":"Feature","geometry":{"type":"Point","coordinates":[-79.865843,40.401233]},"properties":{"stop_id":"20721","name":"BRADDOCK AVE + LIBRARY","weekday_trips":86,"routes":["59","61A"]}},{"type":"Feature","geometry":{"type":"Point","coordinates":[-79.866695,40.422986]},"properties":{"stop_id":"20723","name":"BRINTON RD + #1245","weekday_trips":21,"routes":["P68"]}},{"type":"Feature","geometry":{"type":"Point","coordinates":[-80.089826,40.406141]},"properties":{"stop_id":"20735","name":"MANSFIELD BLVD + JEFFERSON ST (CARNEGIE STATION)","weekday_trips":5,"routes":["G31"]}},{"type":"Feature","geometry":{"type":"Point","coordinates":[-79.951881,40.451553]},"properties":{"stop_id":"20761","name":"CRAIG ST + CENTRE AVE FS","weekday_trips":209,"routes":["54","71A","71C","93"]}},{"type":"Feature","geometry":{"type":"Point","coordinates":[-79.908039,40.451482]},"properties":{"stop_id":"20762","name":"PENN AVE + DALLAS AVE","weekday_trips":62,"routes":["71C"]}},{"type":"Feature","geometry":{"type":"Point","coordinates":[-79.908345,40.451492]},"properties":{"stop_id":"20763","name":"PENN AVE + DALLAS AVE","weekday_trips":62,"routes":["71C"]}},{"type":"Feature","geometry":{"type":"Point","coordinates":[-79.925153,40.458806]},"properties":{"stop_id":"20765","name":"HIGHLAND AVE + ELLSWORTH AVE STEPS","weekday_trips":61,"routes":["71B"]}},{"type":"Feature","geometry":{"type":"Point","coordinates":[-79.925049,40.45897]},"properties":{"stop_id":"20766","name":"HIGHLAND AVE + ELLSWORTH AVE STEPS","weekday_trips":63,"routes":["71B"]}},{"type":"Feature","geometry":{"type":"Point","coordinates":[-79.889135,40.494557]},"properties":{"stop_id":"20767","name":"AMBULATORY CARE CENTER DR + BLDG #71","weekday_trips":66,"routes":["75"]}},{"type":"Feature","geometry":{"type":"Point","coordinates":[-79.948263,40.344604]},"properties":{"stop_id":"20775","name":"CENTURY DR + SAMS CLUB DRVWY","weekday_trips":119,"routes":["51","55","59","Y47","Y49"]}},{"type":"Feature","geometry":{"type":"Point","coordinates":[-79.934963,40.457961]},"properties":{"stop_id":"20779","name":"BAUM BLVD + FAIRMOUNT ST FS","weekday_trips":23,"routes":["77"]}},{"type":"Feature","geometry":{"type":"Point","coordinates":[-79.979896,40.46491]},"properties":{"stop_id":"20781","name":"31ST ST BRIDGE RAMP + RIALTO ST","weekday_trips":50,"routes":["1","2"]}},{"type":"Feature","geometry":{"type":"Point","coordinates":[-79.965511,40.417514]},"properties":{"stop_id":"20785","name":"JOSEPHINE ST + ARLINGTON AVE","weekday_trips":38,"routes":["48"]}},{"type":"Feature","geometry":{"type":"Point","coordinates":[-79.990614,40.358464]},"properties":{"stop_id":"20806","name":"BROWNSVILLE RD + CURRY RD FS","weekday_trips":17,"routes":["Y47"]}},{"type":"Feature","geometry":{"type":"Point","coordinates":[-80.043867,40.3866]},"properties":{"stop_id":"20807","name":"WASHINGTON RD + BOWER HILL RD FS","weekday_trips":15,"routes":["38"]}},{"type":"Feature","geometry":{"type":"Point","coordinates":[-80.065896,40.396871]},"properties":{"stop_id":"20812","name":"GREENTREE RD + GREENBRIAR DR","weekday_trips":30,"routes":["38"]}},{"type":"Feature","geometry":{"type":"Point","coordinates":[-80.071087,40.391559]},"properties":{"stop_id":"20813","name":"GREENTREE RD + VIRGINIA MANSIONS FS","weekday_trips":15,"routes":["38"]}},{"type":"Feature","geometry":{"type":"Point","coordinates":[-80.067613,40.392205]},"properties":{"stop_id":"20814","name":"GREENTREE RD + VIRGINIA MANOR SC DRIVEWAY","weekday_trips":15,"routes":["38"]}},{"type":"Feature","geometry":{"type":"Point","coordinates":[-79.967514,40.440064]},"properties":{"stop_id":"20818","name":"TERRACE ST + WHITRIDGE","weekday_trips":28,"routes":["83"]}},{"type":"Feature","geometry":{"type":"Point","coordinates":[-79.965614,40.441617]},"properties":{"stop_id":"20819","name":"ROBINSON ST + ELLERS","weekday_trips":30,"routes":["81"]}},{"type":"Feature","geometry":{"type":"Point","coordinates":[-79.992179,40.461846]},"properties":{"stop_id":"20824","name":"ITIN ST + DIANA","weekday_trips":32,"routes":["6"]}},{"type":"Feature","geometry":{"type":"Point","coordinates":[-80.000504,40.472945]},"properties":{"stop_id":"20825","name":"SUNSET AVE + ESSEN ST","weekday_trips":31,"routes":["6"]}},{"type":"Feature","geometry":{"type":"Point","coordinates":[-80.004358,40.484706]},"properties":{"stop_id":"20826","name":"COLBY ST + REGULUS ST","weekday_trips":61,"routes":["15","6"]}},{"type":"Feature","geometry":{"type":"Point","coordinates":[-80.066158,40.4352]},"properties":{"stop_id":"20827","name":"WHITE AVE + STOTZ AVE FS","weekday_trips":21,"routes":["29"]}},{"type":"Feature","geometry":{"type":"Point","coordinates":[-80.068362,40.435723]},"properties":{"stop_id":"20828","name":"CRENNEL AVE + LINWOOD","weekday_trips":21,"routes":["29"]}},{"type":"Feature","geometry":{"type":"Point","coordinates":[-80.062292,40.465662]},"properties":{"stop_id":"20831","name":"CHARTIERS AVE + ISLAND AVE NS","weekday_trips":49,"routes":["20","24"]}},{"type":"Feature","geometry":{"type":"Point","coordinates":[-80.069861,40.497772]},"properties":{"stop_id":"20832","name":"OHIO RIVER BLVD + LOCUST","weekday_trips":24,"routes":["14"]}},{"type":"Feature","geometry":{"type":"Point","coordinates":[-80.017618,40.392158]},"properties":{"stop_id":"20833","name":"BROOKLINE BLVD + GLENARM","weekday_trips":38,"routes":["39"]}},{"type":"Feature","geometry":{"type":"Point","coordinates":[-79.886232,40.405892]},"properties":{"stop_id":"20849","name":"MONONGAHELA BLVD + #1224","weekday_trips":87,"routes":["59","61C"]}},{"type":"Feature","geometry":{"type":"Point","coordinates":[-79.886326,40.405815]},"properties":{"stop_id":"20850","name":"MONONGAHELA BLVD + #1224","weekday_trips":87,"routes":["59","61C"]}},{"type":"Feature","geometry":{"type":"Point","coordinates":[-79.936668,40.418148]},"properties":{"stop_id":"20866","name":"HAZELWOOD AVE + EMAHLEA ST","weekday_trips":30,"routes":["93"]}},{"type":"Feature","geometry":{"type":"Point","coordinates":[-79.939018,40.415669]},"properties":{"stop_id":"20867","name":"HAZELWOOD AVE + WINTERBURN AVE","weekday_trips":30,"routes":["93"]}},{"type":"Feature","geometry":{"type":"Point","coordinates":[-79.939415,40.413525]},"properties":{"stop_id":"20868","name":"HAZELWOOD AVE + NANSEN ST","weekday_trips":30,"routes":["93"]}},{"type":"Feature","geometry":{"type":"Point","coordinates":[-79.940283,40.412454]},"properties":{"stop_id":"20877","name":"HAZELWOOD AVE + GLADSTONE ST","weekday_trips":30,"routes":["93"]}},{"type":"Feature","geometry":{"type":"Point","coordinates":[-79.939459,40.413447]},"properties":{"stop_id":"20878","name":"HAZELWOOD AVE + NANSEN ST","weekday_trips":30,"routes":["93"]}},{"type":"Feature","geometry":{"type":"Point","coordinates":[-79.936661,40.417938]},"properties":{"stop_id":"20879","name":"HAZELWOOD AVE + EMAHLEA ST","weekday_trips":30,"routes":["93"]}},{"type":"Feature","geometry":{"type":"Point","coordinates":[-80.000643,40.453453]},"properties":{"stop_id":"2088","name":"EAST OHIO ST + JAMES","weekday_trips":162,"routes":["1","2","4","54","6","7"]}},{"type":"Feature","geometry":{"type":"Point","coordinates":[-79.9393,40.414554]},"properties":{"stop_id":"20880","name":"HAZELWOOD AVE + GIDDINGS ST","weekday_trips":30,"routes":["93"]}},{"type":"Feature","geometry":{"type":"Point","coordinates":[-79.938613,40.415918]},"properties":{"stop_id":"20881","name":"HAZELWOOD AVE + SABINA ST","weekday_trips":30,"routes":["93"]}},{"type":"Feature","geometry":{"type":"Point","coordinates":[-79.934099,40.419456]},"properties":{"stop_id":"20882","name":"HAZELWOOD AVE + CALVARY ST","weekday_trips":30,"routes":["93"]}},{"type":"Feature","geometry":{"type":"Point","coordinates":[-79.926827,40.407196]},"properties":{"stop_id":"20885","name":"JOHNSTON AVE + BROADVIEW FS","weekday_trips":23,"routes":["57"]}},{"type":"Feature","geometry":{"type":"Point","coordinates":[-79.925845,40.408299]},"properties":{"stop_id":"20886","name":"JOHNSON AVE + NAOMI","weekday_trips":23,"routes":["57"]}},{"type":"Feature","geometry":{"type":"Point","coordinates":[-79.926433,40.407416]},"properties":{"stop_id":"20887","name":"JOHNSTON AVE + BROADVIEW","weekday_trips":23,"routes":["57"]}},{"type":"Feature","geometry":{"type":"Point","coordinates":[-79.999291,40.453704]},"properties":{"stop_id":"2089","name":"EAST OHIO ST + MIDDLE","weekday_trips":162,"routes":["1","2","4","54","6","7"]}},{"type":"Feature","geometry":{"type":"Point","coordinates":[-79.921212,40.469698]},"properties":{"stop_id":"20891","name":"STANTON AVE + HIGHLAND AVE","weekday_trips":33,"routes":["75"]}},{"type":"Feature","geometry":{"type":"Point","coordinates":[-79.998096,40.453886]},"properties":{"stop_id":"2090","name":"EAST OHIO ST + NASH ST FS","weekday_trips":162,"routes":["1","2","4","54","6","7"]}},{"type":"Feature","geometry":{"type":"Point","coordinates":[-80.003792,40.500992]},"properties":{"stop_id":"20901","name":"EVERGREEN RD + #4535","weekday_trips":3,"routes":["O5"]}},{"type":"Feature","geometry":{"type":"Point","coordinates":[-80.003708,40.500885]},"properties":{"stop_id":"20902","name":"EVERGREEN RD + #4534","weekday_trips":3,"routes":["O5"]}},{"type":"Feature","geometry":{"type":"Point","coordinates":[-79.846267,40.353119]},"properties":{"stop_id":"20904","name":"FIFTH AVE + # 1681","weekday_trips":156,"routes":["55","56","59","60","61C","P7"]}},{"type":"Feature","geometry":{"type":"Point","coordinates":[-79.934128,40.359182]},"properties":{"stop_id":"20906","name":"LEBANON RD + SOUTH HILLS INDUSTRIAL PARK","weekday_trips":81,"routes":["51","53L","55"]}},{"type":"Feature","geometry":{"type":"Point","coordinates":[-79.933663,40.359614]},"properties":{"stop_id":"20909","name":"LEBANON RD + SOUTH HILLS INDUSTRIAL PARK","weekday_trips":82,"routes":["51","53L","55"]}},{"type":"Feature","geometry":{"type":"Point","coordinates":[-79.996639,40.382754]},"properties":{"stop_id":"20912","name":"GLENBURY ST RAMP + SOUTH BUSWAY","weekday_trips":66,"routes":["Y1","Y45","Y46","Y47","Y49"]}},{"type":"Feature","geometry":{"type":"Point","coordinates":[-79.953125,40.453773]},"properties":{"stop_id":"20914","name":"CRAIG ST + BAUM (MOOREHEAD TOWERS)","weekday_trips":30,"routes":["93"]}},{"type":"Feature","geometry":{"type":"Point","coordinates":[-80.091388,40.47065]},"properties":{"stop_id":"20917","name":"MCKEES ROCKS RD + HECKEL","weekday_trips":31,"routes":["24"]}},{"type":"Feature","geometry":{"type":"Point","coordinates":[-79.860972,40.352054]},"properties":{"stop_id":"20933","name":"LYSLE BLVD + MCKEESPORT TRANSPORTATION CENTER","weekday_trips":71,"routes":["55","56","59"]}},{"type":"Feature","geometry":{"type":"Point","coordinates":[-80.053093,40.4884]},"properties":{"stop_id":"20934","name":"GRANT ST + LAUREL","weekday_trips":6,"routes":["19L"]}},{"type":"Feature","geometry":{"type":"Point","coordinates":[-79.868412,40.40322]},"properties":{"stop_id":"20938","name":"BRADDOCK AVE + 6TH ST","weekday_trips":99,"routes":["59","61A","61B"]}},{"type":"Feature","geometry":{"type":"Point","coordinates":[-79.868719,40.403333]},"properties":{"stop_id":"20939","name":"BRADDOCK AVE + 6TH ST","weekday_trips":99,"routes":["59","61A","61B"]}},{"type":"Feature","geometry":{"type":"Point","coordinates":[-80.060861,40.465943]},"properties":{"stop_id":"20940","name":"ISLAND AVE + CHARTIERS NS (MARY)","weekday_trips":29,"routes":["21"]}},{"type":"Feature","geometry":{"type":"Point","coordinates":[-79.958847,40.494289]},"properties":{"stop_id":"20941","name":"PARKER ST + KLOEHLER FS","weekday_trips":18,"routes":["2"]}},{"type":"Feature","geometry":{"type":"Point","coordinates":[-80.066031,40.452097]},"properties":{"stop_id":"20943","name":"JEFFERS ST + FADETTE ST","weekday_trips":61,"routes":["26","27"]}},{"type":"Feature","geometry":{"type":"Point","coordinates":[-80.008278,40.388376]},"properties":{"stop_id":"20946","name":"EBEN ST + SHIRE PL","weekday_trips":38,"routes":["39"]}},{"type":"Feature","geometry":{"type":"Point","coordinates":[-80.000276,40.34439]},"properties":{"stop_id":"20947","name":"BLOSSOM DR + CLELIA DR","weekday_trips":3,"routes":["Y45"]}},{"type":"Feature","geometry":{"type":"Point","coordinates":[-80.000477,40.344332]},"properties":{"stop_id":"20948","name":"BLOSSOM DR + CLELIA DR","weekday_trips":3,"routes":["Y45"]}},{"type":"Feature","geometry":{"type":"Point","coordinates":[-80.04637,40.386607]},"properties":{"stop_id":"20950","name":"BOWER HILL RD + S MEADOWCROFT AVE","weekday_trips":37,"routes":["38","41"]}},{"type":"Feature","geometry":{"type":"Point","coordinates":[-79.988046,40.415574]},"properties":{"stop_id":"20953","name":"AMANDA ST + GOLDBACH WAY","weekday_trips":77,"routes":["44","54"]}},{"type":"Feature","geometry":{"type":"Point","coordinates":[-79.884845,40.427825]},"properties":{"stop_id":"20955","name":"EDGEWOOD AVE + LLOYD","weekday_trips":71,"routes":["61A","P7"]}},{"type":"Feature","geometry":{"type":"Point","coordinates":[-79.881526,40.44076]},"properties":{"stop_id":"20956","name":"SOUTH AVE + MILL","weekday_trips":85,"routes":["61A","P68","P69"]}},{"type":"Feature","geometry":{"type":"Point","coordinates":[-79.882656,40.441135]},"properties":{"stop_id":"20957","name":"SOUTH AVE + CENTER","weekday_trips":85,"routes":["61A","P68","P69"]}},{"type":"Feature","geometry":{"type":"Point","coordinates":[-79.956062,40.442173]},"properties":{"stop_id":"20959","name":"FORBES AVE + BOUQUET ST FS","weekday_trips":774,"routes":["28X","54","58","61A","61B","61C","61D","67","69","71A","71B","71C","71D","75","93","P3"]}},{"type":"Feature","geometry":{"type":"Point","coordinates":[-79.884816,40.433212]},"properties":{"stop_id":"20962","name":"SWISSVALE AVE + MAPLE","weekday_trips":72,"routes":["61A","P7"]}},{"type":"Feature","geometry":{"type":"Point","coordinates":[-79.880966,40.411973]},"properties":{"stop_id":"20965","name":"RANKIN BLVD + HAWKINS","weekday_trips":61,"routes":["61B"]}},{"type":"Feature","geometry":{"type":"Point","coordinates":[-79.880477,40.401288]},"properties":{"stop_id":"20967","name":"KENNYWOOD BLVD + MIFFLIN","weekday_trips":72,"routes":["61C","P7"]}},{"type":"Feature","geometry":{"type":"Point","coordinates":[-79.928399,40.420304]},"properties":{"stop_id":"20969","name":"MURRAY AVE+ HAZELWOOD AVE FS","weekday_trips":187,"routes":["61C","61D","64","93"]}},{"type":"Feature","geometry":{"type":"Point","coordinates":[-79.988495,40.43779]},"properties":{"stop_id":"20976","name":"FORBES AVE + MAGEE ST","weekday_trips":245,"routes":["61A","61B","61C","71B"]}},{"type":"Feature","geometry":{"type":"Point","coordinates":[-79.986693,40.437715]},"properties":{"stop_id":"20977","name":"FORBES AVE + STEVENSON ST","weekday_trips":245,"routes":["61A","61B","61C","71B"]}},{"type":"Feature","geometry":{"type":"Point","coordinates":[-79.925244,40.457415]},"properties":{"stop_id":"20979","name":"HIGHLAND AVE + ALDER ST","weekday_trips":61,"routes":["71B"]}},{"type":"Feature","geometry":{"type":"Point","coordinates":[-79.952568,40.424988]},"properties":{"stop_id":"20989","name":"GREENFIELD AVE + SECOND AVE","weekday_trips":85,"routes":["56","58","65","93"]}},{"type":"Feature","geometry":{"type":"Point","coordinates":[-79.959459,40.431413]},"properties":{"stop_id":"20990","name":"SECOND AVE + BATES FS","weekday_trips":70,"routes":["56","57","58"]}},{"type":"Feature","geometry":{"type":"Point","coordinates":[-79.889355,40.402562]},"properties":{"stop_id":"21004","name":"WHITAKER WAY + MARIGOLD ST","weekday_trips":33,"routes":["52L","59"]}},{"type":"Feature","geometry":{"type":"Point","coordinates":[-79.877057,40.382927]},"properties":{"stop_id":"21008","name":"COMMONWEALTH + SHADY LN","weekday_trips":26,"routes":["59"]}},{"type":"Feature","geometry":{"type":"Point","coordinates":[-79.868381,40.383913]},"properties":{"stop_id":"21012","name":"KENNYWOOD MALL FIRE LANE + GIANT EAGLE","weekday_trips":52,"routes":["59"]}},{"type":"Feature","geometry":{"type":"Point","coordinates":[-79.89945,40.355968]},"properties":{"stop_id":"21025","name":"LEBANON CHURCH RD + PGH-MCKSPT BLVD","weekday_trips":53,"routes":["56","59"]}},{"type":"Feature","geometry":{"type":"Point","coordinates":[-79.877612,40.348584]},"properties":{"stop_id":"21026","name":"W 5TH AVE + WINDSOR","weekday_trips":70,"routes":["55","56","59"]}},{"type":"Feature","geometry":{"type":"Point","coordinates":[-79.856915,40.407498]},"properties":{"stop_id":"21029","name":"JONES AVE + MAIN","weekday_trips":26,"routes":["59"]}},{"type":"Feature","geometry":{"type":"Point","coordinates":[-79.879977,40.44111]},"properties":{"stop_id":"21042","name":"ROSS AVE + COAL","weekday_trips":172,"routes":["61A","67","69","79","P17","P67","P69","P78"]}},{"type":"Feature","geometry":{"type":"Point","coordinates":[-79.934724,40.453746]},"properties":{"stop_id":"21060","name":"ELLSWORTH AVE + GRAHAM ST","weekday_trips":46,"routes":["75"]}},{"type":"Feature","geometry":{"type":"Point","coordinates":[-79.927539,40.458228]},"properties":{"stop_id":"21063","name":"ELLSWORTH AVE + SPAHR ST","weekday_trips":46,"routes":["75"]}},{"type":"Feature","geometry":{"type":"Point","coordinates":[-79.901138,40.464076]},"properties":{"stop_id":"21066","name":"LINCOLN AVE + DEARY ST","weekday_trips":72,"routes":["82","P17"]}},{"type":"Feature","geometry":{"type":"Point","coordinates":[-80.078014,40.439845]},"properties":{"stop_id":"21071","name":"STEUBEN ST + MCCORMICK AVE","weekday_trips":22,"routes":["29"]}},{"type":"Feature","geometry":{"type":"Point","coordinates":[-80.069694,40.438354]},"properties":{"stop_id":"21073","name":"STEUBEN ST + FOSTER AVE","weekday_trips":22,"routes":["29"]}},{"type":"Feature","geometry":{"type":"Point","coordinates":[-80.060626,40.44209]},"properties":{"stop_id":"21074","name":"STEUBEN ST + CUMBERLAND FS","weekday_trips":22,"routes":["29"]}},{"type":"Feature","geometry":{"type":"Point","coordinates":[-80.099004,40.444352]},"properties":{"stop_id":"21078","name":"STEUBENVILLE PIKE + E WINDHAVEN RD FS","weekday_trips":22,"routes":["29"]}},{"type":"Feature","geometry":{"type":"Point","coordinates":[-80.061234,40.440778]},"properties":{"stop_id":"21081","name":"STEUBEN ST + WINLOCK AVE","weekday_trips":21,"routes":["29"]}},{"type":"Feature","geometry":{"type":"Point","coordinates":[-80.077676,40.439843]},"properties":{"stop_id":"21083","name":"STEUBEN ST + MCCORMICK AVE","weekday_trips":21,"routes":["29"]}},{"type":"Feature","geometry":{"type":"Point","coordinates":[-79.917739,40.430276]},"properties":{"stop_id":"21095","name":"TILBURY AVE + NICHOLSON ST","weekday_trips":25,"routes":["74"]}},{"type":"Feature","geometry":{"type":"Point","coordinates":[-79.91802,40.431604]},"properties":{"stop_id":"21096","name":"TILBURY AVE + WALDRON ST","weekday_trips":25,"routes":["74"]}},{"type":"Feature","geometry":{"type":"Point","coordinates":[-79.916292,40.427926]},"properties":{"stop_id":"21097","name":"FORWARD AVE + BEECHWOOD","weekday_trips":25,"routes":["74"]}},{"type":"Feature","geometry":{"type":"Point","coordinates":[-79.918057,40.431418]},"properties":{"stop_id":"21098","name":"TILBURY AVE + WALDRON ST FS","weekday_trips":25,"routes":["74"]}},{"type":"Feature","geometry":{"type":"Point","coordinates":[-79.864156,40.449123]},"properties":{"stop_id":"21101","name":"LAKETON RD + PADEN ST","weekday_trips":22,"routes":["P78"]}},{"type":"Feature","geometry":{"type":"Point","coordinates":[-79.862051,40.450905]},"properties":{"stop_id":"21103","name":"LAKETON RD + WINTON","weekday_trips":22,"routes":["P78"]}},{"type":"Feature","geometry":{"type":"Point","coordinates":[-79.934945,40.44531]},"properties":{"stop_id":"21109","name":"BEELER ST + OLYMPIA PL","weekday_trips":47,"routes":["67","69"]}},{"type":"Feature","geometry":{"type":"Point","coordinates":[-79.934944,40.445362]},"properties":{"stop_id":"21111","name":"BEELER ST + OLYMPIA PL","weekday_trips":50,"routes":["67","69"]}},{"type":"Feature","geometry":{"type":"Point","coordinates":[-80.035899,40.393828]},"properties":{"stop_id":"21117","name":"WEST LIBERTY AVE + WISCONSIN FS","weekday_trips":22,"routes":["41"]}},{"type":"Feature","geometry":{"type":"Point","coordinates":[-79.969999,40.456575]},"properties":{"stop_id":"21120","name":"BRERETON ST + 30TH ST","weekday_trips":28,"routes":["54"]}},{"type":"Feature","geometry":{"type":"Point","coordinates":[-80.011171,40.496766]},"properties":{"stop_id":"21139","name":"IVORY AVE + VALLEYVIEW ST","weekday_trips":25,"routes":["4","O5"]}},{"type":"Feature","geometry":{"type":"Point","coordinates":[-80.011318,40.496738]},"properties":{"stop_id":"21140","name":"IVORY AVE + VALLEYVIEW ST","weekday_trips":25,"routes":["4","O5"]}},{"type":"Feature","geometry":{"type":"Point","coordinates":[-79.990961,40.506035]},"properties":{"stop_id":"21142","name":"EVERGREEN & PEOPLES PLANK RD + BABCOCK","weekday_trips":3,"routes":["O5"]}},{"type":"Feature","geometry":{"type":"Point","coordinates":[-79.884382,40.431378]},"properties":{"stop_id":"21154","name":"EDGEWOOD AVE + ELM ST","weekday_trips":71,"routes":["61A","P7"]}},{"type":"Feature","geometry":{"type":"Point","coordinates":[-79.884637,40.428851]},"properties":{"stop_id":"21158","name":"EDGEWOOD AVE + GORDON ST","weekday_trips":72,"routes":["61A","P7"]}},{"type":"Feature","geometry":{"type":"Point","coordinates":[-79.980212,40.356579]},"properties":{"stop_id":"21164","name":"HWY RT 51 + GLEN ELM DR","weekday_trips":73,"routes":["51","Y1","Y46"]}},{"type":"Feature","geometry":{"type":"Point","coordinates":[-79.983688,40.375664]},"properties":{"stop_id":"21165","name":"HWY RT 51 + GREENLEE RD","weekday_trips":46,"routes":["Y1","Y46","Y49"]}},{"type":"Feature","geometry":{"type":"Point","coordinates":[-80.062187,40.453412]},"properties":{"stop_id":"21169","name":"CHARTIERS AVE + HOOVER ST","weekday_trips":31,"routes":["26"]}},{"type":"Feature","geometry":{"type":"Point","coordinates":[-80.076903,40.458813]},"properties":{"stop_id":"21170","name":"CHARTIERS AVE + WARFLE ST","weekday_trips":30,"routes":["27"]}},{"type":"Feature","geometry":{"type":"Point","coordinates":[-79.985359,40.38931]},"properties":{"stop_id":"21172","name":"BROWNSVILLE RD + OVERBROOK BLVD","weekday_trips":112,"routes":["51","51L"]}},{"type":"Feature","geometry":{"type":"Point","coordinates":[-79.990193,40.41061]},"properties":{"stop_id":"21173","name":"BROWNSVILLE RD + KNOX AVE","weekday_trips":140,"routes":["51","51L","54"]}},{"type":"Feature","geometry":{"type":"Point","coordinates":[-79.988181,40.418347]},"properties":{"stop_id":"21174","name":"AMANDA ST + ARLINGTON AVE","weekday_trips":62,"routes":["51L","54"]}},{"type":"Feature","geometry":{"type":"Point","coordinates":[-79.853243,40.37172]},"properties":{"stop_id":"21175","name":"GRANT AVE + ERWIN ST","weekday_trips":8,"routes":["52L"]}},{"type":"Feature","geometry":{"type":"Point","coordinates":[-79.927575,40.420957]},"properties":{"stop_id":"21178","name":"BEECHWOOD BLVD + FEDERAL HILL ST","weekday_trips":26,"routes":["52L","53L"]}},{"type":"Feature","geometry":{"type":"Point","coordinates":[-79.905587,40.408819]},"properties":{"stop_id":"21180","name":"8TH AVE + DICKSON","weekday_trips":94,"routes":["52L","59","61C"]}},{"type":"Feature","geometry":{"type":"Point","coordinates":[-79.903374,40.408978]},"properties":{"stop_id":"21181","name":"8TH AVE + LIBRARY","weekday_trips":94,"routes":["52L","59","61C"]}},{"type":"Feature","geometry":{"type":"Point","coordinates":[-79.910308,40.369216]},"properties":{"stop_id":"21182","name":"MIFFLIN RD + MCBRIDE AVE NS","weekday_trips":46,"routes":["53L","56"]}},{"type":"Feature","geometry":{"type":"Point","coordinates":[-79.908146,40.404401]},"properties":{"stop_id":"21186","name":"12TH AVE + AMITY ST","weekday_trips":19,"routes":["53L"]}},{"type":"Feature","geometry":{"type":"Point","coordinates":[-79.93118,40.361778]},"properties":{"stop_id":"21187","name":"NOBLE DR + LEBANON RD","weekday_trips":81,"routes":["51","53L","55"]}},{"type":"Feature","geometry":{"type":"Point","coordinates":[-79.914262,40.35427]},"properties":{"stop_id":"21190","name":"BUTTERMILK HOLLOW RD + LEBANON CHURCH RD","weekday_trips":19,"routes":["53L"]}},{"type":"Feature","geometry":{"type":"Point","coordinates":[-80.112371,40.358059]},"properties":{"stop_id":"21198","name":"WASHINGTON AVE + STATION ST NS","weekday_trips":33,"routes":["31","G31"]}},{"type":"Feature","geometry":{"type":"Point","coordinates":[-80.087732,40.391832]},"properties":{"stop_id":"21201","name":"E RAILROAD ST + 2ND ST","weekday_trips":33,"routes":["31","G31"]}},{"type":"Feature","geometry":{"type":"Point","coordinates":[-80.087496,40.393424]},"properties":{"stop_id":"21202","name":"E RAILROAD ST + 1ST ST","weekday_trips":33,"routes":["31","G31"]}},{"type":"Feature","geometry":{"type":"Point","coordinates":[-80.112235,40.358593]},"properties":{"stop_id":"21205","name":"WASHINGTON AVE + STATION ST","weekday_trips":33,"routes":["31","G31"]}},{"type":"Feature","geometry":{"type":"Point","coordinates":[-80.113406,40.356579]},"properties":{"stop_id":"21206","name":"WASHINGTON AVE + JAMES ST FS (POST OFFICE)","weekday_trips":33,"routes":["31","G31"]}},{"type":"Feature","geometry":{"type":"Point","coordinates":[-80.009044,40.505076]},"properties":{"stop_id":"21213","name":"MCKNIGHT RD + INTOWN SUITES DRVWY FS","weekday_trips":33,"routes":["12","O12"]}},{"type":"Feature","geometry":{"type":"Point","coordinates":[-80.010794,40.502923]},"properties":{"stop_id":"21214","name":"MCKNIGHT RD + PITTSBURGH REVIVAL CENTER","weekday_trips":33,"routes":["12","O12"]}},{"type":"Feature","geometry":{"type":"Point","coordinates":[-79.937065,40.347339]},"properties":{"stop_id":"21224","name":"OLD ELIZABETH RD + BLUEMONT DR","weekday_trips":37,"routes":["53L","55"]}},{"type":"Feature","geometry":{"type":"Point","coordinates":[-79.933602,40.347675]},"properties":{"stop_id":"21225","name":"OLD ELIZABETH RD + WOODHILL RD","weekday_trips":37,"routes":["53L","55"]}},{"type":"Feature","geometry":{"type":"Point","coordinates":[-79.92931,40.348079]},"properties":{"stop_id":"21226","name":"OLD ELIZABETH RD + LEBANON SCHOOL RD","weekday_trips":37,"routes":["53L","55"]}},{"type":"Feature","geometry":{"type":"Point","coordinates":[-79.926214,40.346574]},"properties":{"stop_id":"21227","name":"CAMP HOLLOW RD + LIVINGSTON RD FS","weekday_trips":37,"routes":["53L","55"]}},{"type":"Feature","geometry":{"type":"Point","coordinates":[-79.927005,40.349689]},"properties":{"stop_id":"21228","name":"CAMP HOLLOW RD + LEBANON CHURCH RD","weekday_trips":37,"routes":["53L","55"]}},{"type":"Feature","geometry":{"type":"Point","coordinates":[-79.927164,40.349578]},"properties":{"stop_id":"21229","name":"CAMP HOLLOW RD + LEBANON CHURCH RD FS","weekday_trips":36,"routes":["53L","55"]}},{"type":"Feature","geometry":{"type":"Point","coordinates":[-79.926305,40.346299]},"properties":{"stop_id":"21230","name":"LEBANON SCHOOL RD + LIVINGSTON RD FS","weekday_trips":36,"routes":["53L","55"]}},{"type":"Feature","geometry":{"type":"Point","coordinates":[-79.929074,40.348168]},"properties":{"stop_id":"21231","name":"LEBANON SCHOOL RD + OLD ELIZABETH RD","weekday_trips":36,"routes":["53L","55"]}},{"type":"Feature","geometry":{"type":"Point","coordinates":[-79.933469,40.347741]},"properties":{"stop_id":"21232","name":"OLD ELIZABETH RD + WOODHILL RD","weekday_trips":36,"routes":["53L","55"]}},{"type":"Feature","geometry":{"type":"Point","coordinates":[-79.978467,40.442177]},"properties":{"stop_id":"21244","name":"REED ST + ELMORE ST","weekday_trips":30,"routes":["81"]}},{"type":"Feature","geometry":{"type":"Point","coordinates":[-79.977384,40.442657]},"properties":{"stop_id":"21245","name":"REED ST + ADDISON ST","weekday_trips":30,"routes":["81"]}},{"type":"Feature","geometry":{"type":"Point","coordinates":[-79.976291,40.443113]},"properties":{"stop_id":"21246","name":"REED ST + ELMORE ST","weekday_trips":30,"routes":["81"]}},{"type":"Feature","geometry":{"type":"Point","coordinates":[-79.977147,40.442821]},"properties":{"stop_id":"21248","name":"REED ST + ADDISON ST","weekday_trips":30,"routes":["81"]}},{"type":"Feature","geometry":{"type":"Point","coordinates":[-79.978214,40.442366]},"properties":{"stop_id":"21249","name":"REED ST + ELMORE ST","weekday_trips":30,"routes":["81"]}},{"type":"Feature","geometry":{"type":"Point","coordinates":[-79.976586,40.443656]},"properties":{"stop_id":"21250","name":"ELMORE ST + ROSE ST FS","weekday_trips":30,"routes":["81"]}},{"type":"Feature","geometry":{"type":"Point","coordinates":[-79.926852,40.42551]},"properties":{"stop_id":"21264","name":"BEECHWOOD BLVD + MONITOR ST FS","weekday_trips":26,"routes":["52L","53L"]}},{"type":"Feature","geometry":{"type":"Point","coordinates":[-79.956405,40.463033]},"properties":{"stop_id":"21269","name":"LIBERTY AVE + 40TH ST NS","weekday_trips":102,"routes":["54","86","87"]}},{"type":"Feature","geometry":{"type":"Point","coordinates":[-79.961863,40.462126]},"properties":{"stop_id":"21271","name":"LIBERTY AVE + 37TH ST","weekday_trips":102,"routes":["54","86","87"]}},{"type":"Feature","geometry":{"type":"Point","coordinates":[-79.963831,40.461936]},"properties":{"stop_id":"21272","name":"LIBERTY AVE + 36TH ST","weekday_trips":102,"routes":["54","86","87"]}},{"type":"Feature","geometry":{"type":"Point","coordinates":[-79.971944,40.45842]},"properties":{"stop_id":"21276","name":"LIBERTY AVE + 30TH ST","weekday_trips":74,"routes":["86","87"]}},{"type":"Feature","geometry":{"type":"Point","coordinates":[-79.973307,40.457484]},"properties":{"stop_id":"21277","name":"LIBERTY AVE + 29TH ST","weekday_trips":74,"routes":["86","87"]}},{"type":"Feature","geometry":{"type":"Point","coordinates":[-79.976227,40.455463]},"properties":{"stop_id":"21279","name":"LIBERTY AVE + 27TH ST","weekday_trips":102,"routes":["54","86","87"]}},{"type":"Feature","geometry":{"type":"Point","coordinates":[-79.979127,40.453463]},"properties":{"stop_id":"21281","name":"LIBERTY AVE + 25TH ST","weekday_trips":222,"routes":["54","86","87","88","91"]}},{"type":"Feature","geometry":{"type":"Point","coordinates":[-79.982383,40.45124]},"properties":{"stop_id":"21283","name":"LIBERTY AVE + 21ST ST","weekday_trips":222,"routes":["54","86","87","88","91"]}},{"type":"Feature","geometry":{"type":"Point","coordinates":[-79.985329,40.449248]},"properties":{"stop_id":"21284","name":"LIBERTY AVE + 17TH ST","weekday_trips":222,"routes":["54","86","87","88","91"]}},{"type":"Feature","geometry":{"type":"Point","coordinates":[-79.989163,40.446945]},"properties":{"stop_id":"21286","name":"LIBERTY AVE + 14TH ST","weekday_trips":167,"routes":["86","87","88","91"]}},{"type":"Feature","geometry":{"type":"Point","coordinates":[-80.000735,40.444445]},"properties":{"stop_id":"213","name":"7TH ST + FT DUQUESNE BLVD","weekday_trips":191,"routes":["1","11","12","15","2","4","6","7","P13"]}},{"type":"Feature","geometry":{"type":"Point","coordinates":[-79.96387,40.461832]},"properties":{"stop_id":"21303","name":"LIBERTY AVE + 36TH ST","weekday_trips":101,"routes":["54","86","87"]}},{"type":"Feature","geometry":{"type":"Point","coordinates":[-79.962108,40.461977]},"properties":{"stop_id":"21304","name":"LIBERTY AVE + 37TH ST","weekday_trips":101,"routes":["54","86","87"]}},{"type":"Feature","geometry":{"type":"Point","coordinates":[-79.957393,40.46276]},"properties":{"stop_id":"21306","name":"LIBERTY AVE + 40TH ST","weekday_trips":101,"routes":["54","86","87"]}},{"type":"Feature","geometry":{"type":"Point","coordinates":[-79.953365,40.463497]},"properties":{"stop_id":"21308","name":"LIBERTY AVE + MAIN ST (BLOOMFIELD BRIDGE)","weekday_trips":62,"routes":["54","86"]}},{"type":"Feature","geometry":{"type":"Point","coordinates":[-80.019926,40.496286]},"properties":{"stop_id":"21316","name":"PERRY HWY + CONNIE DR","weekday_trips":53,"routes":["8"]}},{"type":"Feature","geometry":{"type":"Point","coordinates":[-79.916713,40.409142]},"properties":{"stop_id":"21318","name":"WATERFRONT DR + BRIDGE ST (RED ROBIN)","weekday_trips":234,"routes":["53L","59","61D","64"]}},{"type":"Feature","geometry":{"type":"Point","coordinates":[-79.891879,40.488814]},"properties":{"stop_id":"21328","name":"WATERWORKS MALL + MARSHALLS","weekday_trips":123,"routes":["1","75","91"]}},{"type":"Feature","geometry":{"type":"Point","coordinates":[-80.002796,40.45004]},"properties":{"stop_id":"21329","name":"SANDUSKY ST + UNDERPASS","weekday_trips":300,"routes":["1","11","13","15","16","17","6","8"]}},{"type":"Feature","geometry":{"type":"Point","coordinates":[-80.002382,40.44873]},"properties":{"stop_id":"21330","name":"SANDUSKY ST + GENERAL ROBINSON ST","weekday_trips":300,"routes":["1","11","13","15","16","17","6","8"]}},{"type":"Feature","geometry":{"type":"Point","coordinates":[-79.945457,40.495299]},"properties":{"stop_id":"21331","name":"BUTLER ST + CENTER ST","weekday_trips":52,"routes":["1","2","P13"]}},{"type":"Feature","geometry":{"type":"Point","coordinates":[-79.871491,40.489956]},"properties":{"stop_id":"21337","name":"FREEPORT RD + OLD FREEPORT RD","weekday_trips":31,"routes":["1"]}},{"type":"Feature","geometry":{"type":"Point","coordinates":[-79.872719,40.489658]},"properties":{"stop_id":"21338","name":"FREEPORT RD + #1372","weekday_trips":31,"routes":["1"]}},{"type":"Feature","geometry":{"type":"Point","coordinates":[-79.851597,40.507276]},"properties":{"stop_id":"21361","name":"FREEPORT RD + POWERS RUN","weekday_trips":31,"routes":["1"]}},{"type":"Feature","geometry":{"type":"Point","coordinates":[-79.851641,40.506549]},"properties":{"stop_id":"21362","name":"FREEPORT RD + POWERS RUN FS","weekday_trips":32,"routes":["1"]}},{"type":"Feature","geometry":{"type":"Point","coordinates":[-80.007329,40.49599]},"properties":{"stop_id":"21363","name":"IVORY AVE + SCHERLING ST","weekday_trips":22,"routes":["4"]}},{"type":"Feature","geometry":{"type":"Point","coordinates":[-80.005372,40.495825]},"properties":{"stop_id":"21364","name":"IVORY AVE + SCHERLING ST","weekday_trips":22,"routes":["4"]}},{"type":"Feature","geometry":{"type":"Point","coordinates":[-79.993938,40.375672]},"properties":{"stop_id":"21369","name":"PROVOST RD + WEYMAN RD","weekday_trips":17,"routes":["Y47"]}},{"type":"Feature","geometry":{"type":"Point","coordinates":[-79.994766,40.37241]},"properties":{"stop_id":"21373","name":"PROVOST RD + SHADOWLAWN DR","weekday_trips":17,"routes":["Y47"]}},{"type":"Feature","geometry":{"type":"Point","coordinates":[-79.994626,40.370787]},"properties":{"stop_id":"21374","name":"PROVOST RD + SHADOW DR","weekday_trips":17,"routes":["Y47"]}},{"type":"Feature","geometry":{"type":"Point","coordinates":[-79.971767,40.490176]},"properties":{"stop_id":"21377","name":"EVERGREEN AVE + FRANKLIN ST","weekday_trips":18,"routes":["2"]}},{"type":"Feature","geometry":{"type":"Point","coordinates":[-79.958796,40.494219]},"properties":{"stop_id":"21379","name":"PARKER ST + KOEHLER ST","weekday_trips":18,"routes":["2"]}},{"type":"Feature","geometry":{"type":"Point","coordinates":[-79.864874,40.457801]},"properties":{"stop_id":"21388","name":"ROBINSON BLVD + W'BURG PENN JOINT WATER AUTHORITY","weekday_trips":31,"routes":["79","P17"]}},{"type":"Feature","geometry":{"type":"Point","coordinates":[-79.986067,40.478229]},"properties":{"stop_id":"21391","name":"MT TROY RD + FORNOF LN","weekday_trips":22,"routes":["4"]}},{"type":"Feature","geometry":{"type":"Point","coordinates":[-80.014756,40.49678]},"properties":{"stop_id":"21392","name":"IVORY AVE + PEACHTREE WAY","weekday_trips":22,"routes":["4"]}},{"type":"Feature","geometry":{"type":"Point","coordinates":[-80.001964,40.447846]},"properties":{"stop_id":"214","name":"SANDUSKY ST + ISABELLA ST","weekday_trips":371,"routes":["1","11","12","13","15","16","17","2","4","6","7","8","P13"]}},{"type":"Feature","geometry":{"type":"Point","coordinates":[-79.985931,40.463988]},"properties":{"stop_id":"21400","name":"SPRING GARDEN AVE + LAGER ST","weekday_trips":6,"routes":["7"]}},{"type":"Feature","geometry":{"type":"Point","coordinates":[-79.993267,40.477227]},"properties":{"stop_id":"21401","name":"SPRING GARDEN AVE + WILLIAMS RD","weekday_trips":6,"routes":["7"]}},{"type":"Feature","geometry":{"type":"Point","coordinates":[-80.026751,40.518581]},"properties":{"stop_id":"21405","name":"PERRY HWY + #328","weekday_trips":53,"routes":["8"]}},{"type":"Feature","geometry":{"type":"Point","coordinates":[-80.027534,40.511325]},"properties":{"stop_id":"21411","name":"CENTER AVE + PARK AVE","weekday_trips":53,"routes":["8"]}},{"type":"Feature","geometry":{"type":"Point","coordinates":[-80.010295,40.488746]},"properties":{"stop_id":"21418","name":"EVERGREEN RD + BAYTREE ST","weekday_trips":24,"routes":["12"]}},{"type":"Feature","geometry":{"type":"Point","coordinates":[-80.047401,40.508155]},"properties":{"stop_id":"21431","name":"FOREST AVE + CENTER AVE FS","weekday_trips":39,"routes":["13"]}},{"type":"Feature","geometry":{"type":"Point","coordinates":[-80.033951,40.466718]},"properties":{"stop_id":"21433","name":"OLD CALIFORNIA AVE + WOODLAND AVE","weekday_trips":78,"routes":["13"]}},{"type":"Feature","geometry":{"type":"Point","coordinates":[-80.02945,40.46139]},"properties":{"stop_id":"21434","name":"CALIFORNIA AVE + MARVISTA ST NS","weekday_trips":39,"routes":["13"]}},{"type":"Feature","geometry":{"type":"Point","coordinates":[-80.035191,40.467899]},"properties":{"stop_id":"21442","name":"CALIFORNIA AVE + ST JOHNS CHURCH","weekday_trips":39,"routes":["13"]}},{"type":"Feature","geometry":{"type":"Point","coordinates":[-80.036096,40.470636]},"properties":{"stop_id":"21443","name":"CALIFORNIA AVE + FORSYTHE ST","weekday_trips":39,"routes":["13"]}},{"type":"Feature","geometry":{"type":"Point","coordinates":[-80.038507,40.473871]},"properties":{"stop_id":"21444","name":"CALIFORNIA AVE + #3228","weekday_trips":39,"routes":["13"]}},{"type":"Feature","geometry":{"type":"Point","coordinates":[-79.997592,40.421583]},"properties":{"stop_id":"21447","name":"WARRINGTON AVE + BELTZHOOVER AVE","weekday_trips":38,"routes":["48"]}},{"type":"Feature","geometry":{"type":"Point","coordinates":[-79.937219,40.405408]},"properties":{"stop_id":"21449","name":"JOHNSTON AVE + MANSION ST","weekday_trips":53,"routes":["57","93"]}},{"type":"Feature","geometry":{"type":"Point","coordinates":[-79.963997,40.365706]},"properties":{"stop_id":"21451","name":"SKYLINE DR + #1765","weekday_trips":18,"routes":["Y49"]}},{"type":"Feature","geometry":{"type":"Point","coordinates":[-79.962492,40.366636]},"properties":{"stop_id":"21452","name":"SKYLINE DR + BALDWIN HEALTH CENTER","weekday_trips":18,"routes":["Y49"]}},{"type":"Feature","geometry":{"type":"Point","coordinates":[-79.963975,40.367138]},"properties":{"stop_id":"21453","name":"SKYLINE DR + PARKLINE DR","weekday_trips":18,"routes":["Y49"]}},{"type":"Feature","geometry":{"type":"Point","coordinates":[-79.965491,40.367997]},"properties":{"stop_id":"21454","name":"PARKLINE DR + #1695","weekday_trips":18,"routes":["Y49"]}},{"type":"Feature","geometry":{"type":"Point","coordinates":[-79.967448,40.36708]},"properties":{"stop_id":"21455","name":"PARKLINE DR + #1631","weekday_trips":18,"routes":["Y49"]}},{"type":"Feature","geometry":{"type":"Point","coordinates":[-79.968173,40.365997]},"properties":{"stop_id":"21456","name":"PARKLINE DR + #1551 (RENTAL OFFICE)","weekday_trips":18,"routes":["Y49"]}},{"type":"Feature","geometry":{"type":"Point","coordinates":[-79.966925,40.365201]},"properties":{"stop_id":"21457","name":"PARKLINE DR + RADFORD RD FS","weekday_trips":18,"routes":["Y49"]}},{"type":"Feature","geometry":{"type":"Point","coordinates":[-79.967672,40.366759]},"properties":{"stop_id":"21458","name":"PARKLINE DR + #1620","weekday_trips":18,"routes":["Y49"]}},{"type":"Feature","geometry":{"type":"Point","coordinates":[-79.96541,40.367953]},"properties":{"stop_id":"21459","name":"PARKLINE DR + #1690","weekday_trips":18,"routes":["Y49"]}},{"type":"Feature","geometry":{"type":"Point","coordinates":[-79.9641,40.367262]},"properties":{"stop_id":"21460","name":"PARKLINE DR + SKYLINE DR","weekday_trips":18,"routes":["Y49"]}},{"type":"Feature","geometry":{"type":"Point","coordinates":[-79.964596,40.36487]},"properties":{"stop_id":"21461","name":"SKYLINE DR + MAPLE DR NS","weekday_trips":18,"routes":["Y49"]}},{"type":"Feature","geometry":{"type":"Point","coordinates":[-79.962728,40.366862]},"properties":{"stop_id":"21462","name":"SKYLINE DR + BALDWIN HEALTH CENTER","weekday_trips":18,"routes":["Y49"]}},{"type":"Feature","geometry":{"type":"Point","coordinates":[-79.942587,40.34335]},"properties":{"stop_id":"21463","name":"CENTURY DR + GABRIEL BROTHERS","weekday_trips":157,"routes":["51","53L","55","59","Y47","Y49"]}},{"type":"Feature","geometry":{"type":"Point","coordinates":[-79.942187,40.344946]},"properties":{"stop_id":"21465","name":"MOUNTAINVIEW DR + POOL CITY DR","weekday_trips":60,"routes":["51","53L"]}},{"type":"Feature","geometry":{"type":"Point","coordinates":[-79.936292,40.432569]},"properties":{"stop_id":"21469","name":"HOBART RD + GREENFIELD RD FS","weekday_trips":37,"routes":["65","93"]}},{"type":"Feature","geometry":{"type":"Point","coordinates":[-79.927078,40.434177]},"properties":{"stop_id":"21470","name":"BEACON ST + WIGHTMAN ST","weekday_trips":30,"routes":["93"]}},{"type":"Feature","geometry":{"type":"Point","coordinates":[-79.924615,40.434579]},"properties":{"stop_id":"21471","name":"BEACON ST + MUNHALL RD","weekday_trips":30,"routes":["93"]}},{"type":"Feature","geometry":{"type":"Point","coordinates":[-80.002776,40.450321]},"properties":{"stop_id":"215","name":"SANDUSKY ST + STOCKTON AVE","weekday_trips":368,"routes":["1","11","12","13","15","16","17","2","4","6","7","8"]}},{"type":"Feature","geometry":{"type":"Point","coordinates":[-79.959154,40.462568]},"properties":{"stop_id":"2152","name":"LIBERTY AVE + 39TH","weekday_trips":102,"routes":["54","86","87"]}},{"type":"Feature","geometry":{"type":"Point","coordinates":[-79.93805,40.386074]},"properties":{"stop_id":"21528","name":"CHURCHVIEW GARDEN APARTMENTS","weekday_trips":42,"routes":["44"]}},{"type":"Feature","geometry":{"type":"Point","coordinates":[-79.940525,40.385643]},"properties":{"stop_id":"21529","name":"CHURCHVIEW GARDEN APTS DRVWY + CHURCHVIEW AVE","weekday_trips":22,"routes":["44"]}},{"type":"Feature","geometry":{"type":"Point","coordinates":[-79.942889,40.386149]},"properties":{"stop_id":"21530","name":"CHURCHVIEW AVE + REVO DR","weekday_trips":22,"routes":["44"]}},{"type":"Feature","geometry":{"type":"Point","coordinates":[-79.949494,40.384672]},"properties":{"stop_id":"21531","name":"CHURCHVIEW AVE + CATHELL RD","weekday_trips":22,"routes":["44"]}},{"type":"Feature","geometry":{"type":"Point","coordinates":[-79.952816,40.384047]},"properties":{"stop_id":"21532","name":"CHURCHVIEW AVE + GREENGLEN DR","weekday_trips":22,"routes":["44"]}},{"type":"Feature","geometry":{"type":"Point","coordinates":[-79.955537,40.383515]},"properties":{"stop_id":"21533","name":"CHURCHVIEW AVE + JOHN ROMANUS DR","weekday_trips":22,"routes":["44"]}},{"type":"Feature","geometry":{"type":"Point","coordinates":[-79.959127,40.385025]},"properties":{"stop_id":"21534","name":"CHURCHVIEW AVE + CASTLEVIEW DR","weekday_trips":22,"routes":["44"]}},{"type":"Feature","geometry":{"type":"Point","coordinates":[-79.967832,40.385857]},"properties":{"stop_id":"21536","name":"CHURCHVIEW AVE + GLASS RUN RD FS","weekday_trips":22,"routes":["44"]}},{"type":"Feature","geometry":{"type":"Point","coordinates":[-79.974002,40.384855]},"properties":{"stop_id":"21539","name":"CHURCHVIEW AVE + WAIDLER AVE","weekday_trips":22,"routes":["44"]}},{"type":"Feature","geometry":{"type":"Point","coordinates":[-79.976197,40.389273]},"properties":{"stop_id":"21542","name":"SPENCER AVE + STEINER ST","weekday_trips":22,"routes":["44"]}},{"type":"Feature","geometry":{"type":"Point","coordinates":[-79.976357,40.391474]},"properties":{"stop_id":"21543","name":"SPENCER AVE + WATERMAN AVE FS","weekday_trips":22,"routes":["44"]}},{"type":"Feature","geometry":{"type":"Point","coordinates":[-79.976306,40.392975]},"properties":{"stop_id":"21544","name":"SPENCER AVE + CUSTER AVE","weekday_trips":22,"routes":["44"]}},{"type":"Feature","geometry":{"type":"Point","coordinates":[-79.974345,40.393345]},"properties":{"stop_id":"21545","name":"CUSTER AVE + ST WENDELIN CHURCH","weekday_trips":22,"routes":["44"]}},{"type":"Feature","geometry":{"type":"Point","coordinates":[-79.97275,40.393603]},"properties":{"stop_id":"21546","name":"CUSTER AVE + MARY ST","weekday_trips":22,"routes":["44"]}},{"type":"Feature","geometry":{"type":"Point","coordinates":[-79.970163,40.394506]},"properties":{"stop_id":"21547","name":"CUSTER AVE + JOSEPH ST","weekday_trips":22,"routes":["44"]}},{"type":"Feature","geometry":{"type":"Point","coordinates":[-79.968369,40.395549]},"properties":{"stop_id":"21548","name":"CUSTER AVE + EDWARD DR","weekday_trips":22,"routes":["44"]}},{"type":"Feature","geometry":{"type":"Point","coordinates":[-79.966224,40.394942]},"properties":{"stop_id":"21549","name":"CLOVERFIELD DR + EDWARD DR FS","weekday_trips":22,"routes":["44"]}},{"type":"Feature","geometry":{"type":"Point","coordinates":[-79.9657,40.461768]},"properties":{"stop_id":"2155","name":"LIBERTY AVE + 34TH ST","weekday_trips":28,"routes":["54"]}},{"type":"Feature","geometry":{"type":"Point","coordinates":[-79.966058,40.397312]},"properties":{"stop_id":"21550","name":"CLOVERFIELD DR + SANDA DR","weekday_trips":22,"routes":["44"]}},{"type":"Feature","geometry":{"type":"Point","coordinates":[-79.967591,40.399378]},"properties":{"stop_id":"21552","name":"AGNEW RD + ACADEMY CHARTER SCHOOL DRVWY","weekday_trips":22,"routes":["44"]}},{"type":"Feature","geometry":{"type":"Point","coordinates":[-79.969302,40.398187]},"properties":{"stop_id":"21553","name":"AGNEW RD + LAFFERTY DR","weekday_trips":22,"routes":["44"]}},{"type":"Feature","geometry":{"type":"Point","coordinates":[-79.971483,40.396331]},"properties":{"stop_id":"21554","name":"AGNEW RD + JOSEPH ST","weekday_trips":22,"routes":["44"]}},{"type":"Feature","geometry":{"type":"Point","coordinates":[-79.974291,40.396494]},"properties":{"stop_id":"21555","name":"AGNEW RD + PENN ST FS","weekday_trips":22,"routes":["44"]}},{"type":"Feature","geometry":{"type":"Point","coordinates":[-79.97855,40.396992]},"properties":{"stop_id":"21556","name":"AGNEW RD + BECKS RUN RD","weekday_trips":22,"routes":["44"]}},{"type":"Feature","geometry":{"type":"Point","coordinates":[-79.978243,40.39695]},"properties":{"stop_id":"21557","name":"AGNEW RD + BECKS RUN RD FS","weekday_trips":20,"routes":["44"]}},{"type":"Feature","geometry":{"type":"Point","coordinates":[-79.973911,40.39642]},"properties":{"stop_id":"21558","name":"AGNEW RD + ALAN ST","weekday_trips":20,"routes":["44"]}},{"type":"Feature","geometry":{"type":"Point","coordinates":[-79.971179,40.396297]},"properties":{"stop_id":"21559","name":"AGNEW RD + JOSEPH ST FS","weekday_trips":20,"routes":["44"]}},{"type":"Feature","geometry":{"type":"Point","coordinates":[-79.966822,40.461666]},"properties":{"stop_id":"2156","name":"LIBERTY AVE + LIGONIER (HERRON)","weekday_trips":74,"routes":["86","87"]}},{"type":"Feature","geometry":{"type":"Point","coordinates":[-79.969258,40.397905]},"properties":{"stop_id":"21560","name":"AGNEW RD + LAFFERTY DR","weekday_trips":20,"routes":["44"]}},{"type":"Feature","geometry":{"type":"Point","coordinates":[-79.967839,40.399361]},"properties":{"stop_id":"21561","name":"AGNEW RD + ACADEMY CHARTER SCHOOL DRVWY","weekday_trips":20,"routes":["44"]}},{"type":"Feature","geometry":{"type":"Point","coordinates":[-79.964679,40.398782]},"properties":{"stop_id":"21562","name":"AGNEW RD + CLOVERFIELD DR","weekday_trips":20,"routes":["44"]}},{"type":"Feature","geometry":{"type":"Point","coordinates":[-79.966032,40.397482]},"properties":{"stop_id":"21563","name":"CLOVERFIELD DR + SANDRA DR","weekday_trips":20,"routes":["44"]}},{"type":"Feature","geometry":{"type":"Point","coordinates":[-79.96638,40.394864]},"properties":{"stop_id":"21564","name":"CLOVERFIELD DR + EDWARD DR","weekday_trips":20,"routes":["44"]}},{"type":"Feature","geometry":{"type":"Point","coordinates":[-79.968252,40.39565]},"properties":{"stop_id":"21565","name":"EDWARD DR + CUSTER AVE","weekday_trips":20,"routes":["44"]}},{"type":"Feature","geometry":{"type":"Point","coordinates":[-79.97104,40.394198]},"properties":{"stop_id":"21566","name":"CUSTER AVE + BICKAR ST","weekday_trips":20,"routes":["44"]}},{"type":"Feature","geometry":{"type":"Point","coordinates":[-79.974616,40.393354]},"properties":{"stop_id":"21568","name":"CUSTER AVE + ST WENDELIN CHURCH","weekday_trips":20,"routes":["44"]}},{"type":"Feature","geometry":{"type":"Point","coordinates":[-79.976218,40.393085]},"properties":{"stop_id":"21569","name":"CUSTER AVE + SPENCER AVE","weekday_trips":20,"routes":["44"]}},{"type":"Feature","geometry":{"type":"Point","coordinates":[-79.969093,40.4604]},"properties":{"stop_id":"2157","name":"LIBERTY AVE + 32ND ST","weekday_trips":74,"routes":["86","87"]}},{"type":"Feature","geometry":{"type":"Point","coordinates":[-79.976398,40.391876]},"properties":{"stop_id":"21570","name":"SPENCER AVE + MAKARY WAY","weekday_trips":20,"routes":["44"]}},{"type":"Feature","geometry":{"type":"Point","coordinates":[-79.976292,40.390026]},"properties":{"stop_id":"21571","name":"SPENCER AVE + ALMORA ST","weekday_trips":20,"routes":["44"]}},{"type":"Feature","geometry":{"type":"Point","coordinates":[-79.976442,40.387752]},"properties":{"stop_id":"21572","name":"SPENCER AVE + BEAU ST","weekday_trips":20,"routes":["44"]}},{"type":"Feature","geometry":{"type":"Point","coordinates":[-79.976615,40.385389]},"properties":{"stop_id":"21573","name":"CHURCHVIEW AVE + SANKEY AVE","weekday_trips":20,"routes":["44"]}},{"type":"Feature","geometry":{"type":"Point","coordinates":[-79.973664,40.38489]},"properties":{"stop_id":"21574","name":"CHURCHVIEW AVE + WAIDLER AVE FS","weekday_trips":20,"routes":["44"]}},{"type":"Feature","geometry":{"type":"Point","coordinates":[-79.971512,40.385616]},"properties":{"stop_id":"21575","name":"CHURCHVIEW AVE + WILLET RD","weekday_trips":20,"routes":["44"]}},{"type":"Feature","geometry":{"type":"Point","coordinates":[-79.969459,40.385774]},"properties":{"stop_id":"21576","name":"CHURCHVIEW AVE + ANDRADE ST","weekday_trips":20,"routes":["44"]}},{"type":"Feature","geometry":{"type":"Point","coordinates":[-79.967536,40.385803]},"properties":{"stop_id":"21577","name":"CHURCHVIEW AVE + MELLOT RD NS","weekday_trips":20,"routes":["44"]}},{"type":"Feature","geometry":{"type":"Point","coordinates":[-79.962275,40.386018]},"properties":{"stop_id":"21578","name":"CHURCHVIEW AVE + VILLAGE DR","weekday_trips":20,"routes":["44"]}},{"type":"Feature","geometry":{"type":"Point","coordinates":[-79.959244,40.385015]},"properties":{"stop_id":"21579","name":"CHURCHVIEW AVE + CASTLEVIEW DR","weekday_trips":20,"routes":["44"]}},{"type":"Feature","geometry":{"type":"Point","coordinates":[-79.970625,40.459341]},"properties":{"stop_id":"2158","name":"LIBERTY AVE + 31ST ST","weekday_trips":74,"routes":["86","87"]}},{"type":"Feature","geometry":{"type":"Point","coordinates":[-79.955418,40.383455]},"properties":{"stop_id":"21580","name":"CHURCHVIEW AVE + JOHN ROMANUS DR FS","weekday_trips":20,"routes":["44"]}},{"type":"Feature","geometry":{"type":"Point","coordinates":[-79.952995,40.383975]},"properties":{"stop_id":"21581","name":"CHURCHVIEW AVE + MARY ANN DR FS","weekday_trips":20,"routes":["44"]}},{"type":"Feature","geometry":{"type":"Point","coordinates":[-79.949732,40.384544]},"properties":{"stop_id":"21582","name":"CHURCHVIEW AVE + CATHELL RD NS","weekday_trips":20,"routes":["44"]}},{"type":"Feature","geometry":{"type":"Point","coordinates":[-79.943032,40.386102]},"properties":{"stop_id":"21583","name":"CHURCHVIEW AVE + REVO DR","weekday_trips":20,"routes":["44"]}},{"type":"Feature","geometry":{"type":"Point","coordinates":[-79.940671,40.385568]},"properties":{"stop_id":"21584","name":"CHURCHVIEW AVE + DONAHUE DR NS","weekday_trips":20,"routes":["44"]}},{"type":"Feature","geometry":{"type":"Point","coordinates":[-79.972645,40.39368]},"properties":{"stop_id":"21586","name":"CUSTER AVE + MARY ST","weekday_trips":20,"routes":["44"]}},{"type":"Feature","geometry":{"type":"Point","coordinates":[-79.961087,40.385512]},"properties":{"stop_id":"21587","name":"CHURCHVIEW AVE + WALTON RD FS","weekday_trips":22,"routes":["44"]}},{"type":"Feature","geometry":{"type":"Point","coordinates":[-79.969884,40.385817]},"properties":{"stop_id":"21588","name":"CHURCHVIEW AVE + ANDRADE ST FS","weekday_trips":22,"routes":["44"]}},{"type":"Feature","geometry":{"type":"Point","coordinates":[-79.961277,40.344734]},"properties":{"stop_id":"21590","name":"LEBANON CHURCH RD + PLEASANT HILLS BLVD","weekday_trips":62,"routes":["51","Y47"]}},{"type":"Feature","geometry":{"type":"Point","coordinates":[-79.923434,40.434658]},"properties":{"stop_id":"21592","name":"BEACON ST + MURRAY AVE NS","weekday_trips":37,"routes":["65","93"]}},{"type":"Feature","geometry":{"type":"Point","coordinates":[-79.928063,40.427365]},"properties":{"stop_id":"21596","name":"BEECHWOOD BLVD + #3735","weekday_trips":26,"routes":["52L","53L"]}},{"type":"Feature","geometry":{"type":"Point","coordinates":[-79.900964,40.389568]},"properties":{"stop_id":"21603","name":"MAIN ST + E OLIVER RD","weekday_trips":19,"routes":["53L"]}},{"type":"Feature","geometry":{"type":"Point","coordinates":[-80.079343,40.385688]},"properties":{"stop_id":"21604","name":"LINDSAY RD + #723","weekday_trips":15,"routes":["38"]}},{"type":"Feature","geometry":{"type":"Point","coordinates":[-79.936157,40.427631]},"properties":{"stop_id":"21605","name":"BEECHWOOD BLVD + #3986","weekday_trips":26,"routes":["52L","53L"]}},{"type":"Feature","geometry":{"type":"Point","coordinates":[-79.974861,40.456398]},"properties":{"stop_id":"2161","name":"LIBERTY AVE + 28TH ST","weekday_trips":74,"routes":["86","87"]}},{"type":"Feature","geometry":{"type":"Point","coordinates":[-79.873535,40.406151]},"properties":{"stop_id":"21614","name":"BRADDOCK AVE + 2ND ST","weekday_trips":61,"routes":["61B"]}},{"type":"Feature","geometry":{"type":"Point","coordinates":[-79.869766,40.364456]},"properties":{"stop_id":"21618","name":"WORTON BLVD + HOMESTEAD-DUQUESNE","weekday_trips":8,"routes":["52L"]}},{"type":"Feature","geometry":{"type":"Point","coordinates":[-79.869942,40.363909]},"properties":{"stop_id":"21619","name":"WORTON BLVD + HOMESTEAD-DUQUESNE FS","weekday_trips":7,"routes":["52L"]}},{"type":"Feature","geometry":{"type":"Point","coordinates":[-79.977677,40.45448]},"properties":{"stop_id":"2162","name":"LIBERTY AVE + 26TH ST","weekday_trips":102,"routes":["54","86","87"]}},{"type":"Feature","geometry":{"type":"Point","coordinates":[-79.962264,40.425639]},"properties":{"stop_id":"21622","name":"SIDNEY ST + CIRCUIT CENTER DRVWY FS","weekday_trips":46,"routes":["75"]}},{"type":"Feature","geometry":{"type":"Point","coordinates":[-79.961615,40.425123]},"properties":{"stop_id":"21623","name":"SIDNEY ST + SARAH ST","weekday_trips":46,"routes":["75"]}},{"type":"Feature","geometry":{"type":"Point","coordinates":[-79.962356,40.424271]},"properties":{"stop_id":"21624","name":"SARAH ST + E CARSON ST","weekday_trips":46,"routes":["75"]}},{"type":"Feature","geometry":{"type":"Point","coordinates":[-79.965605,40.426238]},"properties":{"stop_id":"21625","name":"E CARSON ST + S 28TH ST","weekday_trips":46,"routes":["75"]}},{"type":"Feature","geometry":{"type":"Point","coordinates":[-79.856389,40.412324]},"properties":{"stop_id":"21629","name":"YOST BLVD + BRINTON RD FS","weekday_trips":122,"routes":["59","61A","61B"]}},{"type":"Feature","geometry":{"type":"Point","coordinates":[-79.862436,40.404795]},"properties":{"stop_id":"21635","name":"BALDRIDGE AVE + MIDDLE ST","weekday_trips":60,"routes":["61A"]}},{"type":"Feature","geometry":{"type":"Point","coordinates":[-79.863064,40.400314]},"properties":{"stop_id":"21639","name":"VERONA ST + MAPLEVIEW DR","weekday_trips":60,"routes":["61A"]}},{"type":"Feature","geometry":{"type":"Point","coordinates":[-79.861007,40.401959]},"properties":{"stop_id":"21640","name":"VERONA ST + BELL AVE","weekday_trips":60,"routes":["61A"]}},{"type":"Feature","geometry":{"type":"Point","coordinates":[-79.865525,40.40822]},"properties":{"stop_id":"21641","name":"HAWKINS AVE + #504","weekday_trips":60,"routes":["61A"]}},{"type":"Feature","geometry":{"type":"Point","coordinates":[-79.863914,40.406967]},"properties":{"stop_id":"21642","name":"HAWKINS AVE + #552","weekday_trips":60,"routes":["61A"]}},{"type":"Feature","geometry":{"type":"Point","coordinates":[-79.86298,40.40045]},"properties":{"stop_id":"21644","name":"VERONA ST + MAPLEVIEW DR","weekday_trips":60,"routes":["61A"]}},{"type":"Feature","geometry":{"type":"Point","coordinates":[-79.864135,40.400092]},"properties":{"stop_id":"21645","name":"BRADDOCK AVE + 9TH ST","weekday_trips":60,"routes":["61A"]}},{"type":"Feature","geometry":{"type":"Point","coordinates":[-79.866848,40.409263]},"properties":{"stop_id":"21653","name":"4TH AVE + HAWKINS AVE","weekday_trips":26,"routes":["59"]}},{"type":"Feature","geometry":{"type":"Point","coordinates":[-79.99868,40.416733]},"properties":{"stop_id":"21655","name":"CHALFONT ST + CURTIN AVE","weekday_trips":22,"routes":["44"]}},{"type":"Feature","geometry":{"type":"Point","coordinates":[-80.000242,40.416701]},"properties":{"stop_id":"21656","name":"CHALFONT ST + ESTELLA AVE","weekday_trips":22,"routes":["44"]}},{"type":"Feature","geometry":{"type":"Point","coordinates":[-80.004878,40.417263]},"properties":{"stop_id":"21659","name":"GEARING AVE + SYLVANIA AVE","weekday_trips":22,"routes":["44"]}},{"type":"Feature","geometry":{"type":"Point","coordinates":[-79.977359,40.409609]},"properties":{"stop_id":"21661","name":"MOUNTAIN AVE + SCHULER ST","weekday_trips":22,"routes":["44"]}},{"type":"Feature","geometry":{"type":"Point","coordinates":[-79.977221,40.411429]},"properties":{"stop_id":"21662","name":"MOUNTAIN AVE + FISHER ST","weekday_trips":22,"routes":["44"]}},{"type":"Feature","geometry":{"type":"Point","coordinates":[-79.977303,40.412663]},"properties":{"stop_id":"21663","name":"ST JOSEPH ST + ORMSBY ST","weekday_trips":22,"routes":["44"]}},{"type":"Feature","geometry":{"type":"Point","coordinates":[-79.980599,40.413539]},"properties":{"stop_id":"21665","name":"ST JOSEPH ST + RATON ST","weekday_trips":22,"routes":["44"]}},{"type":"Feature","geometry":{"type":"Point","coordinates":[-79.981714,40.413507]},"properties":{"stop_id":"21666","name":"ST JOSEPH ST + OTTILLIA ST","weekday_trips":22,"routes":["44"]}},{"type":"Feature","geometry":{"type":"Point","coordinates":[-79.983675,40.413437]},"properties":{"stop_id":"21667","name":"ST JOSEPH ST + #184","weekday_trips":22,"routes":["44"]}},{"type":"Feature","geometry":{"type":"Point","coordinates":[-79.985348,40.413387]},"properties":{"stop_id":"21668","name":"ST JOSEPH ST + #144","weekday_trips":22,"routes":["44"]}},{"type":"Feature","geometry":{"type":"Point","coordinates":[-79.994911,40.416498]},"properties":{"stop_id":"21673","name":"CHARLES ST + GEORGIA AVE","weekday_trips":22,"routes":["44"]}},{"type":"Feature","geometry":{"type":"Point","coordinates":[-79.996602,40.416464]},"properties":{"stop_id":"21674","name":"CHARLES ST + BELTZHOOVER AVE","weekday_trips":22,"routes":["44"]}},{"type":"Feature","geometry":{"type":"Point","coordinates":[-79.998986,40.419949]},"properties":{"stop_id":"21678","name":"CLIMAX ST + CURTIN AVE","weekday_trips":22,"routes":["44"]}},{"type":"Feature","geometry":{"type":"Point","coordinates":[-80.000383,40.41999]},"properties":{"stop_id":"21685","name":"CLIMAX ST + ESTELLA AVE","weekday_trips":20,"routes":["44"]}},{"type":"Feature","geometry":{"type":"Point","coordinates":[-80.002324,40.419956]},"properties":{"stop_id":"21686","name":"CLIMAX ST + HABERMAN AVE","weekday_trips":20,"routes":["44"]}},{"type":"Feature","geometry":{"type":"Point","coordinates":[-80.005545,40.419154]},"properties":{"stop_id":"21687","name":"CLIMAX ST + GEARING AVE","weekday_trips":20,"routes":["44"]}},{"type":"Feature","geometry":{"type":"Point","coordinates":[-80.005029,40.417422]},"properties":{"stop_id":"21689","name":"GEARING AVE + SYLVANIA AVE","weekday_trips":20,"routes":["44"]}},{"type":"Feature","geometry":{"type":"Point","coordinates":[-79.99173,40.445309]},"properties":{"stop_id":"2169","name":"LIBERTY AVE + 12TH ST","weekday_trips":167,"routes":["86","87","88","91"]}},{"type":"Feature","geometry":{"type":"Point","coordinates":[-80.004018,40.416567]},"properties":{"stop_id":"21691","name":"CHALFONT ST + DELMONT AVE","weekday_trips":20,"routes":["44"]}},{"type":"Feature","geometry":{"type":"Point","coordinates":[-79.998687,40.416668]},"properties":{"stop_id":"21694","name":"CHALFONT ST + CURTIN AVE FS","weekday_trips":20,"routes":["44"]}},{"type":"Feature","geometry":{"type":"Point","coordinates":[-79.995236,40.416442]},"properties":{"stop_id":"21696","name":"CHARLES ST + GEORGIA AVE","weekday_trips":20,"routes":["44"]}},{"type":"Feature","geometry":{"type":"Point","coordinates":[-79.993203,40.416501]},"properties":{"stop_id":"21697","name":"CHARLES ST + GRIMES AVE","weekday_trips":20,"routes":["44"]}},{"type":"Feature","geometry":{"type":"Point","coordinates":[-80.002532,40.456112]},"properties":{"stop_id":"217","name":"CEDAR AVE + NORTH AVE (AGH)","weekday_trips":25,"routes":["12"]}},{"type":"Feature","geometry":{"type":"Point","coordinates":[-79.987155,40.413937]},"properties":{"stop_id":"21702","name":"PENN AVE + SCHOOL WAY FS","weekday_trips":20,"routes":["44"]}},{"type":"Feature","geometry":{"type":"Point","coordinates":[-79.98338,40.414052]},"properties":{"stop_id":"21703","name":"PENN AVE + #197","weekday_trips":20,"routes":["44"]}},{"type":"Feature","geometry":{"type":"Point","coordinates":[-79.981787,40.413523]},"properties":{"stop_id":"21705","name":"OTTILLA ST + ST JOSEPH ST","weekday_trips":20,"routes":["44"]}},{"type":"Feature","geometry":{"type":"Point","coordinates":[-79.980558,40.41348]},"properties":{"stop_id":"21706","name":"ST JOSEPH ST + RATON ST","weekday_trips":20,"routes":["44"]}},{"type":"Feature","geometry":{"type":"Point","coordinates":[-79.97922,40.413481]},"properties":{"stop_id":"21707","name":"ST JOSEPH ST + COMO ST (STEPS)","weekday_trips":20,"routes":["44"]}},{"type":"Feature","geometry":{"type":"Point","coordinates":[-79.977435,40.412694]},"properties":{"stop_id":"21708","name":"ST JOSEPH ST + ORMSBY ST","weekday_trips":20,"routes":["44"]}},{"type":"Feature","geometry":{"type":"Point","coordinates":[-79.992714,40.444645]},"properties":{"stop_id":"2171","name":"LIBERTY AVE + 11TH ST FS (AMTRAK)","weekday_trips":166,"routes":["86","87","88","91"]}},{"type":"Feature","geometry":{"type":"Point","coordinates":[-80.00064,40.440292]},"properties":{"stop_id":"21711","name":"WOOD ST + FORBES AVE AND FIFTH AVE","weekday_trips":447,"routes":["39","40","41","43","44","48","51","81","82","83","Y46","Y47","Y49"]}},{"type":"Feature","geometry":{"type":"Point","coordinates":[-80.1015,40.360208]},"properties":{"stop_id":"21712","name":"BOWER HILL RD + #809","weekday_trips":22,"routes":["41"]}},{"type":"Feature","geometry":{"type":"Point","coordinates":[-79.857848,40.455756]},"properties":{"stop_id":"21713","name":"LAKETON RD + GRAHAM BLVD NS","weekday_trips":22,"routes":["P78"]}},{"type":"Feature","geometry":{"type":"Point","coordinates":[-79.98333,40.442119]},"properties":{"stop_id":"21718","name":"CENTRE AVE + ROBERTS ST","weekday_trips":86,"routes":["82","83"]}},{"type":"Feature","geometry":{"type":"Point","coordinates":[-79.989306,40.446727]},"properties":{"stop_id":"2172","name":"LIBERTY AVE + 14TH ST","weekday_trips":166,"routes":["86","87","88","91"]}},{"type":"Feature","geometry":{"type":"Point","coordinates":[-79.903411,40.463484]},"properties":{"stop_id":"21720","name":"LINCOLN AVE + LYRIC ST","weekday_trips":72,"routes":["82","P17"]}},{"type":"Feature","geometry":{"type":"Point","coordinates":[-79.983747,40.442032]},"properties":{"stop_id":"21727","name":"CENTRE AVE + ARTHUR ST","weekday_trips":58,"routes":["82"]}},{"type":"Feature","geometry":{"type":"Point","coordinates":[-79.915245,40.430872]},"properties":{"stop_id":"21731","name":"BEECHWOOD BLVD + CROMBIE ST FS","weekday_trips":9,"routes":["65"]}},{"type":"Feature","geometry":{"type":"Point","coordinates":[-79.914635,40.433266]},"properties":{"stop_id":"21732","name":"BEECHWOOD BLVD + DOUGLAS ST FS","weekday_trips":15,"routes":["65"]}},{"type":"Feature","geometry":{"type":"Point","coordinates":[-79.915199,40.432456]},"properties":{"stop_id":"21733","name":"BEECHWOOD BLVD + PHILLIPS AVE FS","weekday_trips":9,"routes":["65"]}},{"type":"Feature","geometry":{"type":"Point","coordinates":[-79.985387,40.449107]},"properties":{"stop_id":"2174","name":"LIBERTY AVE + 17TH ST","weekday_trips":220,"routes":["54","86","87","88","91"]}},{"type":"Feature","geometry":{"type":"Point","coordinates":[-79.884648,40.451524]},"properties":{"stop_id":"21746","name":"OAKWOOD ST + HAMILTON AVE","weekday_trips":96,"routes":["71D","86"]}},{"type":"Feature","geometry":{"type":"Point","coordinates":[-79.885262,40.452835]},"properties":{"stop_id":"21747","name":"OAKWOOD ST + KELLY ST","weekday_trips":35,"routes":["86"]}},{"type":"Feature","geometry":{"type":"Point","coordinates":[-79.885891,40.455001]},"properties":{"stop_id":"21749","name":"OAKWOOD ST + FRANKSTOWN AVE","weekday_trips":35,"routes":["86"]}},{"type":"Feature","geometry":{"type":"Point","coordinates":[-79.902018,40.458652]},"properties":{"stop_id":"21757","name":"FRANKSTOWN AVE + GERRITT ST","weekday_trips":60,"routes":["77","86"]}},{"type":"Feature","geometry":{"type":"Point","coordinates":[-79.977968,40.45415]},"properties":{"stop_id":"2177","name":"LIBERTY AVE + 26TH ST","weekday_trips":220,"routes":["54","86","87","88","91"]}},{"type":"Feature","geometry":{"type":"Point","coordinates":[-79.976433,40.455219]},"properties":{"stop_id":"2178","name":"LIBERTY AVE + 27TH ST","weekday_trips":220,"routes":["54","86","87","88","91"]}},{"type":"Feature","geometry":{"type":"Point","coordinates":[-79.939392,40.456562]},"properties":{"stop_id":"21782","name":"LIBERTY AVE + BAUM BLVD","weekday_trips":71,"routes":["64","86"]}},{"type":"Feature","geometry":{"type":"Point","coordinates":[-79.945756,40.459969]},"properties":{"stop_id":"21787","name":"LIBERTY AVE + MILLVALE","weekday_trips":35,"routes":["86"]}},{"type":"Feature","geometry":{"type":"Point","coordinates":[-79.999419,40.4425]},"properties":{"stop_id":"21816","name":"LIBERTY AVE + WOOD ST","weekday_trips":248,"routes":["19L","28X","29","31","65","67","69","77","G3","G31","P10","P17","P69","P7","P76","P78"]}},{"type":"Feature","geometry":{"type":"Point","coordinates":[-79.97094,40.458996]},"properties":{"stop_id":"2182","name":"LIBERTY AVE + 31ST ST","weekday_trips":193,"routes":["54","86","87","88","91"]}},{"type":"Feature","geometry":{"type":"Point","coordinates":[-79.982078,40.451336]},"properties":{"stop_id":"21822","name":"LIBERTY AVE + 21ST ST FS","weekday_trips":220,"routes":["54","86","87","88","91"]}},{"type":"Feature","geometry":{"type":"Point","coordinates":[-79.97327,40.457384]},"properties":{"stop_id":"21827","name":"LIBERTY AVE + 29TH ST","weekday_trips":193,"routes":["54","86","87","88","91"]}},{"type":"Feature","geometry":{"type":"Point","coordinates":[-79.969376,40.460087]},"properties":{"stop_id":"2183","name":"LIBERTY AVE + 32ND ST NS","weekday_trips":74,"routes":["86","87"]}},{"type":"Feature","geometry":{"type":"Point","coordinates":[-79.967266,40.461448]},"properties":{"stop_id":"2185","name":"LIBERTY AVE + HERRON","weekday_trips":74,"routes":["86","87"]}},{"type":"Feature","geometry":{"type":"Point","coordinates":[-79.921487,40.460154]},"properties":{"stop_id":"21856","name":"PENN AVE + EASTSIDE III DR","weekday_trips":254,"routes":["71C","74","77","82","86","88","89"]}},{"type":"Feature","geometry":{"type":"Point","coordinates":[-79.916695,40.45804]},"properties":{"stop_id":"21859","name":"EAST LIBERTY BLVD + DAHLEM PL","weekday_trips":162,"routes":["75","77","82","86"]}},{"type":"Feature","geometry":{"type":"Point","coordinates":[-79.885782,40.454318]},"properties":{"stop_id":"21879","name":"OAKWOOD ST + BENNETT ST","weekday_trips":35,"routes":["86"]}},{"type":"Feature","geometry":{"type":"Point","coordinates":[-79.959236,40.462457]},"properties":{"stop_id":"2188","name":"LIBERTY AVE + 39TH ST","weekday_trips":101,"routes":["54","86","87"]}},{"type":"Feature","geometry":{"type":"Point","coordinates":[-79.884835,40.451885]},"properties":{"stop_id":"21881","name":"OAKWOOD ST + HAMILTON AVE","weekday_trips":35,"routes":["86"]}},{"type":"Feature","geometry":{"type":"Point","coordinates":[-79.981222,40.443102]},"properties":{"stop_id":"21892","name":"CENTRE AVE + HILL HOUSE","weekday_trips":116,"routes":["81","82","83"]}},{"type":"Feature","geometry":{"type":"Point","coordinates":[-80.000195,40.456629]},"properties":{"stop_id":"219","name":"NORTH AVE + MIDDLE ST","weekday_trips":25,"routes":["12"]}},{"type":"Feature","geometry":{"type":"Point","coordinates":[-79.943332,40.462311]},"properties":{"stop_id":"21905","name":"FRIENDSHIP AVE + WINEBIDDLE ST","weekday_trips":39,"routes":["87"]}},{"type":"Feature","geometry":{"type":"Point","coordinates":[-79.941738,40.462191]},"properties":{"stop_id":"21906","name":"FRIENDSHIP AVE + EVALINE ST","weekday_trips":39,"routes":["87"]}},{"type":"Feature","geometry":{"type":"Point","coordinates":[-79.940489,40.462092]},"properties":{"stop_id":"21907","name":"FRIENDSHIP AVE + PACIFIC AVE","weekday_trips":39,"routes":["87"]}},{"type":"Feature","geometry":{"type":"Point","coordinates":[-79.939095,40.461986]},"properties":{"stop_id":"21908","name":"FRIENDSHIP AVE + ATLANTIC AVE","weekday_trips":39,"routes":["87"]}},{"type":"Feature","geometry":{"type":"Point","coordinates":[-79.937768,40.461878]},"properties":{"stop_id":"21909","name":"FRIENDSHIP AVE + AIKEN AVE","weekday_trips":39,"routes":["87"]}},{"type":"Feature","geometry":{"type":"Point","coordinates":[-79.936473,40.461752]},"properties":{"stop_id":"21910","name":"FRIENDSHIP AVE + GRAHAM ST","weekday_trips":39,"routes":["87"]}},{"type":"Feature","geometry":{"type":"Point","coordinates":[-79.934272,40.461308]},"properties":{"stop_id":"21911","name":"FRIENDSHIP AVE + FAIRMOUNT ST","weekday_trips":39,"routes":["87"]}},{"type":"Feature","geometry":{"type":"Point","coordinates":[-79.932623,40.460724]},"properties":{"stop_id":"21912","name":"FRIENDSHIP AVE + NEGLEY AVE","weekday_trips":39,"routes":["87"]}},{"type":"Feature","geometry":{"type":"Point","coordinates":[-79.920619,40.48802]},"properties":{"stop_id":"21938","name":"BUTLER ST + BAKER ST FS","weekday_trips":20,"routes":["87"]}},{"type":"Feature","geometry":{"type":"Point","coordinates":[-79.935943,40.4889]},"properties":{"stop_id":"21941","name":"BUTLER ST + LIVONIA","weekday_trips":20,"routes":["87"]}},{"type":"Feature","geometry":{"type":"Point","coordinates":[-79.931925,40.475398]},"properties":{"stop_id":"21948","name":"STANTON AVE + MORNINGSIDE AVE","weekday_trips":19,"routes":["87"]}},{"type":"Feature","geometry":{"type":"Point","coordinates":[-79.932448,40.476833]},"properties":{"stop_id":"21949","name":"STANTON AVE + DEMARILLAC HOME","weekday_trips":19,"routes":["87"]}},{"type":"Feature","geometry":{"type":"Point","coordinates":[-79.934784,40.480634]},"properties":{"stop_id":"21951","name":"STANTON AVE + STANTON CT EAST","weekday_trips":19,"routes":["87"]}},{"type":"Feature","geometry":{"type":"Point","coordinates":[-79.937685,40.481379]},"properties":{"stop_id":"21953","name":"STANTON AVE + MCCABE ST","weekday_trips":19,"routes":["87"]}},{"type":"Feature","geometry":{"type":"Point","coordinates":[-79.93921,40.481749]},"properties":{"stop_id":"21954","name":"STANTON AVE + WOODBINE ST FS","weekday_trips":19,"routes":["87"]}},{"type":"Feature","geometry":{"type":"Point","coordinates":[-79.940804,40.481881]},"properties":{"stop_id":"21955","name":"STANTON AVE + MCCANDLESS AVE FS","weekday_trips":19,"routes":["87"]}},{"type":"Feature","geometry":{"type":"Point","coordinates":[-79.942519,40.480476]},"properties":{"stop_id":"21956","name":"STANTON AVE + #4343","weekday_trips":19,"routes":["87"]}},{"type":"Feature","geometry":{"type":"Point","coordinates":[-79.943754,40.479322]},"properties":{"stop_id":"21957","name":"STANTON AVE + UPVIEW TERRACE","weekday_trips":19,"routes":["87"]}},{"type":"Feature","geometry":{"type":"Point","coordinates":[-79.947615,40.477831]},"properties":{"stop_id":"21959","name":"STANTON AVE + STEPS","weekday_trips":19,"routes":["87"]}},{"type":"Feature","geometry":{"type":"Point","coordinates":[-79.949017,40.478243]},"properties":{"stop_id":"21960","name":"STANTON AVE + MCCANDLESS AVE","weekday_trips":19,"routes":["87"]}},{"type":"Feature","geometry":{"type":"Point","coordinates":[-79.950298,40.477688]},"properties":{"stop_id":"21961","name":"STANTON AVE + 52ND ST","weekday_trips":19,"routes":["87"]}},{"type":"Feature","geometry":{"type":"Point","coordinates":[-79.951867,40.477611]},"properties":{"stop_id":"21962","name":"STANTON AVE + DUNCAN ST","weekday_trips":19,"routes":["87"]}},{"type":"Feature","geometry":{"type":"Point","coordinates":[-79.952681,40.477614]},"properties":{"stop_id":"21963","name":"STANTON AVE + HOLMES ST","weekday_trips":19,"routes":["87"]}},{"type":"Feature","geometry":{"type":"Point","coordinates":[-79.953916,40.477339]},"properties":{"stop_id":"21964","name":"STANTON AVE + KEYSTONE ST","weekday_trips":19,"routes":["87"]}},{"type":"Feature","geometry":{"type":"Point","coordinates":[-79.955448,40.478275]},"properties":{"stop_id":"21966","name":"STANTON AVE + BUTLER ST","weekday_trips":19,"routes":["87"]}},{"type":"Feature","geometry":{"type":"Point","coordinates":[-79.952368,40.4661]},"properties":{"stop_id":"21982","name":"PENN AVE + FRIENDSHIP","weekday_trips":35,"routes":["88"]}},{"type":"Feature","geometry":{"type":"Point","coordinates":[-79.948183,40.465679]},"properties":{"stop_id":"21983","name":"PENN AVE + PEARL ST","weekday_trips":35,"routes":["88"]}},{"type":"Feature","geometry":{"type":"Point","coordinates":[-79.946577,40.465453]},"properties":{"stop_id":"21984","name":"PENN AVE + MATHILDA ST","weekday_trips":35,"routes":["88"]}},{"type":"Feature","geometry":{"type":"Point","coordinates":[-79.945355,40.465297]},"properties":{"stop_id":"21985","name":"PENN AVE + MILLVALE AVE","weekday_trips":35,"routes":["88"]}},{"type":"Feature","geometry":{"type":"Point","coordinates":[-79.942994,40.464971]},"properties":{"stop_id":"21986","name":"PENN AVE + WINEBIDDLE ST","weekday_trips":35,"routes":["88"]}},{"type":"Feature","geometry":{"type":"Point","coordinates":[-79.941276,40.464751]},"properties":{"stop_id":"21987","name":"PENN AVE + EVALINE ST","weekday_trips":35,"routes":["88"]}},{"type":"Feature","geometry":{"type":"Point","coordinates":[-79.938759,40.464524]},"properties":{"stop_id":"21988","name":"PENN AVE + ATLANTIC AVE","weekday_trips":35,"routes":["88"]}},{"type":"Feature","geometry":{"type":"Point","coordinates":[-79.936695,40.464632]},"properties":{"stop_id":"21989","name":"PENN AVE + AIKEN AVE","weekday_trips":35,"routes":["88"]}},{"type":"Feature","geometry":{"type":"Point","coordinates":[-79.932645,40.464121]},"properties":{"stop_id":"21991","name":"PENN AVE + FAIRMOUNT ST","weekday_trips":35,"routes":["88"]}},{"type":"Feature","geometry":{"type":"Point","coordinates":[-79.930909,40.4635]},"properties":{"stop_id":"21992","name":"PENN AVE + NEGLEY","weekday_trips":35,"routes":["88"]}},{"type":"Feature","geometry":{"type":"Point","coordinates":[-79.99799,40.457861]},"properties":{"stop_id":"220","name":"MADISON AVE + CONCORD ST","weekday_trips":25,"routes":["12"]}},{"type":"Feature","geometry":{"type":"Point","coordinates":[-79.872012,40.45469]},"properties":{"stop_id":"22001","name":"EAST HILLS DR + #2220","weekday_trips":32,"routes":["79","P17"]}},{"type":"Feature","geometry":{"type":"Point","coordinates":[-79.873644,40.452644]},"properties":{"stop_id":"22003","name":"EAST HILLS DR + PARK HILL DR","weekday_trips":32,"routes":["79","P17"]}},{"type":"Feature","geometry":{"type":"Point","coordinates":[-79.874264,40.453]},"properties":{"stop_id":"22004","name":"PARK HILL DR + #2102","weekday_trips":32,"routes":["79","P17"]}},{"type":"Feature","geometry":{"type":"Point","coordinates":[-79.87411,40.454482]},"properties":{"stop_id":"22005","name":"PARK HILL DR + WHITE PINE PL","weekday_trips":32,"routes":["79","P17"]}},{"type":"Feature","geometry":{"type":"Point","coordinates":[-79.874152,40.455514]},"properties":{"stop_id":"22006","name":"PARK HILL DR + #2350","weekday_trips":32,"routes":["79","P17"]}},{"type":"Feature","geometry":{"type":"Point","coordinates":[-79.871015,40.456141]},"properties":{"stop_id":"22008","name":"EAST HILLS DR + #2303","weekday_trips":32,"routes":["79","P17"]}},{"type":"Feature","geometry":{"type":"Point","coordinates":[-79.871112,40.455206]},"properties":{"stop_id":"22009","name":"EAST HILLS DR + WILNER DR","weekday_trips":32,"routes":["79","P17"]}},{"type":"Feature","geometry":{"type":"Point","coordinates":[-79.864426,40.457561]},"properties":{"stop_id":"22011","name":"ROBINSON BLVD + WILK PENN JOINT WATER AUTH","weekday_trips":32,"routes":["79","P17"]}},{"type":"Feature","geometry":{"type":"Point","coordinates":[-79.865886,40.459355]},"properties":{"stop_id":"22012","name":"ROBINSON BLVD + #2600 (OPP E GATE)","weekday_trips":32,"routes":["79","P17"]}},{"type":"Feature","geometry":{"type":"Point","coordinates":[-79.866291,40.460958]},"properties":{"stop_id":"22013","name":"ROBINSON BLVD + FRANKSTOWN RD","weekday_trips":32,"routes":["79","P17"]}},{"type":"Feature","geometry":{"type":"Point","coordinates":[-79.932353,40.464147]},"properties":{"stop_id":"22020","name":"PENN AVE + FAIRMOUNT ST","weekday_trips":35,"routes":["88"]}},{"type":"Feature","geometry":{"type":"Point","coordinates":[-79.942717,40.464995]},"properties":{"stop_id":"22025","name":"PENN AVE + WINEBIDDLE ST","weekday_trips":35,"routes":["88"]}},{"type":"Feature","geometry":{"type":"Point","coordinates":[-79.945117,40.465322]},"properties":{"stop_id":"22026","name":"PENN AVE + MILLVALE AVE","weekday_trips":35,"routes":["88"]}},{"type":"Feature","geometry":{"type":"Point","coordinates":[-79.946348,40.465497]},"properties":{"stop_id":"22027","name":"PENN AVE + MATHILDA ST","weekday_trips":35,"routes":["88"]}},{"type":"Feature","geometry":{"type":"Point","coordinates":[-79.94785,40.465712]},"properties":{"stop_id":"22028","name":"PENN AVE + PEARL ST","weekday_trips":35,"routes":["88"]}},{"type":"Feature","geometry":{"type":"Point","coordinates":[-79.951797,40.466226]},"properties":{"stop_id":"22029","name":"PENN AVE + 45TH ST","weekday_trips":35,"routes":["88"]}},{"type":"Feature","geometry":{"type":"Point","coordinates":[-79.929244,40.465996]},"properties":{"stop_id":"22064","name":"NEGLEY AVE + RURAL ST","weekday_trips":102,"routes":["71A","87"]}},{"type":"Feature","geometry":{"type":"Point","coordinates":[-79.933182,40.460995]},"properties":{"stop_id":"22068","name":"FRIENDSHIP AVE + STRATFORD AVE","weekday_trips":39,"routes":["87"]}},{"type":"Feature","geometry":{"type":"Point","coordinates":[-79.936196,40.461789]},"properties":{"stop_id":"22070","name":"FRIENDSHIP AVE + GRAHAM ST","weekday_trips":39,"routes":["87"]}},{"type":"Feature","geometry":{"type":"Point","coordinates":[-79.937472,40.461929]},"properties":{"stop_id":"22071","name":"FRIENDSHIP AVE + AIKEN AVE","weekday_trips":39,"routes":["87"]}},{"type":"Feature","geometry":{"type":"Point","coordinates":[-79.938846,40.462029]},"properties":{"stop_id":"22072","name":"FRIENDSHIP AVE + ATLANTIC AVE","weekday_trips":39,"routes":["87"]}},{"type":"Feature","geometry":{"type":"Point","coordinates":[-79.940285,40.462144]},"properties":{"stop_id":"22073","name":"FRIENDSHIP AVE + PACIFIC AVE","weekday_trips":39,"routes":["87"]}},{"type":"Feature","geometry":{"type":"Point","coordinates":[-79.941508,40.462238]},"properties":{"stop_id":"22074","name":"FRIENDSHIP AVE + EVALINE ST","weekday_trips":39,"routes":["87"]}},{"type":"Feature","geometry":{"type":"Point","coordinates":[-79.943113,40.462365]},"properties":{"stop_id":"22075","name":"FRIENDSHIP AVE + WINEBIDDLE ST","weekday_trips":39,"routes":["87"]}},{"type":"Feature","geometry":{"type":"Point","coordinates":[-79.944382,40.462476]},"properties":{"stop_id":"22076","name":"FRIENDSHIP AVE + GROSS ST","weekday_trips":39,"routes":["87"]}},{"type":"Feature","geometry":{"type":"Point","coordinates":[-79.954033,40.477258]},"properties":{"stop_id":"22095","name":"STANTON AVE + KEYSTONE ST","weekday_trips":20,"routes":["87"]}},{"type":"Feature","geometry":{"type":"Point","coordinates":[-79.952756,40.477515]},"properties":{"stop_id":"22096","name":"STANTON AVE + HOLMES ST","weekday_trips":20,"routes":["87"]}},{"type":"Feature","geometry":{"type":"Point","coordinates":[-79.951852,40.47752]},"properties":{"stop_id":"22097","name":"STANTON AVE + DUNCAN ST","weekday_trips":20,"routes":["87"]}},{"type":"Feature","geometry":{"type":"Point","coordinates":[-79.949245,40.478119]},"properties":{"stop_id":"22099","name":"STANTON AVE + MCCANDLESS AVE","weekday_trips":20,"routes":["87"]}},{"type":"Feature","geometry":{"type":"Point","coordinates":[-79.998861,40.462256]},"properties":{"stop_id":"221","name":"EAST ST + LAREDA ST","weekday_trips":25,"routes":["12"]}},{"type":"Feature","geometry":{"type":"Point","coordinates":[-79.943555,40.4794]},"properties":{"stop_id":"22102","name":"STANTON AVE + WOODBINE ST FS","weekday_trips":20,"routes":["87"]}},{"type":"Feature","geometry":{"type":"Point","coordinates":[-79.937323,40.481208]},"properties":{"stop_id":"22106","name":"STANTON AVE + HAWTHORNE ST","weekday_trips":20,"routes":["87"]}},{"type":"Feature","geometry":{"type":"Point","coordinates":[-79.93494,40.480587]},"properties":{"stop_id":"22108","name":"STANTON AVE + ORANMORE ST","weekday_trips":20,"routes":["87"]}},{"type":"Feature","geometry":{"type":"Point","coordinates":[-79.932571,40.476909]},"properties":{"stop_id":"22110","name":"STANTON AVE + DEMARILLAC HOME","weekday_trips":20,"routes":["87"]}},{"type":"Feature","geometry":{"type":"Point","coordinates":[-79.932034,40.47538]},"properties":{"stop_id":"22111","name":"STANTON AVE + MORNINGSIDE AVE","weekday_trips":20,"routes":["87"]}},{"type":"Feature","geometry":{"type":"Point","coordinates":[-79.931627,40.47421]},"properties":{"stop_id":"22112","name":"STANTON AVE + JANCEY ST","weekday_trips":20,"routes":["87"]}},{"type":"Feature","geometry":{"type":"Point","coordinates":[-79.944298,40.485845]},"properties":{"stop_id":"22117","name":"BUTLER ST + #5770 (CAR WASH)","weekday_trips":76,"routes":["87","91"]}},{"type":"Feature","geometry":{"type":"Point","coordinates":[-79.942801,40.48638]},"properties":{"stop_id":"22118","name":"BUTLER ST + #6012","weekday_trips":76,"routes":["87","91"]}},{"type":"Feature","geometry":{"type":"Point","coordinates":[-79.938272,40.487981]},"properties":{"stop_id":"22121","name":"BUTLER ST + #6130","weekday_trips":76,"routes":["87","91"]}},{"type":"Feature","geometry":{"type":"Point","coordinates":[-79.935948,40.488803]},"properties":{"stop_id":"22122","name":"BUTLER ST + LIVONIA","weekday_trips":19,"routes":["87"]}},{"type":"Feature","geometry":{"type":"Point","coordinates":[-79.967123,40.462924]},"properties":{"stop_id":"22126","name":"BUTLER ST + PENN AVE","weekday_trips":58,"routes":["91"]}},{"type":"Feature","geometry":{"type":"Point","coordinates":[-79.965955,40.464571]},"properties":{"stop_id":"22127","name":"BUTLER ST + 35TH ST","weekday_trips":58,"routes":["91"]}},{"type":"Feature","geometry":{"type":"Point","coordinates":[-79.96531,40.465479]},"properties":{"stop_id":"22128","name":"BUTLER ST + 36TH ST","weekday_trips":58,"routes":["91"]}},{"type":"Feature","geometry":{"type":"Point","coordinates":[-79.964695,40.466351]},"properties":{"stop_id":"22129","name":"BUTLER ST + 37TH ST","weekday_trips":58,"routes":["91"]}},{"type":"Feature","geometry":{"type":"Point","coordinates":[-79.90745,40.490701]},"properties":{"stop_id":"22169","name":"FREEPORT RD + WESTERN AVE","weekday_trips":123,"routes":["1","75","91"]}},{"type":"Feature","geometry":{"type":"Point","coordinates":[-79.889647,40.488088]},"properties":{"stop_id":"22177","name":"WATERWORKS MALL + #877","weekday_trips":123,"routes":["1","75","91"]}},{"type":"Feature","geometry":{"type":"Point","coordinates":[-79.883898,40.499128]},"properties":{"stop_id":"22183","name":"DELAFIELD RD + FOX CHAPEL RD","weekday_trips":33,"routes":["75"]}},{"type":"Feature","geometry":{"type":"Point","coordinates":[-79.882158,40.495564]},"properties":{"stop_id":"22184","name":"FOX CHAPEL RD + #325 (OHARA MUNICIPAL BUILDING)","weekday_trips":33,"routes":["75"]}},{"type":"Feature","geometry":{"type":"Point","coordinates":[-79.88167,40.491845]},"properties":{"stop_id":"22185","name":"FOX CHAPEL RD + N MARGERY DR","weekday_trips":33,"routes":["75"]}},{"type":"Feature","geometry":{"type":"Point","coordinates":[-79.882762,40.489905]},"properties":{"stop_id":"22186","name":"FOX CHAPEL RD + S MARGERY DR","weekday_trips":33,"routes":["75"]}},{"type":"Feature","geometry":{"type":"Point","coordinates":[-79.868205,40.498724]},"properties":{"stop_id":"22198","name":"GAMMA DR + ZOLL DRIVEWAY","weekday_trips":58,"routes":["91"]}},{"type":"Feature","geometry":{"type":"Point","coordinates":[-79.999642,40.465814]},"properties":{"stop_id":"222","name":"EAST ST + ROYAL ST","weekday_trips":25,"routes":["12"]}},{"type":"Feature","geometry":{"type":"Point","coordinates":[-80.113395,40.508108]},"properties":{"stop_id":"2220","name":"GRAND AVE + ARMY CORP ENGINEERING","weekday_trips":29,"routes":["21"]}},{"type":"Feature","geometry":{"type":"Point","coordinates":[-79.869737,40.493518]},"properties":{"stop_id":"22200","name":"ALPHA DR + PRINT TECH DRVWY","weekday_trips":58,"routes":["91"]}},{"type":"Feature","geometry":{"type":"Point","coordinates":[-79.965183,40.465433]},"properties":{"stop_id":"22204","name":"BUTLER ST + 36TH ST","weekday_trips":57,"routes":["91"]}},{"type":"Feature","geometry":{"type":"Point","coordinates":[-79.962688,40.468342]},"properties":{"stop_id":"22208","name":"BUTLER ST + 40TH ST NS","weekday_trips":93,"routes":["64","91"]}},{"type":"Feature","geometry":{"type":"Point","coordinates":[-80.112392,40.507935]},"properties":{"stop_id":"2221","name":"GRAND AVE + TRIAD METALS","weekday_trips":29,"routes":["21"]}},{"type":"Feature","geometry":{"type":"Point","coordinates":[-79.938847,40.495537]},"properties":{"stop_id":"22217","name":"MAIN ST + 62ND ST BRIDGE FS","weekday_trips":88,"routes":["1","91"]}},{"type":"Feature","geometry":{"type":"Point","coordinates":[-80.108999,40.507024]},"properties":{"stop_id":"2222","name":"GRAND AVE + NEVILLE RECYCLING","weekday_trips":29,"routes":["21"]}},{"type":"Feature","geometry":{"type":"Point","coordinates":[-79.891997,40.488773]},"properties":{"stop_id":"22240","name":"WATERWORKS MALL + MARSHALLS","weekday_trips":121,"routes":["1","75","91"]}},{"type":"Feature","geometry":{"type":"Point","coordinates":[-79.872743,40.488752]},"properties":{"stop_id":"22246","name":"OLD FREEPORT RD + #1380","weekday_trips":57,"routes":["91"]}},{"type":"Feature","geometry":{"type":"Point","coordinates":[-79.867345,40.495895]},"properties":{"stop_id":"22250","name":"BETA DR + ALPHA DR FS","weekday_trips":57,"routes":["91"]}},{"type":"Feature","geometry":{"type":"Point","coordinates":[-79.8633,40.499177]},"properties":{"stop_id":"22251","name":"BETA DR + EMERSON PROCESS MGMT","weekday_trips":57,"routes":["91"]}},{"type":"Feature","geometry":{"type":"Point","coordinates":[-79.860983,40.500996]},"properties":{"stop_id":"22252","name":"GAMMA DR + COMFORT INN DRVWY","weekday_trips":58,"routes":["91"]}},{"type":"Feature","geometry":{"type":"Point","coordinates":[-79.88172,40.455226]},"properties":{"stop_id":"22254","name":"FRANKSTOWN AVE + LAWNDALE ST","weekday_trips":25,"routes":["77"]}},{"type":"Feature","geometry":{"type":"Point","coordinates":[-79.995621,40.382402]},"properties":{"stop_id":"22259","name":"JUGHANDLE + IVYGLEN FS","weekday_trips":63,"routes":["Y45","Y46","Y47","Y49"]}},{"type":"Feature","geometry":{"type":"Point","coordinates":[-80.101837,40.502892]},"properties":{"stop_id":"2226","name":"GRAND AVE + NEVILLE NS","weekday_trips":29,"routes":["21"]}},{"type":"Feature","geometry":{"type":"Point","coordinates":[-80.041184,40.480164]},"properties":{"stop_id":"22266","name":"CALIFORNIA AVE + DAVIS AVE","weekday_trips":39,"routes":["13"]}},{"type":"Feature","geometry":{"type":"Point","coordinates":[-80.091728,40.497685]},"properties":{"stop_id":"2228","name":"NEVILLE RD + GULF OIL ENTRANCE","weekday_trips":29,"routes":["21"]}},{"type":"Feature","geometry":{"type":"Point","coordinates":[-80.030283,40.404084]},"properties":{"stop_id":"22280","name":"BROADWAY AVE AT SHIRAS","weekday_trips":62,"routes":["RED"]}},{"type":"Feature","geometry":{"type":"Point","coordinates":[-79.99861,40.442792]},"properties":{"stop_id":"22287","name":"LIBERTY AVE + TITO WAY","weekday_trips":324,"routes":["1","11","12","15","19L","2","28X","4","6","7","77","P10","P13","P17","P69","P7","P76","P78"]}},{"type":"Feature","geometry":{"type":"Point","coordinates":[-80.002082,40.441802]},"properties":{"stop_id":"22296","name":"LIBERTY AVE + MARKET ST","weekday_trips":180,"routes":["65","67","69","77","O1","O12","O5","P10","P17","P69","P7","P76","P78"]}},{"type":"Feature","geometry":{"type":"Point","coordinates":[-79.996139,40.442563]},"properties":{"stop_id":"22298","name":"SEVENTH AVE + WILLIAM PENN PL","weekday_trips":280,"routes":["19L","28X","65","67","69","77","81","82","83","O1","O12","O5"]}},{"type":"Feature","geometry":{"type":"Point","coordinates":[-80.079483,40.488934]},"properties":{"stop_id":"2230","name":"ISLAND AVE + GLENN","weekday_trips":29,"routes":["21"]}},{"type":"Feature","geometry":{"type":"Point","coordinates":[-79.992751,40.37865]},"properties":{"stop_id":"22301","name":"HWY RT 51 + STEWART AVE","weekday_trips":43,"routes":["Y46","Y49"]}},{"type":"Feature","geometry":{"type":"Point","coordinates":[-79.988763,40.352002]},"properties":{"stop_id":"22302","name":"BROWNSVILLE RD + MARYAL DR","weekday_trips":17,"routes":["Y47"]}},{"type":"Feature","geometry":{"type":"Point","coordinates":[-79.988947,40.352195]},"properties":{"stop_id":"22303","name":"BROWNSVILLE RD + THURNER DR","weekday_trips":17,"routes":["Y47"]}},{"type":"Feature","geometry":{"type":"Point","coordinates":[-80.012126,40.418525]},"properties":{"stop_id":"22306","name":"BOGGS AVE + MINSINGER ST","weekday_trips":18,"routes":["43"]}},{"type":"Feature","geometry":{"type":"Point","coordinates":[-80.012159,40.418614]},"properties":{"stop_id":"22307","name":"BOGGS AVE + MINSINGER ST","weekday_trips":18,"routes":["43"]}},{"type":"Feature","geometry":{"type":"Point","coordinates":[-80.076325,40.486778]},"properties":{"stop_id":"2231","name":"ISLAND AVE + #1470","weekday_trips":29,"routes":["21"]}},{"type":"Feature","geometry":{"type":"Point","coordinates":[-79.966986,40.364979]},"properties":{"stop_id":"22311","name":"PARKLINE DR + RADFORD RD","weekday_trips":18,"routes":["Y49"]}},{"type":"Feature","geometry":{"type":"Point","coordinates":[-79.979735,40.464615]},"properties":{"stop_id":"22313","name":"31ST ST BRIDGE RAMP + 31ST ST BRIDGE","weekday_trips":49,"routes":["1","2"]}},{"type":"Feature","geometry":{"type":"Point","coordinates":[-80.073914,40.485215]},"properties":{"stop_id":"2232","name":"ISLAND AVE + FLEMING","weekday_trips":29,"routes":["21"]}},{"type":"Feature","geometry":{"type":"Point","coordinates":[-80.069605,40.481851]},"properties":{"stop_id":"2235","name":"ISLAND AVE + #1308","weekday_trips":29,"routes":["21"]}},{"type":"Feature","geometry":{"type":"Point","coordinates":[-80.067741,40.479477]},"properties":{"stop_id":"2237","name":"ISLAND AVE + #1179","weekday_trips":29,"routes":["21"]}},{"type":"Feature","geometry":{"type":"Point","coordinates":[-79.958862,40.448158]},"properties":{"stop_id":"22375","name":"ALLEQUIPPA ST + CENTRE AVE","weekday_trips":28,"routes":["83"]}},{"type":"Feature","geometry":{"type":"Point","coordinates":[-80.066341,40.477246]},"properties":{"stop_id":"2238","name":"ISLAND AVE + TUNNEL WAY","weekday_trips":29,"routes":["21"]}},{"type":"Feature","geometry":{"type":"Point","coordinates":[-80.064317,40.474514]},"properties":{"stop_id":"2239","name":"ISLAND AVE + ADRIAN","weekday_trips":55,"routes":["21","22"]}},{"type":"Feature","geometry":{"type":"Point","coordinates":[-79.969569,40.491343]},"properties":{"stop_id":"22395","name":"SEAVEY RD + ELBE DR FS","weekday_trips":18,"routes":["2"]}},{"type":"Feature","geometry":{"type":"Point","coordinates":[-80.039574,40.453027]},"properties":{"stop_id":"22397","name":"W CARSON ST + CORLISS TUNNEL","weekday_trips":104,"routes":["20","21","22","24"]}},{"type":"Feature","geometry":{"type":"Point","coordinates":[-80.001347,40.468904]},"properties":{"stop_id":"224","name":"EAST ST + SUFFOLK ST NS","weekday_trips":25,"routes":["12"]}},{"type":"Feature","geometry":{"type":"Point","coordinates":[-80.062404,40.473317]},"properties":{"stop_id":"2240","name":"ISLAND AVE + MCKEES ROCKS BRIDGE","weekday_trips":29,"routes":["21"]}},{"type":"Feature","geometry":{"type":"Point","coordinates":[-80.05203,40.462823]},"properties":{"stop_id":"22400","name":"W CARSON ST + TABOR","weekday_trips":104,"routes":["20","21","22","24"]}},{"type":"Feature","geometry":{"type":"Point","coordinates":[-80.049715,40.461062]},"properties":{"stop_id":"22401","name":"W CARSON ST + SAGINAW","weekday_trips":104,"routes":["20","21","22","24"]}},{"type":"Feature","geometry":{"type":"Point","coordinates":[-80.048287,40.460217]},"properties":{"stop_id":"22402","name":"W CARSON ST + EARL","weekday_trips":104,"routes":["20","21","22","24"]}},{"type":"Feature","geometry":{"type":"Point","coordinates":[-80.037035,40.451017]},"properties":{"stop_id":"22404","name":"W CARSON + BUSWAY RAMP FS","weekday_trips":105,"routes":["20","21","22","24"]}},{"type":"Feature","geometry":{"type":"Point","coordinates":[-80.061253,40.471641]},"properties":{"stop_id":"2241","name":"ISLAND AVE + CUTLER","weekday_trips":29,"routes":["21"]}},{"type":"Feature","geometry":{"type":"Point","coordinates":[-80.113749,40.486335]},"properties":{"stop_id":"22419","name":"HERBST RD + AGNES","weekday_trips":36,"routes":["20"]}},{"type":"Feature","geometry":{"type":"Point","coordinates":[-80.060455,40.470415]},"properties":{"stop_id":"2242","name":"ISLAND AVE + BRADLEY","weekday_trips":29,"routes":["21"]}},{"type":"Feature","geometry":{"type":"Point","coordinates":[-79.884475,40.468155]},"properties":{"stop_id":"22422","name":"MT CARMEL RD + GEISLER WAY","weekday_trips":31,"routes":["79","P17"]}},{"type":"Feature","geometry":{"type":"Point","coordinates":[-79.870897,40.476024]},"properties":{"stop_id":"22423","name":"CHASKE ST + #8038","weekday_trips":63,"routes":["79","P17"]}},{"type":"Feature","geometry":{"type":"Point","coordinates":[-79.994917,40.468348]},"properties":{"stop_id":"22429","name":"MATHIAS ST + MANOR CARE DRIVEWAY","weekday_trips":31,"routes":["6"]}},{"type":"Feature","geometry":{"type":"Point","coordinates":[-79.874594,40.444655]},"properties":{"stop_id":"22434","name":"PARK AVE + MONTIER ST","weekday_trips":54,"routes":["79","P17","P78"]}},{"type":"Feature","geometry":{"type":"Point","coordinates":[-79.877193,40.415489]},"properties":{"stop_id":"22437","name":"WOODSTOCK AVE + BRADDOCK AVE FS","weekday_trips":97,"routes":["59","61A","P7"]}},{"type":"Feature","geometry":{"type":"Point","coordinates":[-80.060497,40.46665]},"properties":{"stop_id":"2244","name":"ISLAND AVE + BOQUET","weekday_trips":29,"routes":["21"]}},{"type":"Feature","geometry":{"type":"Point","coordinates":[-79.984462,40.473726]},"properties":{"stop_id":"22451","name":"MT TROY + CRONEMEYER AVE FS","weekday_trips":22,"routes":["4"]}},{"type":"Feature","geometry":{"type":"Point","coordinates":[-79.976723,40.440168]},"properties":{"stop_id":"22452","name":"BENTLEY DR + #1785","weekday_trips":30,"routes":["81"]}},{"type":"Feature","geometry":{"type":"Point","coordinates":[-79.976643,40.440109]},"properties":{"stop_id":"22454","name":"BENTLEY DR + #1784","weekday_trips":30,"routes":["81"]}},{"type":"Feature","geometry":{"type":"Point","coordinates":[-79.978445,40.440695]},"properties":{"stop_id":"22455","name":"BENTLEY DR + NIGH WAY","weekday_trips":30,"routes":["81"]}},{"type":"Feature","geometry":{"type":"Point","coordinates":[-80.057642,40.464104]},"properties":{"stop_id":"2247","name":"CHARTIERS AVE OPP MCKEES ROCKS PLAZA","weekday_trips":78,"routes":["20","21","24"]}},{"type":"Feature","geometry":{"type":"Point","coordinates":[-80.053738,40.464189]},"properties":{"stop_id":"2249","name":"STANHOPE ST + W CARSON","weekday_trips":78,"routes":["20","21","24"]}},{"type":"Feature","geometry":{"type":"Point","coordinates":[-80.005074,40.47453]},"properties":{"stop_id":"225","name":"EAST ST + HAZLETT ST","weekday_trips":25,"routes":["12"]}},{"type":"Feature","geometry":{"type":"Point","coordinates":[-80.040944,40.454433]},"properties":{"stop_id":"2255","name":"W CARSON ST + GLENMAWR","weekday_trips":104,"routes":["20","21","22","24"]}},{"type":"Feature","geometry":{"type":"Point","coordinates":[-80.021743,40.441694]},"properties":{"stop_id":"2258","name":"W CARSON ST + GATEWAY VIEW PLAZA","weekday_trips":326,"routes":["20","21","22","24","26","27","28X","29","31","38","G2","G3","G31"]}},{"type":"Feature","geometry":{"type":"Point","coordinates":[-80.006704,40.476754]},"properties":{"stop_id":"226","name":"EAST ST + MILROY ST","weekday_trips":25,"routes":["12"]}},{"type":"Feature","geometry":{"type":"Point","coordinates":[-80.017433,40.439865]},"properties":{"stop_id":"2260","name":"W CARSON ST + DUQUESNE INCLINE","weekday_trips":326,"routes":["20","21","22","24","26","27","28X","29","31","38","G2","G3","G31"]}},{"type":"Feature","geometry":{"type":"Point","coordinates":[-79.870489,40.365609]},"properties":{"stop_id":"22613","name":"HOMEVILLE RD OPP DUQUESNE VILLAGE ENTRANCE #2","weekday_trips":8,"routes":["52L"]}},{"type":"Feature","geometry":{"type":"Point","coordinates":[-79.871328,40.366678]},"properties":{"stop_id":"22614","name":"HOMEVILLE RD OPP DUQUESNE VILLAGE ENTRANCE #1","weekday_trips":8,"routes":["52L"]}},{"type":"Feature","geometry":{"type":"Point","coordinates":[-79.873668,40.373624]},"properties":{"stop_id":"22615","name":"HOMEVILLE RD OPP MUNICIPAL RD","weekday_trips":8,"routes":["52L"]}},{"type":"Feature","geometry":{"type":"Point","coordinates":[-79.871599,40.366901]},"properties":{"stop_id":"22616","name":"HOMEVILLE RD AT DUQUESNE VILLAGE ENTRANCE #1","weekday_trips":7,"routes":["52L"]}},{"type":"Feature","geometry":{"type":"Point","coordinates":[-79.870586,40.365499]},"properties":{"stop_id":"22617","name":"HOMEVILLE RD AT DUQUESNE VILLAGE ENTRANCE #2","weekday_trips":7,"routes":["52L"]}},{"type":"Feature","geometry":{"type":"Point","coordinates":[-79.997307,40.417722]},"properties":{"stop_id":"22619","name":"BELTZHOOVER AVE AT SYLVANIA AVE","weekday_trips":27,"routes":["54"]}},{"type":"Feature","geometry":{"type":"Point","coordinates":[-79.986046,40.470705]},"properties":{"stop_id":"22620","name":"SPRING GARDEN AVE OPP #2200","weekday_trips":6,"routes":["7"]}},{"type":"Feature","geometry":{"type":"Point","coordinates":[-79.974662,40.456319]},"properties":{"stop_id":"22623","name":"28TH ST AT LIBERTY AVE","weekday_trips":28,"routes":["54"]}},{"type":"Feature","geometry":{"type":"Point","coordinates":[-80.10482,40.505272]},"properties":{"stop_id":"22624","name":"GRAND AVE OPP #3000 (HOLDEN CORP)","weekday_trips":29,"routes":["21"]}},{"type":"Feature","geometry":{"type":"Point","coordinates":[-80.037781,40.472822]},"properties":{"stop_id":"22625","name":"CALIFORNIA AVE AT BAINTON ST","weekday_trips":39,"routes":["13"]}},{"type":"Feature","geometry":{"type":"Point","coordinates":[-80.030057,40.456333]},"properties":{"stop_id":"22626","name":"BEAVER AVE + N FRANKLIN ST","weekday_trips":24,"routes":["14"]}},{"type":"Feature","geometry":{"type":"Point","coordinates":[-79.994035,40.414277]},"properties":{"stop_id":"22628","name":"BAUSMAN ST AT GEORGIA AVE","weekday_trips":27,"routes":["54"]}},{"type":"Feature","geometry":{"type":"Point","coordinates":[-79.969759,40.491359]},"properties":{"stop_id":"22630","name":"SEAVEY RD OPP ELBE DR NS","weekday_trips":18,"routes":["2"]}},{"type":"Feature","geometry":{"type":"Point","coordinates":[-79.916832,40.463788]},"properties":{"stop_id":"22631","name":"LARIMER AVE AT AUBURN ST","weekday_trips":25,"routes":["74"]}},{"type":"Feature","geometry":{"type":"Point","coordinates":[-80.083568,40.398017]},"properties":{"stop_id":"22632","name":"WASHINGTON AVE OPP DOLLAR TREE","weekday_trips":28,"routes":["31"]}},{"type":"Feature","geometry":{"type":"Point","coordinates":[-79.867972,40.448579]},"properties":{"stop_id":"22633","name":"MONTIER ST AT WRIGHT ST NS","weekday_trips":32,"routes":["79","P17"]}},{"type":"Feature","geometry":{"type":"Point","coordinates":[-80.040305,40.477328]},"properties":{"stop_id":"22635","name":"CALIFORNIA AVE AT CHIDELL ST","weekday_trips":39,"routes":["13"]}},{"type":"Feature","geometry":{"type":"Point","coordinates":[-80.040107,40.477162]},"properties":{"stop_id":"22636","name":"CALIFORNIA AVE AT CHIDELL ST","weekday_trips":39,"routes":["13"]}},{"type":"Feature","geometry":{"type":"Point","coordinates":[-80.089981,40.361568]},"properties":{"stop_id":"22637","name":"BOWER HILL RD AT BEDNERS FARM MARKET","weekday_trips":22,"routes":["41"]}},{"type":"Feature","geometry":{"type":"Point","coordinates":[-79.873486,40.452963]},"properties":{"stop_id":"22639","name":"EAST HILLS DR AT CALISTOGA PL FS","weekday_trips":31,"routes":["79","P17"]}},{"type":"Feature","geometry":{"type":"Point","coordinates":[-80.015592,40.410348]},"properties":{"stop_id":"22642","name":"WEST LIBERTY AVE OPP BROOKSIDE AVE","weekday_trips":22,"routes":["41"]}},{"type":"Feature","geometry":{"type":"Point","coordinates":[-80.059774,40.342759]},"properties":{"stop_id":"22643","name":"VILLAGE DR AT WASHINGTON RD FS","weekday_trips":20,"routes":["36"]}},{"type":"Feature","geometry":{"type":"Point","coordinates":[-80.057481,40.345859]},"properties":{"stop_id":"22644","name":"WASHINGTON RD AT CONSOL DR FS","weekday_trips":20,"routes":["36"]}},{"type":"Feature","geometry":{"type":"Point","coordinates":[-79.896932,40.438142]},"properties":{"stop_id":"22646","name":"BRADDOCK AVE AT GUTHRIE ST","weekday_trips":61,"routes":["61B"]}},{"type":"Feature","geometry":{"type":"Point","coordinates":[-80.104811,40.50537]},"properties":{"stop_id":"22647","name":"GRAND AVE AT #3000 (HOLDEN CORP)","weekday_trips":30,"routes":["21"]}},{"type":"Feature","geometry":{"type":"Point","coordinates":[-79.967451,40.462407]},"properties":{"stop_id":"22648","name":"PENN AVE AT 34TH ST NS","weekday_trips":62,"routes":["54","88"]}},{"type":"Feature","geometry":{"type":"Point","coordinates":[-79.990064,40.414356]},"properties":{"stop_id":"22649","name":"BAUSMAN ST + KNOX AVE FS","weekday_trips":47,"routes":["44","54"]}},{"type":"Feature","geometry":{"type":"Point","coordinates":[-80.097575,40.475432]},"properties":{"stop_id":"22651","name":"PINE HOLLOW RD AT KENMAWR PLAZA DRVWY","weekday_trips":18,"routes":["20"]}},{"type":"Feature","geometry":{"type":"Point","coordinates":[-80.070992,40.438656]},"properties":{"stop_id":"22652","name":"STEUBEN ST AT RICHMOND ST","weekday_trips":21,"routes":["29"]}},{"type":"Feature","geometry":{"type":"Point","coordinates":[-80.002327,40.416649]},"properties":{"stop_id":"22655","name":"CHALFONT ST OPP HABERMAN AVE","weekday_trips":0,"routes":[]}},{"type":"Feature","geometry":{"type":"Point","coordinates":[-79.887711,40.422936]},"properties":{"stop_id":"22656","name":"CHURCH ST AT BRADDOCK AVE NS","weekday_trips":34,"routes":["59","71","P71"]}},{"type":"Feature","geometry":{"type":"Point","coordinates":[-79.951856,40.424879]},"properties":{"stop_id":"22659","name":"GREENFIELD AVE AT IRVINE ST","weekday_trips":57,"routes":["58","65","93"]}},{"type":"Feature","geometry":{"type":"Point","coordinates":[-79.96445,40.364211]},"properties":{"stop_id":"22662","name":"MAPLE DR AT HOLLYWOOD DR","weekday_trips":18,"routes":["Y49"]}},{"type":"Feature","geometry":{"type":"Point","coordinates":[-79.964652,40.342654]},"properties":{"stop_id":"22668","name":"LEBANON CHURCH RD + CLOVERLEAF TOWERS","weekday_trips":17,"routes":["Y47"]}},{"type":"Feature","geometry":{"type":"Point","coordinates":[-79.938573,40.426722]},"properties":{"stop_id":"22680","name":"RONALD ST AT BEECHWOOD BLVD","weekday_trips":83,"routes":["52L","53L","58","65","93"]}},{"type":"Feature","geometry":{"type":"Point","coordinates":[-79.937307,40.432839]},"properties":{"stop_id":"22682","name":"GREENFIELD RD AT OVERLOOK DR","weekday_trips":38,"routes":["65","93"]}},{"type":"Feature","geometry":{"type":"Point","coordinates":[-80.080237,40.492623]},"properties":{"stop_id":"22683","name":"NEVILLE RD AT #200","weekday_trips":30,"routes":["21"]}},{"type":"Feature","geometry":{"type":"Point","coordinates":[-80.100932,40.476178]},"properties":{"stop_id":"22684","name":"PINE HOLLOW RD AT LAB CORP SQUARE","weekday_trips":36,"routes":["20"]}},{"type":"Feature","geometry":{"type":"Point","coordinates":[-80.103662,40.47904]},"properties":{"stop_id":"22685","name":"PINE HOLLOW RD AT #1806","weekday_trips":36,"routes":["20"]}},{"type":"Feature","geometry":{"type":"Point","coordinates":[-80.070473,40.464887]},"properties":{"stop_id":"22686","name":"CHARTIERS AVE AT CRAWFORD ST","weekday_trips":18,"routes":["20"]}},{"type":"Feature","geometry":{"type":"Point","coordinates":[-79.925745,40.34595]},"properties":{"stop_id":"22691","name":"CAMP HOLLOW RD AT LIVINGSTON RD FS","weekday_trips":35,"routes":["55"]}},{"type":"Feature","geometry":{"type":"Point","coordinates":[-79.923466,40.344658]},"properties":{"stop_id":"22692","name":"CAMP HOLLOW RD AT SKYPORT DR","weekday_trips":35,"routes":["55"]}},{"type":"Feature","geometry":{"type":"Point","coordinates":[-79.910397,40.342166]},"properties":{"stop_id":"22695","name":"A DR AT B DR","weekday_trips":35,"routes":["55"]}},{"type":"Feature","geometry":{"type":"Point","coordinates":[-79.911457,40.342164]},"properties":{"stop_id":"22696","name":"B DR AT MANAGEMENT OFFICE","weekday_trips":35,"routes":["55"]}},{"type":"Feature","geometry":{"type":"Point","coordinates":[-79.912245,40.342929]},"properties":{"stop_id":"22697","name":"B DR AT #532 (SHED)","weekday_trips":35,"routes":["55"]}},{"type":"Feature","geometry":{"type":"Point","coordinates":[-79.912108,40.34419]},"properties":{"stop_id":"22698","name":"B DR AT D DR","weekday_trips":35,"routes":["55"]}},{"type":"Feature","geometry":{"type":"Point","coordinates":[-79.912661,40.342207]},"properties":{"stop_id":"22699","name":"BLACKBERRY DR AT #847","weekday_trips":35,"routes":["55"]}},{"type":"Feature","geometry":{"type":"Point","coordinates":[-80.005855,40.48222]},"properties":{"stop_id":"227","name":"EAST ST + MT PLEASANT RD","weekday_trips":25,"routes":["12"]}},{"type":"Feature","geometry":{"type":"Point","coordinates":[-79.924212,40.345005]},"properties":{"stop_id":"22703","name":"CAMP HOLLOW RD OPP MILLPORT DR","weekday_trips":35,"routes":["55"]}},{"type":"Feature","geometry":{"type":"Point","coordinates":[-79.866971,40.404218]},"properties":{"stop_id":"22705","name":"6TH ST AT MARGARETTA ST","weekday_trips":103,"routes":["61A","61B"]}},{"type":"Feature","geometry":{"type":"Point","coordinates":[-79.863596,40.405622]},"properties":{"stop_id":"22706","name":"6TH ST AT BALDRIDGE ST","weekday_trips":103,"routes":["61A","61B"]}},{"type":"Feature","geometry":{"type":"Point","coordinates":[-79.858075,40.408156]},"properties":{"stop_id":"22707","name":"6TH ST AT MAIN ST","weekday_trips":103,"routes":["61A","61B"]}},{"type":"Feature","geometry":{"type":"Point","coordinates":[-80.062004,40.465724]},"properties":{"stop_id":"22718","name":"CHARTIERS AVE AT ISLAND AVE FS (STEPS)","weekday_trips":49,"routes":["20","24"]}},{"type":"Feature","geometry":{"type":"Point","coordinates":[-80.103,40.512997]},"properties":{"stop_id":"22720","name":"CENTER AVE AT WALLISTON AVE","weekday_trips":7,"routes":["19L"]}},{"type":"Feature","geometry":{"type":"Point","coordinates":[-80.101208,40.51305]},"properties":{"stop_id":"22721","name":"CENTER AVE AT ALLEGHENY AVE","weekday_trips":7,"routes":["19L"]}},{"type":"Feature","geometry":{"type":"Point","coordinates":[-80.099979,40.513075]},"properties":{"stop_id":"22722","name":"CENTER AVE AT PENNSYLVANIA AVE","weekday_trips":7,"routes":["19L"]}},{"type":"Feature","geometry":{"type":"Point","coordinates":[-80.097347,40.513167]},"properties":{"stop_id":"22723","name":"CENTER AVE AT NORTH AVE","weekday_trips":7,"routes":["19L"]}},{"type":"Feature","geometry":{"type":"Point","coordinates":[-80.095467,40.513292]},"properties":{"stop_id":"22724","name":"CENTER AVE AT LOCUST AVE","weekday_trips":7,"routes":["19L"]}},{"type":"Feature","geometry":{"type":"Point","coordinates":[-80.093763,40.513199]},"properties":{"stop_id":"22725","name":"CENTER AVE AT MILLER AVE","weekday_trips":7,"routes":["19L"]}},{"type":"Feature","geometry":{"type":"Point","coordinates":[-80.090891,40.511555]},"properties":{"stop_id":"22726","name":"CENTER AVE OPP VISTA ST","weekday_trips":7,"routes":["19L"]}},{"type":"Feature","geometry":{"type":"Point","coordinates":[-80.08714,40.510324]},"properties":{"stop_id":"22727","name":"CHURCH AVE AT ROSTREVOR PL","weekday_trips":7,"routes":["19L"]}},{"type":"Feature","geometry":{"type":"Point","coordinates":[-80.085108,40.50914]},"properties":{"stop_id":"22728","name":"CHURCH AVE AT DALZELL AVE","weekday_trips":7,"routes":["19L"]}},{"type":"Feature","geometry":{"type":"Point","coordinates":[-80.084899,40.509141]},"properties":{"stop_id":"22729","name":"CHURCH AVE AT DALZELL AVE","weekday_trips":6,"routes":["19L"]}},{"type":"Feature","geometry":{"type":"Point","coordinates":[-80.086899,40.51025]},"properties":{"stop_id":"22730","name":"CHURCH AVE AT PERRYSVILLE AVE","weekday_trips":6,"routes":["19L"]}},{"type":"Feature","geometry":{"type":"Point","coordinates":[-80.088251,40.511051]},"properties":{"stop_id":"22731","name":"CENTER AVE AT PLUMER AVE","weekday_trips":6,"routes":["19L"]}},{"type":"Feature","geometry":{"type":"Point","coordinates":[-80.090626,40.511579]},"properties":{"stop_id":"22732","name":"CENTER AVE AT VISTA ST","weekday_trips":6,"routes":["19L"]}},{"type":"Feature","geometry":{"type":"Point","coordinates":[-80.09357,40.513187]},"properties":{"stop_id":"22733","name":"CENTER AVE AT MILLER AVE","weekday_trips":6,"routes":["19L"]}},{"type":"Feature","geometry":{"type":"Point","coordinates":[-80.095212,40.513364]},"properties":{"stop_id":"22734","name":"CENTER AVE AT LOCUST AVE","weekday_trips":6,"routes":["19L"]}},{"type":"Feature","geometry":{"type":"Point","coordinates":[-80.097179,40.513246]},"properties":{"stop_id":"22735","name":"CENTER AVE AT NORTH AVE","weekday_trips":6,"routes":["19L"]}},{"type":"Feature","geometry":{"type":"Point","coordinates":[-80.012925,40.392247]},"properties":{"stop_id":"22736","name":"BROOKLINE BLVD AT BELLAIRE PL","weekday_trips":38,"routes":["39"]}},{"type":"Feature","geometry":{"type":"Point","coordinates":[-80.015151,40.392015]},"properties":{"stop_id":"22737","name":"BROOKLINE BLVD AT EDGEBROOK AVE","weekday_trips":38,"routes":["39"]}},{"type":"Feature","geometry":{"type":"Point","coordinates":[-80.096014,40.379495]},"properties":{"stop_id":"22738","name":"WASHINGTON PIKE AT #1370","weekday_trips":48,"routes":["31","38","G31"]}},{"type":"Feature","geometry":{"type":"Point","coordinates":[-79.965827,40.437071]},"properties":{"stop_id":"22747","name":"FIFTH AVE AT ROBINSON ST FS","weekday_trips":647,"routes":["54","61A","61B","61C","61D","71A","71B","71C","71D","75","81","83"]}},{"type":"Feature","geometry":{"type":"Point","coordinates":[-79.868368,40.382387]},"properties":{"stop_id":"22748","name":"HOFFMAN BLVD AT KENNYWOOD MALL DR","weekday_trips":52,"routes":["59"]}},{"type":"Feature","geometry":{"type":"Point","coordinates":[-79.972353,40.485566]},"properties":{"stop_id":"22752","name":"EVERGREEN AVE AT KLOPHER ST","weekday_trips":18,"routes":["2"]}},{"type":"Feature","geometry":{"type":"Point","coordinates":[-79.85409,40.411879]},"properties":{"stop_id":"22756","name":"BRINTON RD + BRINTON MANOR DR W","weekday_trips":21,"routes":["P68"]}},{"type":"Feature","geometry":{"type":"Point","coordinates":[-80.007088,40.388402]},"properties":{"stop_id":"22759","name":"SHIRE PL + BREINING ST","weekday_trips":38,"routes":["39"]}},{"type":"Feature","geometry":{"type":"Point","coordinates":[-79.86085,40.461739]},"properties":{"stop_id":"22760","name":"FRANKSTOWN RD + HOCHBERG RD","weekday_trips":25,"routes":["77"]}},{"type":"Feature","geometry":{"type":"Point","coordinates":[-79.860954,40.461629]},"properties":{"stop_id":"22761","name":"FRANKSTOWN + HOCHBERG RD FS","weekday_trips":23,"routes":["77"]}},{"type":"Feature","geometry":{"type":"Point","coordinates":[-79.865464,40.380168]},"properties":{"stop_id":"22762","name":"COMMONWEALTH AVE + HILLTOP/PARKVIEW MANOR APTS","weekday_trips":26,"routes":["59"]}},{"type":"Feature","geometry":{"type":"Point","coordinates":[-79.862083,40.380107]},"properties":{"stop_id":"22763","name":"COMMONWEALTH AVE + CLONMEL ST","weekday_trips":26,"routes":["59"]}},{"type":"Feature","geometry":{"type":"Point","coordinates":[-79.859785,40.381496]},"properties":{"stop_id":"22764","name":"COMMONWEALTH AVE + OVERLAND AVE","weekday_trips":26,"routes":["59"]}},{"type":"Feature","geometry":{"type":"Point","coordinates":[-79.859677,40.381636]},"properties":{"stop_id":"22765","name":"COMMONWEALTH AVE AT OVERLAND AVE","weekday_trips":26,"routes":["59"]}},{"type":"Feature","geometry":{"type":"Point","coordinates":[-79.861971,40.380236]},"properties":{"stop_id":"22766","name":"COMMONWEALTH AVE + CLONMEL ST","weekday_trips":26,"routes":["59"]}},{"type":"Feature","geometry":{"type":"Point","coordinates":[-79.942669,40.343284]},"properties":{"stop_id":"22767","name":"CENTURY DR + GABRIEL BROTHERS","weekday_trips":157,"routes":["51","53L","55","59","Y47","Y49"]}},{"type":"Feature","geometry":{"type":"Point","coordinates":[-79.864574,40.380294]},"properties":{"stop_id":"22768","name":"COMMONWEALTH AVE + MILLER AVE","weekday_trips":26,"routes":["59"]}},{"type":"Feature","geometry":{"type":"Point","coordinates":[-79.852696,40.370436]},"properties":{"stop_id":"22772","name":"AURILES ST + KENNEDY AVE","weekday_trips":8,"routes":["52L"]}},{"type":"Feature","geometry":{"type":"Point","coordinates":[-79.85268,40.370295]},"properties":{"stop_id":"22773","name":"KENNEDY AVE + AURILES ST","weekday_trips":33,"routes":["52L","59"]}},{"type":"Feature","geometry":{"type":"Point","coordinates":[-79.852579,40.371736]},"properties":{"stop_id":"22774","name":"NORMAN ST + GRANT AVE","weekday_trips":7,"routes":["52L"]}},{"type":"Feature","geometry":{"type":"Point","coordinates":[-79.870469,40.36259]},"properties":{"stop_id":"22775","name":"CONLIN ST + WORTON BLVD","weekday_trips":8,"routes":["52L"]}},{"type":"Feature","geometry":{"type":"Point","coordinates":[-80.082752,40.371851]},"properties":{"stop_id":"22779","name":"KANE BLVD + BOWER HILL RD","weekday_trips":22,"routes":["41"]}},{"type":"Feature","geometry":{"type":"Point","coordinates":[-79.9427,40.445113]},"properties":{"stop_id":"22783","name":"MOREWOOD AVE AT FORBES AVE FS","weekday_trips":38,"routes":["28X"]}},{"type":"Feature","geometry":{"type":"Point","coordinates":[-80.000688,40.495731]},"properties":{"stop_id":"22785","name":"MT TROY RD + VILLA DR","weekday_trips":22,"routes":["4"]}},{"type":"Feature","geometry":{"type":"Point","coordinates":[-80.043549,40.387284]},"properties":{"stop_id":"22797","name":"WASHINGTON RD AT BOWER HILL RD FS","weekday_trips":22,"routes":["41"]}},{"type":"Feature","geometry":{"type":"Point","coordinates":[-79.94682,40.410911]},"properties":{"stop_id":"22798","name":"HAZELWOOD AVE AT LYTLE ST","weekday_trips":23,"routes":["57"]}},{"type":"Feature","geometry":{"type":"Point","coordinates":[-79.950076,40.414071]},"properties":{"stop_id":"22799","name":"BLAIR ST AT STREET F","weekday_trips":23,"routes":["57"]}},{"type":"Feature","geometry":{"type":"Point","coordinates":[-80.009377,40.485056]},"properties":{"stop_id":"228","name":"EAST ST + VENTURE ST","weekday_trips":56,"routes":["12","15"]}},{"type":"Feature","geometry":{"type":"Point","coordinates":[-79.950597,40.417642]},"properties":{"stop_id":"22800","name":"BLAIR ST AT BEEHIVE ST","weekday_trips":23,"routes":["57"]}},{"type":"Feature","geometry":{"type":"Point","coordinates":[-79.95569,40.426348]},"properties":{"stop_id":"22801","name":"BLAIR ST OPP STREET A","weekday_trips":23,"routes":["57"]}},{"type":"Feature","geometry":{"type":"Point","coordinates":[-79.955693,40.427133]},"properties":{"stop_id":"22802","name":"BLAIR ST AT SECOND AVE FS","weekday_trips":23,"routes":["57"]}},{"type":"Feature","geometry":{"type":"Point","coordinates":[-79.950661,40.417697]},"properties":{"stop_id":"22803","name":"BLAIR ST OPP BEEHIVE ST","weekday_trips":23,"routes":["57"]}},{"type":"Feature","geometry":{"type":"Point","coordinates":[-79.950008,40.413823]},"properties":{"stop_id":"22804","name":"BLAIR ST AT STREET F","weekday_trips":23,"routes":["57"]}},{"type":"Feature","geometry":{"type":"Point","coordinates":[-79.946773,40.4108]},"properties":{"stop_id":"22805","name":"HAZELWOOD AVE AT LYTLE ST","weekday_trips":23,"routes":["57"]}},{"type":"Feature","geometry":{"type":"Point","coordinates":[-79.947505,40.483407]},"properties":{"stop_id":"22806","name":"LAWRENCEVILLE SHOPPING CENTER (BOARDING STOP-SHELTER)","weekday_trips":69,"routes":["87","93"]}},{"type":"Feature","geometry":{"type":"Point","coordinates":[-79.963648,40.362715]},"properties":{"stop_id":"22807","name":"PROSPECT RD AT HOLLYROOD RD FS","weekday_trips":18,"routes":["Y49"]}},{"type":"Feature","geometry":{"type":"Point","coordinates":[-79.99097,40.442638]},"properties":{"stop_id":"22809","name":"BEDFORD AVE AT LOGAN ST","weekday_trips":136,"routes":["81","82","83","O1","O12","O5"]}},{"type":"Feature","geometry":{"type":"Point","coordinates":[-79.989136,40.441873]},"properties":{"stop_id":"22810","name":"WYLIE AVE AT FULLERTON ST","weekday_trips":116,"routes":["81","82","83"]}},{"type":"Feature","geometry":{"type":"Point","coordinates":[-79.987326,40.442614]},"properties":{"stop_id":"22811","name":"WYLIE AVE AT CRAWFORD ST","weekday_trips":116,"routes":["81","82","83"]}},{"type":"Feature","geometry":{"type":"Point","coordinates":[-79.985701,40.441113]},"properties":{"stop_id":"22812","name":"CENTRE AVE AT CRAWFORD ST FS","weekday_trips":86,"routes":["82","83"]}},{"type":"Feature","geometry":{"type":"Point","coordinates":[-79.988885,40.442042]},"properties":{"stop_id":"22813","name":"WYLIE AVE AT FULLERTON ST","weekday_trips":30,"routes":["81"]}},{"type":"Feature","geometry":{"type":"Point","coordinates":[-79.987348,40.442774]},"properties":{"stop_id":"22814","name":"CRAWFORD ST AT WYLIE AVE","weekday_trips":30,"routes":["81"]}},{"type":"Feature","geometry":{"type":"Point","coordinates":[-80.029608,40.507824]},"properties":{"stop_id":"22815","name":"PERRY HWY AT OLD PERRYSVILLE RD FS","weekday_trips":53,"routes":["8"]}},{"type":"Feature","geometry":{"type":"Point","coordinates":[-79.9129,40.460461]},"properties":{"stop_id":"22816","name":"LINCOLN AVE AT FRANKSTOWN AVE FS","weekday_trips":72,"routes":["82","P17"]}},{"type":"Feature","geometry":{"type":"Point","coordinates":[-79.889734,40.460883]},"properties":{"stop_id":"22820","name":"UPLAND ST AT #7506","weekday_trips":25,"routes":["74"]}},{"type":"Feature","geometry":{"type":"Point","coordinates":[-80.075368,40.45808]},"properties":{"stop_id":"22821","name":"CHARTIERS AVE AT SUTER ST","weekday_trips":30,"routes":["27"]}},{"type":"Feature","geometry":{"type":"Point","coordinates":[-80.008386,40.42551]},"properties":{"stop_id":"22822","name":"BOGGS AVE AT #304","weekday_trips":18,"routes":["43"]}},{"type":"Feature","geometry":{"type":"Point","coordinates":[-80.030131,40.459636]},"properties":{"stop_id":"22823","name":"CHATEAU ST AT HOFFMAN ST FS","weekday_trips":11,"routes":["18"]}},{"type":"Feature","geometry":{"type":"Point","coordinates":[-79.92407,40.379133]},"properties":{"stop_id":"22824","name":"MIFFLIN RD AT MOONEY RD FS","weekday_trips":27,"routes":["56"]}},{"type":"Feature","geometry":{"type":"Point","coordinates":[-80.041612,40.425676]},"properties":{"stop_id":"22843","name":"GREENTREE RD AT MCKNINNEY LN","weekday_trips":15,"routes":["38"]}},{"type":"Feature","geometry":{"type":"Point","coordinates":[-80.040118,40.429004]},"properties":{"stop_id":"22844","name":"GREENTREE RD AT RIDGEMONT DR","weekday_trips":15,"routes":["38"]}},{"type":"Feature","geometry":{"type":"Point","coordinates":[-80.038879,40.431622]},"properties":{"stop_id":"22845","name":"GREENTREE RD AT JUNIUS ST","weekday_trips":15,"routes":["38"]}},{"type":"Feature","geometry":{"type":"Point","coordinates":[-80.033835,40.436132]},"properties":{"stop_id":"22846","name":"GREENTREE RD AT WABASH ST","weekday_trips":15,"routes":["38"]}},{"type":"Feature","geometry":{"type":"Point","coordinates":[-80.034287,40.440149]},"properties":{"stop_id":"22847","name":"WABASH ST AT NEPTUNE ST","weekday_trips":15,"routes":["38"]}},{"type":"Feature","geometry":{"type":"Point","coordinates":[-80.032803,40.441531]},"properties":{"stop_id":"22848","name":"SANCTUS ST AT MAIN ST","weekday_trips":15,"routes":["38"]}},{"type":"Feature","geometry":{"type":"Point","coordinates":[-80.03447,40.440261]},"properties":{"stop_id":"22849","name":"WABASH ST AT NEPTUNE ST","weekday_trips":15,"routes":["38"]}},{"type":"Feature","geometry":{"type":"Point","coordinates":[-80.03403,40.436183]},"properties":{"stop_id":"22850","name":"WABASH ST AT MCCARTNEY ST","weekday_trips":15,"routes":["38"]}},{"type":"Feature","geometry":{"type":"Point","coordinates":[-80.038861,40.431931]},"properties":{"stop_id":"22851","name":"GREENTREE RD AT JUNIUS ST","weekday_trips":15,"routes":["38"]}},{"type":"Feature","geometry":{"type":"Point","coordinates":[-80.040127,40.429122]},"properties":{"stop_id":"22852","name":"GREENTREE RD AT RIDGEMONT DR","weekday_trips":15,"routes":["38"]}},{"type":"Feature","geometry":{"type":"Point","coordinates":[-80.041503,40.425933]},"properties":{"stop_id":"22853","name":"GREENTREE RD OPP MCKINNEY LN","weekday_trips":15,"routes":["38"]}},{"type":"Feature","geometry":{"type":"Point","coordinates":[-80.052717,40.467572]},"properties":{"stop_id":"22865","name":"RIVER AVE AT LANE STEEL","weekday_trips":26,"routes":["22"]}},{"type":"Feature","geometry":{"type":"Point","coordinates":[-80.058109,40.475092]},"properties":{"stop_id":"22866","name":"HELEN ST AT AGNES ST","weekday_trips":26,"routes":["22"]}},{"type":"Feature","geometry":{"type":"Point","coordinates":[-79.920499,40.459718]},"properties":{"stop_id":"22868","name":"PENN AVE OPP SHADY AVE","weekday_trips":256,"routes":["71C","74","77","82","86","88","89"]}},{"type":"Feature","geometry":{"type":"Point","coordinates":[-79.927682,40.462501]},"properties":{"stop_id":"22869","name":"PENN AVE AT EUCLID AVE","weekday_trips":122,"routes":["71C","77","88"]}},{"type":"Feature","geometry":{"type":"Point","coordinates":[-79.998609,40.440232]},"properties":{"stop_id":"22870","name":"SMITHFIELD ST AT FIFTH AVE","weekday_trips":368,"routes":["39","40","41","43","44","48","51","P12","P16","P67","Y46","Y47","Y49"]}},{"type":"Feature","geometry":{"type":"Point","coordinates":[-80.098371,40.468556]},"properties":{"stop_id":"22892","name":"MCKEES ROCKS RD AT CONNIE PARK DR","weekday_trips":75,"routes":["20","22","24"]}},{"type":"Feature","geometry":{"type":"Point","coordinates":[-80.0056,40.464847]},"properties":{"stop_id":"22893","name":"BIGGS AVE AT GLENROSE ST","weekday_trips":25,"routes":["11"]}},{"type":"Feature","geometry":{"type":"Point","coordinates":[-80.002918,40.443884]},"properties":{"stop_id":"22894","name":"FT DUQUESNE BLVD AT 6TH ST","weekday_trips":180,"routes":["13","16","17","8"]}},{"type":"Feature","geometry":{"type":"Point","coordinates":[-79.939065,40.347524]},"properties":{"stop_id":"22897","name":"HWY RT 885 AT LEBANON CHURCH RD (SHEETZ)","weekday_trips":26,"routes":["59"]}},{"type":"Feature","geometry":{"type":"Point","coordinates":[-79.94435,40.411343]},"properties":{"stop_id":"22898","name":"HAZELWOOD AVE AT OSPREY WAY","weekday_trips":30,"routes":["93"]}},{"type":"Feature","geometry":{"type":"Point","coordinates":[-79.861809,40.352097]},"properties":{"stop_id":"22899","name":"MCKEESPORT TRANSPORTATION CENTER AT BAY #4","weekday_trips":61,"routes":["61C"]}},{"type":"Feature","geometry":{"type":"Point","coordinates":[-80.010081,40.488397]},"properties":{"stop_id":"229","name":"EVERGREEN RD + BAYTREE ST","weekday_trips":25,"routes":["12"]}},{"type":"Feature","geometry":{"type":"Point","coordinates":[-80.04348,40.489796]},"properties":{"stop_id":"22903","name":"BRIGHTION RD AT BASCOM","weekday_trips":33,"routes":["17"]}},{"type":"Feature","geometry":{"type":"Point","coordinates":[-79.953688,40.34335]},"properties":{"stop_id":"22919","name":"MOUNTAINVIEW DR AT HERITAGE CREDIT UNION DR","weekday_trips":43,"routes":["55","59"]}},{"type":"Feature","geometry":{"type":"Point","coordinates":[-80.114745,40.501031]},"properties":{"stop_id":"2292","name":"COAROPOLIS RD + HERBST RD","weekday_trips":36,"routes":["20"]}},{"type":"Feature","geometry":{"type":"Point","coordinates":[-80.105368,40.358325]},"properties":{"stop_id":"22920","name":"BOWER HILL RD AT McLAUGHLIN RUN RD","weekday_trips":22,"routes":["41"]}},{"type":"Feature","geometry":{"type":"Point","coordinates":[-79.926549,40.471654]},"properties":{"stop_id":"22975","name":"STANTON AVE AT NEGLEY AVE FS","weekday_trips":72,"routes":["75","87"]}},{"type":"Feature","geometry":{"type":"Point","coordinates":[-79.929017,40.462814]},"properties":{"stop_id":"22976","name":"PENN AVE AT S ST. CLAIR ST","weekday_trips":120,"routes":["71C","77","88"]}},{"type":"Feature","geometry":{"type":"Point","coordinates":[-79.876253,40.412696]},"properties":{"stop_id":"22977","name":"BRADDOCK AVE + HERITAGE HIGHLANDS","weekday_trips":24,"routes":["71","P7","P71"]}},{"type":"Feature","geometry":{"type":"Point","coordinates":[-79.876491,40.412931]},"properties":{"stop_id":"22978","name":"BRADDOCK AVE + HERITAGE HIGHLANDS","weekday_trips":25,"routes":["71","P7","P71"]}},{"type":"Feature","geometry":{"type":"Point","coordinates":[-80.00785,40.420021]},"properties":{"stop_id":"22983","name":"WARRINGTON AVE + BOGGSTON AVE","weekday_trips":38,"routes":["43","44"]}},{"type":"Feature","geometry":{"type":"Point","coordinates":[-80.000412,40.476158]},"properties":{"stop_id":"22987","name":"PENFORT ST + #346","weekday_trips":31,"routes":["6"]}},{"type":"Feature","geometry":{"type":"Point","coordinates":[-80.066361,40.465476]},"properties":{"stop_id":"22988","name":"CHARTIERS AVE + ST JOHN ST","weekday_trips":18,"routes":["20"]}},{"type":"Feature","geometry":{"type":"Point","coordinates":[-80.07809,40.474072]},"properties":{"stop_id":"22990","name":"BROADWAY AVE + 11TH ST","weekday_trips":31,"routes":["24"]}},{"type":"Feature","geometry":{"type":"Point","coordinates":[-79.956475,40.435193]},"properties":{"stop_id":"22999","name":"BLVD OF THE ALLIES + BATES","weekday_trips":58,"routes":["58","65","93"]}},{"type":"Feature","geometry":{"type":"Point","coordinates":[-79.956553,40.435133]},"properties":{"stop_id":"23000","name":"BLVD OF THE ALLIES + BATES","weekday_trips":57,"routes":["58","65","93"]}},{"type":"Feature","geometry":{"type":"Point","coordinates":[-79.969659,40.480215]},"properties":{"stop_id":"23012","name":"EVERGREEN AVE AT SHERIDAN ST","weekday_trips":18,"routes":["2"]}},{"type":"Feature","geometry":{"type":"Point","coordinates":[-79.97218,40.485521]},"properties":{"stop_id":"23013","name":"EVERGREEN AVE OPP KLOPFER ST","weekday_trips":18,"routes":["2"]}},{"type":"Feature","geometry":{"type":"Point","coordinates":[-79.968453,40.479599]},"properties":{"stop_id":"23014","name":"EVERGREEN AVE OPP WEHPLE ST","weekday_trips":18,"routes":["2"]}},{"type":"Feature","geometry":{"type":"Point","coordinates":[-79.951718,40.420632]},"properties":{"stop_id":"23027","name":"BLAIR ST + #4165","weekday_trips":23,"routes":["57"]}},{"type":"Feature","geometry":{"type":"Point","coordinates":[-79.951755,40.420621]},"properties":{"stop_id":"23028","name":"BLAIR ST + #4165","weekday_trips":23,"routes":["57"]}},{"type":"Feature","geometry":{"type":"Point","coordinates":[-79.924325,40.462402]},"properties":{"stop_id":"23034","name":"HIGHLAND AVE + BROAD ST","weekday_trips":104,"routes":["71B","74","89"]}},{"type":"Feature","geometry":{"type":"Point","coordinates":[-80.011202,40.451369]},"properties":{"stop_id":"23045","name":"RIDGE AVE + W OHIO ST","weekday_trips":54,"routes":["54"]}},{"type":"Feature","geometry":{"type":"Point","coordinates":[-80.010976,40.451602]},"properties":{"stop_id":"23046","name":"RIDGE AVE + W OHIO ST","weekday_trips":55,"routes":["54"]}},{"type":"Feature","geometry":{"type":"Point","coordinates":[-79.885606,40.444896]},"properties":{"stop_id":"23056","name":"WALLACE AVE + HAY ST","weekday_trips":96,"routes":["71D","86"]}},{"type":"Feature","geometry":{"type":"Point","coordinates":[-80.010797,40.392201]},"properties":{"stop_id":"23065","name":"BREINING ST + BROOKLINE BLVD","weekday_trips":38,"routes":["39"]}},{"type":"Feature","geometry":{"type":"Point","coordinates":[-79.893996,40.350095]},"properties":{"stop_id":"23067","name":"RICHLAND AVE AT 5TH STREET","weekday_trips":53,"routes":["56","59"]}},{"type":"Feature","geometry":{"type":"Point","coordinates":[-79.894272,40.350074]},"properties":{"stop_id":"23068","name":"RICHLAND AVE + 5TH STREET","weekday_trips":53,"routes":["56","59"]}},{"type":"Feature","geometry":{"type":"Point","coordinates":[-79.988019,40.443915]},"properties":{"stop_id":"23069","name":"CRAWFORD ST + BELFORD AVE","weekday_trips":30,"routes":["81"]}},{"type":"Feature","geometry":{"type":"Point","coordinates":[-80.017168,40.439873]},"properties":{"stop_id":"2309","name":"W CARSON ST + DUQUESNE INCLINE","weekday_trips":326,"routes":["20","21","22","24","26","27","28X","29","31","38","G2","G3","G31"]}},{"type":"Feature","geometry":{"type":"Point","coordinates":[-80.000245,40.442398]},"properties":{"stop_id":"23092","name":"LIBERTY AVE + 7TH ST","weekday_trips":119,"routes":["29","31","65","67","69","G3","G31"]}},{"type":"Feature","geometry":{"type":"Point","coordinates":[-79.999312,40.439496]},"properties":{"stop_id":"23095","name":"FORBES AVE + SMITHFIELD ST","weekday_trips":26,"routes":["51L","Y1","Y45"]}},{"type":"Feature","geometry":{"type":"Point","coordinates":[-80.002868,40.441625]},"properties":{"stop_id":"23097","name":"LIBERTY AVE + FIFTH AVE","weekday_trips":107,"routes":["19L","28X","29","31","G3","G31"]}},{"type":"Feature","geometry":{"type":"Point","coordinates":[-79.991069,40.438972]},"properties":{"stop_id":"23098","name":"WASHINGTON PL + FIFTH AVE","weekday_trips":116,"routes":["81","82","83"]}},{"type":"Feature","geometry":{"type":"Point","coordinates":[-79.993244,40.438713]},"properties":{"stop_id":"23099","name":"DIAMOND ST + BOYD ST","weekday_trips":116,"routes":["81","82","83"]}},{"type":"Feature","geometry":{"type":"Point","coordinates":[-80.021367,40.441703]},"properties":{"stop_id":"2310","name":"W CARSON ST + GATEWAY VIEW PLAZA","weekday_trips":326,"routes":["20","21","22","24","26","27","28X","29","31","38","G2","G3","G31"]}},{"type":"Feature","geometry":{"type":"Point","coordinates":[-79.997066,40.438657]},"properties":{"stop_id":"23100","name":"FORBES AVE + GRANT ST","weekday_trips":116,"routes":["81","82","83"]}},{"type":"Feature","geometry":{"type":"Point","coordinates":[-79.995315,40.439008]},"properties":{"stop_id":"23101","name":"ROSS STREET PRTX STATION","weekday_trips":337,"routes":["61A","61B","61C","71B","G2"]}},{"type":"Feature","geometry":{"type":"Point","coordinates":[-80.002297,40.441494]},"properties":{"stop_id":"23102","name":"MARKET SQUARE PRTX STATION","weekday_trips":736,"routes":["61A","61B","61C","71B","G2","P1"]}},{"type":"Feature","geometry":{"type":"Point","coordinates":[-79.99973,40.442145]},"properties":{"stop_id":"23103","name":"WOOD STREET PRTX STATION","weekday_trips":392,"routes":["61A","61B","61C","71B","G2","P1"]}},{"type":"Feature","geometry":{"type":"Point","coordinates":[-79.995495,40.440579]},"properties":{"stop_id":"23104","name":"STEEL PLAZA PRTX STATION","weekday_trips":291,"routes":["61A","61B","61C","71B","G2"]}},{"type":"Feature","geometry":{"type":"Point","coordinates":[-79.920685,40.476121]},"properties":{"stop_id":"23108","name":"BRYANT ST + ST CLAIR ST","weekday_trips":63,"routes":["71B"]}},{"type":"Feature","geometry":{"type":"Point","coordinates":[-79.923278,40.477903]},"properties":{"stop_id":"23109","name":"NEGLEY AVE + ELGIN ST","weekday_trips":126,"routes":["71A","71B"]}},{"type":"Feature","geometry":{"type":"Point","coordinates":[-79.923298,40.478081]},"properties":{"stop_id":"23110","name":"NEGLEY AVE + ELGIN ST","weekday_trips":124,"routes":["71A","71B"]}},{"type":"Feature","geometry":{"type":"Point","coordinates":[-79.997861,40.439849]},"properties":{"stop_id":"23111","name":"WILLIAM PENN PRTX STATION","weekday_trips":392,"routes":["61A","61B","61C","71B","G2","P1"]}},{"type":"Feature","geometry":{"type":"Point","coordinates":[-79.991538,40.444254]},"properties":{"stop_id":"23112","name":"EAST BUSWAY + PENN STATION B","weekday_trips":306,"routes":["1","11","12","15","19L","2","6","P10","P12","P16","P17","P67","P68","P69","P7","P71","P76","P78"]}},{"type":"Feature","geometry":{"type":"Point","coordinates":[-79.97713,40.41153]},"properties":{"stop_id":"23117","name":"FISHER ST + MOUNTAIN AVE","weekday_trips":0,"routes":[]}},{"type":"Feature","geometry":{"type":"Point","coordinates":[-79.989411,40.440596]},"properties":{"stop_id":"23118","name":"CENTRE AVE + LOGAN ST","weekday_trips":86,"routes":["82","83"]}},{"type":"Feature","geometry":{"type":"Point","coordinates":[-80.028825,40.44478]},"properties":{"stop_id":"2312","name":"W CARSON ST + WEST END BRIDGE STEPS (UNDERPASS)","weekday_trips":201,"routes":["20","21","22","24","28X","G2","G3","G31"]}},{"type":"Feature","geometry":{"type":"Point","coordinates":[-79.897691,40.48794]},"properties":{"stop_id":"23121","name":"FREEPORT RD + DELAFIELD AVE","weekday_trips":123,"routes":["1","75","91"]}},{"type":"Feature","geometry":{"type":"Point","coordinates":[-80.063159,40.363785]},"properties":{"stop_id":"23140","name":"CEDAR BLVD OPP #1281","weekday_trips":20,"routes":["36"]}},{"type":"Feature","geometry":{"type":"Point","coordinates":[-80.053845,40.464308]},"properties":{"stop_id":"2315","name":"STANHOPE ST + W CARSON FS","weekday_trips":79,"routes":["20","21","24"]}},{"type":"Feature","geometry":{"type":"Point","coordinates":[-80.056418,40.463627]},"properties":{"stop_id":"2316","name":"STANHOPE ST + CHARTIERS","weekday_trips":79,"routes":["20","21","24"]}},{"type":"Feature","geometry":{"type":"Point","coordinates":[-80.060404,40.466601]},"properties":{"stop_id":"2319","name":"ISLAND AVE + BOQUET","weekday_trips":30,"routes":["21"]}},{"type":"Feature","geometry":{"type":"Point","coordinates":[-80.011604,40.493996]},"properties":{"stop_id":"232","name":"MCKNIGHT RD + EVERGREEN RD","weekday_trips":25,"routes":["12"]}},{"type":"Feature","geometry":{"type":"Point","coordinates":[-80.060134,40.469253]},"properties":{"stop_id":"2320","name":"ISLAND AVE + JOHN FS","weekday_trips":30,"routes":["21"]}},{"type":"Feature","geometry":{"type":"Point","coordinates":[-80.060348,40.470432]},"properties":{"stop_id":"2321","name":"ISLAND AVE + BRADLEY","weekday_trips":30,"routes":["21"]}},{"type":"Feature","geometry":{"type":"Point","coordinates":[-80.061179,40.471707]},"properties":{"stop_id":"2322","name":"ISLAND AVE + CUTLER","weekday_trips":30,"routes":["21"]}},{"type":"Feature","geometry":{"type":"Point","coordinates":[-80.062277,40.473413]},"properties":{"stop_id":"2324","name":"ISLAND AVE + MCKEES ROCKS BRIDGE","weekday_trips":30,"routes":["21"]}},{"type":"Feature","geometry":{"type":"Point","coordinates":[-80.06503,40.475573]},"properties":{"stop_id":"2326","name":"ISLAND AVE + MCCOY","weekday_trips":30,"routes":["21"]}},{"type":"Feature","geometry":{"type":"Point","coordinates":[-80.066138,40.477109]},"properties":{"stop_id":"2327","name":"ISLAND AVE + TUNNEL WAY","weekday_trips":30,"routes":["21"]}},{"type":"Feature","geometry":{"type":"Point","coordinates":[-80.067613,40.479456]},"properties":{"stop_id":"2328","name":"ISLAND AVE + #1179","weekday_trips":30,"routes":["21"]}},{"type":"Feature","geometry":{"type":"Point","coordinates":[-80.069441,40.481803]},"properties":{"stop_id":"2330","name":"ISLAND AVE + #1308","weekday_trips":30,"routes":["21"]}},{"type":"Feature","geometry":{"type":"Point","coordinates":[-80.071052,40.483409]},"properties":{"stop_id":"2331","name":"ISLAND AVE + FRANKLIN INTERIORS","weekday_trips":30,"routes":["21"]}},{"type":"Feature","geometry":{"type":"Point","coordinates":[-80.073384,40.484996]},"properties":{"stop_id":"2333","name":"ISLAND AVE + FLEMING","weekday_trips":30,"routes":["21"]}},{"type":"Feature","geometry":{"type":"Point","coordinates":[-80.076279,40.486857]},"properties":{"stop_id":"2334","name":"ISLAND AVE + #1470","weekday_trips":30,"routes":["21"]}},{"type":"Feature","geometry":{"type":"Point","coordinates":[-80.079287,40.48895]},"properties":{"stop_id":"2335","name":"ISLAND AVE + GLENN","weekday_trips":30,"routes":["21"]}},{"type":"Feature","geometry":{"type":"Point","coordinates":[-80.091318,40.497722]},"properties":{"stop_id":"2337","name":"NEVILLE RD + GULF OIL ENT","weekday_trips":30,"routes":["21"]}},{"type":"Feature","geometry":{"type":"Point","coordinates":[-80.01133,40.501455]},"properties":{"stop_id":"234","name":"MCKNIGHT RD + MCKNIGHT-IVORY BLDG","weekday_trips":35,"routes":["12","O12"]}},{"type":"Feature","geometry":{"type":"Point","coordinates":[-80.109008,40.507125]},"properties":{"stop_id":"2341","name":"GRAND AVE + NEVILLE RECYCLING","weekday_trips":30,"routes":["21"]}},{"type":"Feature","geometry":{"type":"Point","coordinates":[-80.111629,40.507913]},"properties":{"stop_id":"2342","name":"GRAND AVE + TRIAD METALS","weekday_trips":30,"routes":["21"]}},{"type":"Feature","geometry":{"type":"Point","coordinates":[-80.113331,40.508188]},"properties":{"stop_id":"2343","name":"GRAND AVE + ARMY CORP ENGINEERING","weekday_trips":30,"routes":["21"]}},{"type":"Feature","geometry":{"type":"Point","coordinates":[-80.004397,40.51645]},"properties":{"stop_id":"239","name":"MCKNIGHT RD + U-HAUL","weekday_trips":35,"routes":["12","O12"]}},{"type":"Feature","geometry":{"type":"Point","coordinates":[-80.111231,40.495251]},"properties":{"stop_id":"2399","name":"HWY RT 51 + STANFORD CT","weekday_trips":36,"routes":["20"]}},{"type":"Feature","geometry":{"type":"Point","coordinates":[-79.988736,40.43485]},"properties":{"stop_id":"24","name":"BLVD OF ALLIES + DUQUESNE UNIV FOOTBRIDGE","weekday_trips":92,"routes":["28X","65","67","69"]}},{"type":"Feature","geometry":{"type":"Point","coordinates":[-80.004758,40.519167]},"properties":{"stop_id":"240","name":"MCKNIGHT RD + NORTHLAND MEDICAL CENTER","weekday_trips":35,"routes":["12","O12"]}},{"type":"Feature","geometry":{"type":"Point","coordinates":[-80.112061,40.500011]},"properties":{"stop_id":"2400","name":"HWY RT 51 + EDGETOWN APTS","weekday_trips":36,"routes":["20"]}},{"type":"Feature","geometry":{"type":"Point","coordinates":[-80.114653,40.501065]},"properties":{"stop_id":"2401","name":"COAROPOLIS RD + HERBST RD","weekday_trips":36,"routes":["20"]}},{"type":"Feature","geometry":{"type":"Point","coordinates":[-79.969566,40.460445]},"properties":{"stop_id":"2410","name":"32ND ST + SPRING WAY","weekday_trips":119,"routes":["54","88","91"]}},{"type":"Feature","geometry":{"type":"Point","coordinates":[-79.965909,40.464453]},"properties":{"stop_id":"2413","name":"BUTLER ST + 35TH","weekday_trips":57,"routes":["91"]}},{"type":"Feature","geometry":{"type":"Point","coordinates":[-79.964775,40.466091]},"properties":{"stop_id":"2415","name":"BUTLER ST + 37TH","weekday_trips":57,"routes":["91"]}},{"type":"Feature","geometry":{"type":"Point","coordinates":[-79.963858,40.467355]},"properties":{"stop_id":"2417","name":"BUTLER ST + 39TH","weekday_trips":57,"routes":["91"]}},{"type":"Feature","geometry":{"type":"Point","coordinates":[-79.948254,40.493357]},"properties":{"stop_id":"2419","name":"BUTLER ST + #188","weekday_trips":34,"routes":["1","P13"]}},{"type":"Feature","geometry":{"type":"Point","coordinates":[-79.946634,40.494272]},"properties":{"stop_id":"2420","name":"BUTLER ST + ISABELLA","weekday_trips":52,"routes":["1","2","P13"]}},{"type":"Feature","geometry":{"type":"Point","coordinates":[-79.943859,40.49767]},"properties":{"stop_id":"2423","name":"BUTLER ST + BRIDGE","weekday_trips":21,"routes":["2","P13"]}},{"type":"Feature","geometry":{"type":"Point","coordinates":[-79.949046,40.504141]},"properties":{"stop_id":"2427","name":"GRANT AVE + WILSON","weekday_trips":21,"routes":["2","P13"]}},{"type":"Feature","geometry":{"type":"Point","coordinates":[-79.949829,40.505123]},"properties":{"stop_id":"2428","name":"GRANT AVE + VILSACK","weekday_trips":21,"routes":["2","P13"]}},{"type":"Feature","geometry":{"type":"Point","coordinates":[-79.950894,40.50675]},"properties":{"stop_id":"2429","name":"GRANT AVE + MT HOPE","weekday_trips":21,"routes":["2","P13"]}},{"type":"Feature","geometry":{"type":"Point","coordinates":[-79.95202,40.508453]},"properties":{"stop_id":"2430","name":"GRANT AVE + HERMAN","weekday_trips":21,"routes":["2","P13"]}},{"type":"Feature","geometry":{"type":"Point","coordinates":[-79.956952,40.510899]},"properties":{"stop_id":"2431","name":"MT ROYAL BLVD + KENNETH","weekday_trips":21,"routes":["2","P13"]}},{"type":"Feature","geometry":{"type":"Point","coordinates":[-79.957933,40.512305]},"properties":{"stop_id":"2432","name":"MT ROYAL BLVD + PENNVIEW","weekday_trips":21,"routes":["2","P13"]}},{"type":"Feature","geometry":{"type":"Point","coordinates":[-79.959026,40.514039]},"properties":{"stop_id":"2433","name":"MT ROYAL BLVD + WILJOHN","weekday_trips":21,"routes":["2","P13"]}},{"type":"Feature","geometry":{"type":"Point","coordinates":[-79.959077,40.515795]},"properties":{"stop_id":"2435","name":"MT ROYAL BLVD + UNDERCLIFF","weekday_trips":21,"routes":["2","P13"]}},{"type":"Feature","geometry":{"type":"Point","coordinates":[-79.958952,40.517538]},"properties":{"stop_id":"2437","name":"MT ROYAL BLVD + GENESSEE","weekday_trips":21,"routes":["2","P13"]}},{"type":"Feature","geometry":{"type":"Point","coordinates":[-79.958947,40.518965]},"properties":{"stop_id":"2438","name":"MT ROYAL BLVD + BRAUN","weekday_trips":21,"routes":["2","P13"]}},{"type":"Feature","geometry":{"type":"Point","coordinates":[-79.99154,40.408901]},"properties":{"stop_id":"2513","name":"MCKINLEY AVE + BROWNSVILLE FS","weekday_trips":39,"routes":["54"]}},{"type":"Feature","geometry":{"type":"Point","coordinates":[-79.993639,40.409173]},"properties":{"stop_id":"2514","name":"MCKINLEY AVE + GROGAN","weekday_trips":31,"routes":["54"]}},{"type":"Feature","geometry":{"type":"Point","coordinates":[-79.994685,40.41007]},"properties":{"stop_id":"2515","name":"MCKINLEY AVE + ALICE","weekday_trips":31,"routes":["54"]}},{"type":"Feature","geometry":{"type":"Point","coordinates":[-79.997575,40.410337]},"properties":{"stop_id":"2517","name":"ALICE ST + CAMFIELD","weekday_trips":31,"routes":["54"]}},{"type":"Feature","geometry":{"type":"Point","coordinates":[-79.99836,40.409222]},"properties":{"stop_id":"2518","name":"CAMFIELD ST + BANDI","weekday_trips":31,"routes":["54"]}},{"type":"Feature","geometry":{"type":"Point","coordinates":[-79.998192,40.405856]},"properties":{"stop_id":"2520","name":"CAMFIELD ST + GOSSER","weekday_trips":31,"routes":["54"]}},{"type":"Feature","geometry":{"type":"Point","coordinates":[-79.998119,40.404033]},"properties":{"stop_id":"2521","name":"CAMFIELD ST + DRYCOVE","weekday_trips":31,"routes":["54"]}},{"type":"Feature","geometry":{"type":"Point","coordinates":[-79.9991,40.403967]},"properties":{"stop_id":"2522","name":"DRYCOVE ST + CONNISTON","weekday_trips":31,"routes":["54"]}},{"type":"Feature","geometry":{"type":"Point","coordinates":[-79.999232,40.40564]},"properties":{"stop_id":"2523","name":"CONNISTON AVE + GOSSER","weekday_trips":31,"routes":["54"]}},{"type":"Feature","geometry":{"type":"Point","coordinates":[-79.999328,40.407689]},"properties":{"stop_id":"2524","name":"CONNISTON AVE + CALLE","weekday_trips":31,"routes":["54"]}},{"type":"Feature","geometry":{"type":"Point","coordinates":[-79.99942,40.409307]},"properties":{"stop_id":"2525","name":"CONNISTON AVE + BANDI","weekday_trips":31,"routes":["54"]}},{"type":"Feature","geometry":{"type":"Point","coordinates":[-79.999461,40.410372]},"properties":{"stop_id":"2526","name":"CONNISTON AVE + BON AIR","weekday_trips":31,"routes":["54"]}},{"type":"Feature","geometry":{"type":"Point","coordinates":[-79.997927,40.410331]},"properties":{"stop_id":"2527","name":"BON AIR AVE + CAMFIELD","weekday_trips":31,"routes":["54"]}},{"type":"Feature","geometry":{"type":"Point","coordinates":[-79.995209,40.410138]},"properties":{"stop_id":"2529","name":"ALICE ST + GEORGIA","weekday_trips":31,"routes":["54"]}},{"type":"Feature","geometry":{"type":"Point","coordinates":[-79.993836,40.409191]},"properties":{"stop_id":"2530","name":"MCKINLEY AVE + GROGAN","weekday_trips":31,"routes":["54"]}},{"type":"Feature","geometry":{"type":"Point","coordinates":[-79.991454,40.4088]},"properties":{"stop_id":"2531","name":"MCKINLEY AVE + BROWNSVILLE","weekday_trips":47,"routes":["54"]}},{"type":"Feature","geometry":{"type":"Point","coordinates":[-79.988087,40.416511]},"properties":{"stop_id":"2536","name":"AMANDA ST + CHARLES","weekday_trips":55,"routes":["54"]}},{"type":"Feature","geometry":{"type":"Point","coordinates":[-79.986239,40.418717]},"properties":{"stop_id":"2539","name":"S 18TH ST + MT OLIVER ST FS","weekday_trips":160,"routes":["51","54"]}},{"type":"Feature","geometry":{"type":"Point","coordinates":[-79.986125,40.420634]},"properties":{"stop_id":"2541","name":"S 18TH ST + WACHTER ST","weekday_trips":160,"routes":["51","54"]}},{"type":"Feature","geometry":{"type":"Point","coordinates":[-79.984615,40.421328]},"properties":{"stop_id":"2542","name":"S 18TH ST + GABLE ST","weekday_trips":160,"routes":["51","54"]}},{"type":"Feature","geometry":{"type":"Point","coordinates":[-79.982455,40.421383]},"properties":{"stop_id":"2543","name":"S 18TH ST + ST PATRICK ST","weekday_trips":160,"routes":["51","54"]}},{"type":"Feature","geometry":{"type":"Point","coordinates":[-79.979294,40.421675]},"properties":{"stop_id":"2545","name":"S 18TH ST + CROSSMAN ST","weekday_trips":160,"routes":["51","54"]}},{"type":"Feature","geometry":{"type":"Point","coordinates":[-79.979416,40.424808]},"properties":{"stop_id":"2547","name":"S 18TH ST + JOSEPHINE ST","weekday_trips":160,"routes":["51","54"]}},{"type":"Feature","geometry":{"type":"Point","coordinates":[-79.980789,40.425959]},"properties":{"stop_id":"2548","name":"S 18TH ST + MARY ST","weekday_trips":160,"routes":["51","54"]}},{"type":"Feature","geometry":{"type":"Point","coordinates":[-79.980531,40.428466]},"properties":{"stop_id":"2551","name":"S 18TH ST + E CARSON ST","weekday_trips":160,"routes":["51","54"]}},{"type":"Feature","geometry":{"type":"Point","coordinates":[-79.977847,40.428549]},"properties":{"stop_id":"2553","name":"E CARSON ST + 20TH","weekday_trips":93,"routes":["48","54"]}},{"type":"Feature","geometry":{"type":"Point","coordinates":[-79.976455,40.428469]},"properties":{"stop_id":"2554","name":"E CARSON ST + 21ST ST","weekday_trips":151,"routes":["48","54","81","83"]}},{"type":"Feature","geometry":{"type":"Point","coordinates":[-79.974784,40.428374]},"properties":{"stop_id":"2555","name":"E CARSON ST + 22ND ST","weekday_trips":151,"routes":["48","54","81","83"]}},{"type":"Feature","geometry":{"type":"Point","coordinates":[-79.951492,40.443642]},"properties":{"stop_id":"2568","name":"FORBES AVE + BELLEFIELD NS","weekday_trips":327,"routes":["28X","61A","61B","61C","61D","67","69"]}},{"type":"Feature","geometry":{"type":"Point","coordinates":[-79.949477,40.447868]},"properties":{"stop_id":"2571","name":"CRAIG ST + PARK PLAZA","weekday_trips":210,"routes":["54","71A","71C","93"]}},{"type":"Feature","geometry":{"type":"Point","coordinates":[-79.950619,40.449697]},"properties":{"stop_id":"2572","name":"CRAIG ST + BAYARD ST","weekday_trips":210,"routes":["54","71A","71C","93"]}},{"type":"Feature","geometry":{"type":"Point","coordinates":[-79.951836,40.451709]},"properties":{"stop_id":"2573","name":"CRAIG ST + CENTRE AVE","weekday_trips":210,"routes":["54","71A","71C","93"]}},{"type":"Feature","geometry":{"type":"Point","coordinates":[-79.950978,40.452158]},"properties":{"stop_id":"2574","name":"CENTRE AVE + MELWOOD AVE","weekday_trips":238,"routes":["54","71A","71C","82"]}},{"type":"Feature","geometry":{"type":"Point","coordinates":[-79.949818,40.452505]},"properties":{"stop_id":"2575","name":"CENTRE AVE + NEVILLE ST","weekday_trips":238,"routes":["54","71A","71C","82"]}},{"type":"Feature","geometry":{"type":"Point","coordinates":[-79.947589,40.454257]},"properties":{"stop_id":"2577","name":"MILLVALE AVE + BAUM","weekday_trips":55,"routes":["54"]}},{"type":"Feature","geometry":{"type":"Point","coordinates":[-79.947573,40.455914]},"properties":{"stop_id":"2578","name":"MILLVALE AVE + MOREWOOD","weekday_trips":55,"routes":["54"]}},{"type":"Feature","geometry":{"type":"Point","coordinates":[-79.947347,40.457884]},"properties":{"stop_id":"2579","name":"MILLVALE AVE + YEW","weekday_trips":55,"routes":["54"]}},{"type":"Feature","geometry":{"type":"Point","coordinates":[-79.947116,40.458649]},"properties":{"stop_id":"2580","name":"MILLVALE AVE + CYPRESS","weekday_trips":55,"routes":["54"]}},{"type":"Feature","geometry":{"type":"Point","coordinates":[-79.96017,40.464856]},"properties":{"stop_id":"2582","name":"PENN AVE + 39TH ST","weekday_trips":98,"routes":["54","64","88"]}},{"type":"Feature","geometry":{"type":"Point","coordinates":[-79.96384,40.464241]},"properties":{"stop_id":"2585","name":"PENN AVE + 36TH","weekday_trips":62,"routes":["54","88"]}},{"type":"Feature","geometry":{"type":"Point","coordinates":[-79.966974,40.462837]},"properties":{"stop_id":"2586","name":"BUTLER ST + PENN","weekday_trips":62,"routes":["54","88"]}},{"type":"Feature","geometry":{"type":"Point","coordinates":[-79.969689,40.461002]},"properties":{"stop_id":"2587","name":"PENN AVE + 32ND","weekday_trips":120,"routes":["54","88","91"]}},{"type":"Feature","geometry":{"type":"Point","coordinates":[-79.971188,40.459962]},"properties":{"stop_id":"2588","name":"PENN AVE + 31ST ST","weekday_trips":120,"routes":["54","88","91"]}},{"type":"Feature","geometry":{"type":"Point","coordinates":[-79.972701,40.458924]},"properties":{"stop_id":"2589","name":"PENN AVE + 30TH ST","weekday_trips":120,"routes":["54","88","91"]}},{"type":"Feature","geometry":{"type":"Point","coordinates":[-79.975562,40.456953]},"properties":{"stop_id":"2591","name":"PENN AVE + 28TH","weekday_trips":120,"routes":["54","88","91"]}},{"type":"Feature","geometry":{"type":"Point","coordinates":[-79.978073,40.454586]},"properties":{"stop_id":"2593","name":"26TH ST + PENN AVE FS (SPRING WAY)","weekday_trips":120,"routes":["54","88","91"]}},{"type":"Feature","geometry":{"type":"Point","coordinates":[-79.9928,40.453352]},"properties":{"stop_id":"2595","name":"CHESTNUT ST + PROGRESS FS","weekday_trips":55,"routes":["54"]}},{"type":"Feature","geometry":{"type":"Point","coordinates":[-80.002098,40.45478]},"properties":{"stop_id":"2596","name":"CEDAR AVE + SUISMON ST","weekday_trips":221,"routes":["11","12","15","17","54","8"]}},{"type":"Feature","geometry":{"type":"Point","coordinates":[-79.962845,40.437225]},"properties":{"stop_id":"26","name":"FORBES AVE + CRAFT AVE FS","weekday_trips":812,"routes":["28X","54","61A","61B","61C","61D","67","69","71A","71B","71C","71D","75","81","83","93","P3"]}},{"type":"Feature","geometry":{"type":"Point","coordinates":[-80.009118,40.453091]},"properties":{"stop_id":"2600","name":"ARCH ST + ALLEGHENY MIDDLE SCHOOL","weekday_trips":55,"routes":["54"]}},{"type":"Feature","geometry":{"type":"Point","coordinates":[-80.008837,40.452173]},"properties":{"stop_id":"2601","name":"ARCH ST + RIDGE","weekday_trips":55,"routes":["54"]}},{"type":"Feature","geometry":{"type":"Point","coordinates":[-79.997498,40.414211]},"properties":{"stop_id":"2603","name":"BERND ST + BAUSMAN","weekday_trips":27,"routes":["54"]}},{"type":"Feature","geometry":{"type":"Point","coordinates":[-79.994949,40.414204]},"properties":{"stop_id":"2604","name":"BAUSMAN ST + GEORGIA (STEPS)","weekday_trips":27,"routes":["54"]}},{"type":"Feature","geometry":{"type":"Point","coordinates":[-79.993118,40.414242]},"properties":{"stop_id":"2605","name":"BAUSMAN AVE + GRIMES","weekday_trips":27,"routes":["54"]}},{"type":"Feature","geometry":{"type":"Point","coordinates":[-79.992165,40.414276]},"properties":{"stop_id":"2606","name":"BAUSMAN AVE + ROMEYN","weekday_trips":27,"routes":["54"]}},{"type":"Feature","geometry":{"type":"Point","coordinates":[-79.988298,40.414406]},"properties":{"stop_id":"2608","name":"BAUSMAN ST + BROWNSVILLE RD","weekday_trips":47,"routes":["44","54"]}},{"type":"Feature","geometry":{"type":"Point","coordinates":[-79.953997,40.463438]},"properties":{"stop_id":"2609","name":"LIBERTY AVE + MAIN ST FS","weekday_trips":102,"routes":["54","86","87"]}},{"type":"Feature","geometry":{"type":"Point","coordinates":[-79.965996,40.459198]},"properties":{"stop_id":"2611","name":"HERRON AVE + RUTHVEN (BUSWAY ENT)","weekday_trips":28,"routes":["54"]}},{"type":"Feature","geometry":{"type":"Point","coordinates":[-79.964275,40.458354]},"properties":{"stop_id":"2612","name":"HERRON AVE + DOBSON","weekday_trips":28,"routes":["54"]}},{"type":"Feature","geometry":{"type":"Point","coordinates":[-79.96476,40.457016]},"properties":{"stop_id":"2613","name":"HERRON AVE + HANCOCK","weekday_trips":28,"routes":["54"]}},{"type":"Feature","geometry":{"type":"Point","coordinates":[-79.967194,40.456709]},"properties":{"stop_id":"2614","name":"BRERETON ST + DOBSON","weekday_trips":28,"routes":["54"]}},{"type":"Feature","geometry":{"type":"Point","coordinates":[-79.972755,40.455772]},"properties":{"stop_id":"2616","name":"BRERETON ST + 28TH","weekday_trips":28,"routes":["54"]}},{"type":"Feature","geometry":{"type":"Point","coordinates":[-80.001991,40.454029]},"properties":{"stop_id":"2618","name":"CEDAR AVE + FORELAND","weekday_trips":54,"routes":["54"]}},{"type":"Feature","geometry":{"type":"Point","coordinates":[-79.992912,40.453305]},"properties":{"stop_id":"2620","name":"CHESTNUT ST + PROGRESS","weekday_trips":54,"routes":["54"]}},{"type":"Feature","geometry":{"type":"Point","coordinates":[-79.964031,40.464131]},"properties":{"stop_id":"2621","name":"PENN AVE + 36TH","weekday_trips":62,"routes":["54","88"]}},{"type":"Feature","geometry":{"type":"Point","coordinates":[-79.960281,40.464779]},"properties":{"stop_id":"2624","name":"PENN AVE + 39TH ST","weekday_trips":62,"routes":["54","88"]}},{"type":"Feature","geometry":{"type":"Point","coordinates":[-79.958117,40.465118]},"properties":{"stop_id":"2625","name":"PENN AVE + 40TH","weekday_trips":62,"routes":["54","88"]}},{"type":"Feature","geometry":{"type":"Point","coordinates":[-79.94706,40.458853]},"properties":{"stop_id":"2626","name":"MILLVALE AVE + CYPRESS","weekday_trips":54,"routes":["54"]}},{"type":"Feature","geometry":{"type":"Point","coordinates":[-79.947419,40.458332]},"properties":{"stop_id":"2627","name":"MILLVALE AVE + YEW","weekday_trips":54,"routes":["54"]}},{"type":"Feature","geometry":{"type":"Point","coordinates":[-79.94766,40.456085]},"properties":{"stop_id":"2628","name":"MILLVALE AVE + MOREWOOD","weekday_trips":54,"routes":["54"]}},{"type":"Feature","geometry":{"type":"Point","coordinates":[-79.947768,40.454496]},"properties":{"stop_id":"2629","name":"MILLVALE AVE + BAUM","weekday_trips":54,"routes":["54"]}},{"type":"Feature","geometry":{"type":"Point","coordinates":[-79.947434,40.453381]},"properties":{"stop_id":"2630","name":"MILLVALE AVE + CENTRE","weekday_trips":54,"routes":["54"]}},{"type":"Feature","geometry":{"type":"Point","coordinates":[-79.949541,40.45269]},"properties":{"stop_id":"2631","name":"CENTRE AVE + NEVILLE ST","weekday_trips":237,"routes":["54","71A","71C","82"]}},{"type":"Feature","geometry":{"type":"Point","coordinates":[-79.950707,40.452328]},"properties":{"stop_id":"2632","name":"CENTRE AVE + MELWOOD AVE","weekday_trips":237,"routes":["54","71A","71C","82"]}},{"type":"Feature","geometry":{"type":"Point","coordinates":[-79.951689,40.452043]},"properties":{"stop_id":"2633","name":"CENTRE AVE + CRAIG ST NS","weekday_trips":58,"routes":["82"]}},{"type":"Feature","geometry":{"type":"Point","coordinates":[-79.950854,40.449869]},"properties":{"stop_id":"2634","name":"CRAIG ST + BAYARD ST","weekday_trips":209,"routes":["54","71A","71C","93"]}},{"type":"Feature","geometry":{"type":"Point","coordinates":[-79.949188,40.447258]},"properties":{"stop_id":"2635","name":"CRAIG ST + FIFTH AVE","weekday_trips":209,"routes":["54","71A","71C","93"]}},{"type":"Feature","geometry":{"type":"Point","coordinates":[-79.950002,40.44418]},"properties":{"stop_id":"2638","name":"FORBES AVE + DITHRIDGE ST","weekday_trips":350,"routes":["28X","58","61A","61B","61C","61D","67","69"]}},{"type":"Feature","geometry":{"type":"Point","coordinates":[-79.963795,40.437962]},"properties":{"stop_id":"2639","name":"FIFTH AVE + CRAFT AVE (CARLOW UNIV)","weekday_trips":735,"routes":["28X","54","61A","61B","61C","61D","67","69","71A","71B","71C","71D","75","81","83"]}},{"type":"Feature","geometry":{"type":"Point","coordinates":[-79.970999,40.437202]},"properties":{"stop_id":"2644","name":"FIFTH AVE + #2358","weekday_trips":647,"routes":["54","61A","61B","61C","61D","71A","71B","71C","71D","75","81","83"]}},{"type":"Feature","geometry":{"type":"Point","coordinates":[-79.976071,40.428559]},"properties":{"stop_id":"2646","name":"E CARSON ST + 21ST ST","weekday_trips":150,"routes":["48","54","81","83"]}},{"type":"Feature","geometry":{"type":"Point","coordinates":[-79.977481,40.428643]},"properties":{"stop_id":"2647","name":"E CARSON ST + 20TH","weekday_trips":92,"routes":["48","54"]}},{"type":"Feature","geometry":{"type":"Point","coordinates":[-79.980684,40.427948]},"properties":{"stop_id":"2649","name":"S 18TH ST + SARAH ST","weekday_trips":159,"routes":["51","54"]}},{"type":"Feature","geometry":{"type":"Point","coordinates":[-79.980918,40.425582]},"properties":{"stop_id":"2651","name":"S 18TH ST + EDWARDS WAY","weekday_trips":159,"routes":["51","54"]}},{"type":"Feature","geometry":{"type":"Point","coordinates":[-79.979924,40.424843]},"properties":{"stop_id":"2652","name":"S 18TH ST + JOSEPHINE ST","weekday_trips":159,"routes":["51","54"]}},{"type":"Feature","geometry":{"type":"Point","coordinates":[-79.977763,40.424008]},"properties":{"stop_id":"2653","name":"S 18TH ST + PIUS ST","weekday_trips":159,"routes":["51","54"]}},{"type":"Feature","geometry":{"type":"Point","coordinates":[-79.979358,40.421745]},"properties":{"stop_id":"2654","name":"S 18TH ST + CROSSMAN ST FS","weekday_trips":159,"routes":["51","54"]}},{"type":"Feature","geometry":{"type":"Point","coordinates":[-79.982507,40.421488]},"properties":{"stop_id":"2656","name":"S 18TH ST + ST PATRICK ST","weekday_trips":159,"routes":["51","54"]}},{"type":"Feature","geometry":{"type":"Point","coordinates":[-79.984288,40.4217]},"properties":{"stop_id":"2657","name":"S 18TH ST + MONASTERY AVE","weekday_trips":159,"routes":["51","54"]}},{"type":"Feature","geometry":{"type":"Point","coordinates":[-79.985839,40.420859]},"properties":{"stop_id":"2658","name":"S 18TH ST + #2620","weekday_trips":159,"routes":["51","54"]}},{"type":"Feature","geometry":{"type":"Point","coordinates":[-79.986416,40.417935]},"properties":{"stop_id":"2661","name":"S 18TH ST + ARLINGTON AVE","weekday_trips":159,"routes":["51","54"]}},{"type":"Feature","geometry":{"type":"Point","coordinates":[-79.987362,40.415548]},"properties":{"stop_id":"2663","name":"BROWNSVILLE RD + GOLDBACH WAY","weekday_trips":159,"routes":["51","54"]}},{"type":"Feature","geometry":{"type":"Point","coordinates":[-79.989641,40.41212]},"properties":{"stop_id":"2665","name":"BROWNSVILLE RD + MARLAND AVE","weekday_trips":132,"routes":["51","54"]}},{"type":"Feature","geometry":{"type":"Point","coordinates":[-79.990221,40.410832]},"properties":{"stop_id":"2666","name":"BROWNSVILLE RD + KNOX AVE","weekday_trips":139,"routes":["51","51L","54"]}},{"type":"Feature","geometry":{"type":"Point","coordinates":[-79.991066,40.408978]},"properties":{"stop_id":"2667","name":"BROWNSVILLE RD + MCKINLEY ST","weekday_trips":139,"routes":["51","51L","54"]}},{"type":"Feature","geometry":{"type":"Point","coordinates":[-79.949753,40.452725]},"properties":{"stop_id":"2668","name":"NEVILLE RAMP + CENTRE","weekday_trips":47,"routes":["P3"]}},{"type":"Feature","geometry":{"type":"Point","coordinates":[-79.989129,40.419179]},"properties":{"stop_id":"2670","name":"ARLINGTON AVE + FREELAND","weekday_trips":38,"routes":["48"]}},{"type":"Feature","geometry":{"type":"Point","coordinates":[-79.990587,40.415178]},"properties":{"stop_id":"2675","name":"KNOX AVE + ROCHELLE","weekday_trips":20,"routes":["44"]}},{"type":"Feature","geometry":{"type":"Point","coordinates":[-79.990519,40.416619]},"properties":{"stop_id":"2676","name":"CHARLES ST + KNOX","weekday_trips":22,"routes":["44"]}},{"type":"Feature","geometry":{"type":"Point","coordinates":[-79.993188,40.416543]},"properties":{"stop_id":"2677","name":"CHARLES ST + GRIMES FS","weekday_trips":22,"routes":["44"]}},{"type":"Feature","geometry":{"type":"Point","coordinates":[-79.998057,40.415983]},"properties":{"stop_id":"2680","name":"MICHIGAN ST + BERND ST","weekday_trips":27,"routes":["54"]}},{"type":"Feature","geometry":{"type":"Point","coordinates":[-79.970284,40.456493]},"properties":{"stop_id":"2681","name":"BRERETON ST + 30TH","weekday_trips":27,"routes":["54"]}},{"type":"Feature","geometry":{"type":"Point","coordinates":[-79.965896,40.457527]},"properties":{"stop_id":"2684","name":"DOBSON ST + HANCOCK","weekday_trips":27,"routes":["54"]}},{"type":"Feature","geometry":{"type":"Point","coordinates":[-79.964262,40.45826]},"properties":{"stop_id":"2686","name":"DOBSON ST + HERRON","weekday_trips":27,"routes":["54"]}},{"type":"Feature","geometry":{"type":"Point","coordinates":[-79.965914,40.459202]},"properties":{"stop_id":"2687","name":"HERRON AVE + RUTHVEN (BUSWAY ENT)","weekday_trips":27,"routes":["54"]}},{"type":"Feature","geometry":{"type":"Point","coordinates":[-79.966996,40.461447]},"properties":{"stop_id":"2688","name":"HERRON AVE + LIBERTY","weekday_trips":27,"routes":["54"]}},{"type":"Feature","geometry":{"type":"Point","coordinates":[-79.955382,40.463092]},"properties":{"stop_id":"2690","name":"LIBERTY AVE + CANOE","weekday_trips":101,"routes":["54","86","87"]}},{"type":"Feature","geometry":{"type":"Point","coordinates":[-80.017454,40.497304]},"properties":{"stop_id":"2693","name":"IVORY AVE + RODENBAUGH FS","weekday_trips":22,"routes":["4"]}},{"type":"Feature","geometry":{"type":"Point","coordinates":[-80.014573,40.496621]},"properties":{"stop_id":"2695","name":"IVORY AVE + NELSON RUN","weekday_trips":22,"routes":["4"]}},{"type":"Feature","geometry":{"type":"Point","coordinates":[-80.009008,40.496434]},"properties":{"stop_id":"2697","name":"IVORY AVE + CHERRYLAND","weekday_trips":25,"routes":["4","O5"]}},{"type":"Feature","geometry":{"type":"Point","coordinates":[-80.008083,40.496066]},"properties":{"stop_id":"2698","name":"IVORY AVE + EVERGREEN","weekday_trips":25,"routes":["4","O5"]}},{"type":"Feature","geometry":{"type":"Point","coordinates":[-79.961409,40.438295]},"properties":{"stop_id":"27","name":"FORBES AVE + HALKET ST (MAGEE HOSPITAL)","weekday_trips":812,"routes":["28X","54","61A","61B","61C","61D","67","69","71A","71B","71C","71D","75","81","83","93","P3"]}},{"type":"Feature","geometry":{"type":"Point","coordinates":[-79.995076,40.493714]},"properties":{"stop_id":"2709","name":"MT TROY RD + GEYER","weekday_trips":22,"routes":["4"]}},{"type":"Feature","geometry":{"type":"Point","coordinates":[-79.992101,40.490721]},"properties":{"stop_id":"2711","name":"MT TROY RD + HOFFMAN","weekday_trips":22,"routes":["4"]}},{"type":"Feature","geometry":{"type":"Point","coordinates":[-79.992484,40.489481]},"properties":{"stop_id":"2712","name":"MT TROY RD + KLEMENTINA","weekday_trips":22,"routes":["4"]}},{"type":"Feature","geometry":{"type":"Point","coordinates":[-79.992033,40.487644]},"properties":{"stop_id":"2713","name":"MT TROY RD + MT TROY FLORAL (#3467)","weekday_trips":22,"routes":["4"]}},{"type":"Feature","geometry":{"type":"Point","coordinates":[-79.991975,40.485059]},"properties":{"stop_id":"2715","name":"MT TROY RD + GARDENVIEW","weekday_trips":22,"routes":["4"]}},{"type":"Feature","geometry":{"type":"Point","coordinates":[-79.987611,40.479397]},"properties":{"stop_id":"2718","name":"MT TROY RD + KINKURA","weekday_trips":22,"routes":["4"]}},{"type":"Feature","geometry":{"type":"Point","coordinates":[-79.986385,40.478464]},"properties":{"stop_id":"2719","name":"MT TROY RD + FORNOFF","weekday_trips":22,"routes":["4"]}},{"type":"Feature","geometry":{"type":"Point","coordinates":[-79.987744,40.476791]},"properties":{"stop_id":"2720","name":"MT TROY RD + PIEFFERS STORE","weekday_trips":22,"routes":["4"]}},{"type":"Feature","geometry":{"type":"Point","coordinates":[-79.986626,40.473908]},"properties":{"stop_id":"2722","name":"MT TROY RD + #2722","weekday_trips":22,"routes":["4"]}},{"type":"Feature","geometry":{"type":"Point","coordinates":[-79.985237,40.47345]},"properties":{"stop_id":"2723","name":"MT TROY RD + #2637","weekday_trips":22,"routes":["4"]}},{"type":"Feature","geometry":{"type":"Point","coordinates":[-79.983036,40.472433]},"properties":{"stop_id":"2726","name":"MT TROY RD + HOMESTEAD","weekday_trips":22,"routes":["4"]}},{"type":"Feature","geometry":{"type":"Point","coordinates":[-79.982254,40.47025]},"properties":{"stop_id":"2728","name":"MT TROY RD + BECKERT","weekday_trips":22,"routes":["4"]}},{"type":"Feature","geometry":{"type":"Point","coordinates":[-79.982796,40.469097]},"properties":{"stop_id":"2730","name":"PITTVIEW AVE + TEUTONIA","weekday_trips":22,"routes":["4"]}},{"type":"Feature","geometry":{"type":"Point","coordinates":[-79.982417,40.466575]},"properties":{"stop_id":"2732","name":"RIALTO ST + TOURS","weekday_trips":22,"routes":["4"]}},{"type":"Feature","geometry":{"type":"Point","coordinates":[-79.981941,40.465977]},"properties":{"stop_id":"2733","name":"RIALTO ST + LEY","weekday_trips":22,"routes":["4"]}},{"type":"Feature","geometry":{"type":"Point","coordinates":[-79.980952,40.465979]},"properties":{"stop_id":"2735","name":"LOWRIE ST + FLECK","weekday_trips":44,"routes":["4"]}},{"type":"Feature","geometry":{"type":"Point","coordinates":[-79.979873,40.467695]},"properties":{"stop_id":"2736","name":"LOWRIE ST + NIGGEL","weekday_trips":44,"routes":["4"]}},{"type":"Feature","geometry":{"type":"Point","coordinates":[-79.979071,40.468706]},"properties":{"stop_id":"2737","name":"LOWRIE ST + HECKLEMAN","weekday_trips":44,"routes":["4"]}},{"type":"Feature","geometry":{"type":"Point","coordinates":[-79.978632,40.469269]},"properties":{"stop_id":"2738","name":"TROY HILL LOOP + LOWRIE","weekday_trips":44,"routes":["4"]}},{"type":"Feature","geometry":{"type":"Point","coordinates":[-79.979091,40.468793]},"properties":{"stop_id":"2739","name":"LOWRIE ST + HECKLEMAN","weekday_trips":44,"routes":["4"]}},{"type":"Feature","geometry":{"type":"Point","coordinates":[-79.979952,40.46771]},"properties":{"stop_id":"2740","name":"LOWRIE ST + NIGGEL","weekday_trips":44,"routes":["4"]}},{"type":"Feature","geometry":{"type":"Point","coordinates":[-79.980834,40.466273]},"properties":{"stop_id":"2741","name":"LOWRIE ST + SUNDEMAN","weekday_trips":44,"routes":["4"]}},{"type":"Feature","geometry":{"type":"Point","coordinates":[-79.983039,40.463196]},"properties":{"stop_id":"2742","name":"LOWRIE ST + CLAIM","weekday_trips":22,"routes":["4"]}},{"type":"Feature","geometry":{"type":"Point","coordinates":[-79.985873,40.459788]},"properties":{"stop_id":"2746","name":"TROY HILL RD + GOETTMAN","weekday_trips":22,"routes":["4"]}},{"type":"Feature","geometry":{"type":"Point","coordinates":[-79.989446,40.457562]},"properties":{"stop_id":"2747","name":"TROY HILL RD + PROVINCE FS","weekday_trips":22,"routes":["4"]}},{"type":"Feature","geometry":{"type":"Point","coordinates":[-79.991086,40.456887]},"properties":{"stop_id":"2748","name":"TROY HILL RD + VINIAL","weekday_trips":22,"routes":["4"]}},{"type":"Feature","geometry":{"type":"Point","coordinates":[-79.992296,40.456259]},"properties":{"stop_id":"2749","name":"TROY HILL RD + #1034","weekday_trips":22,"routes":["4"]}},{"type":"Feature","geometry":{"type":"Point","coordinates":[-79.994447,40.455497]},"properties":{"stop_id":"2751","name":"TROY HILL RD + CHESTNUT","weekday_trips":22,"routes":["4"]}},{"type":"Feature","geometry":{"type":"Point","coordinates":[-79.994045,40.455501]},"properties":{"stop_id":"2752","name":"TROY HILL RD + CHESTNUT FS","weekday_trips":22,"routes":["4"]}},{"type":"Feature","geometry":{"type":"Point","coordinates":[-79.991996,40.456318]},"properties":{"stop_id":"2753","name":"TROY HILL RD + #1034","weekday_trips":22,"routes":["4"]}},{"type":"Feature","geometry":{"type":"Point","coordinates":[-79.990886,40.456899]},"properties":{"stop_id":"2754","name":"TROY HILL RD + VINIAL","weekday_trips":22,"routes":["4"]}},{"type":"Feature","geometry":{"type":"Point","coordinates":[-79.989143,40.457581]},"properties":{"stop_id":"2755","name":"TROY HILL RD + PROVINCE FS","weekday_trips":22,"routes":["4"]}},{"type":"Feature","geometry":{"type":"Point","coordinates":[-79.985831,40.459686]},"properties":{"stop_id":"2756","name":"TROY HILL RD + GOETTMAN","weekday_trips":22,"routes":["4"]}},{"type":"Feature","geometry":{"type":"Point","coordinates":[-79.984921,40.461192]},"properties":{"stop_id":"2758","name":"GARDNER ST + LOWRIE","weekday_trips":22,"routes":["4"]}},{"type":"Feature","geometry":{"type":"Point","coordinates":[-79.982999,40.463119]},"properties":{"stop_id":"2760","name":"LOWRIE ST + CLAIM","weekday_trips":22,"routes":["4"]}},{"type":"Feature","geometry":{"type":"Point","coordinates":[-79.981951,40.464601]},"properties":{"stop_id":"2761","name":"LOWRIE ST + FROMAN (LEY)","weekday_trips":22,"routes":["4"]}},{"type":"Feature","geometry":{"type":"Point","coordinates":[-79.981896,40.465614]},"properties":{"stop_id":"2762","name":"LEY ST + COWLEY","weekday_trips":22,"routes":["4"]}},{"type":"Feature","geometry":{"type":"Point","coordinates":[-79.982324,40.466569]},"properties":{"stop_id":"2763","name":"RIALTO ST + TOURS","weekday_trips":22,"routes":["4"]}},{"type":"Feature","geometry":{"type":"Point","coordinates":[-79.982885,40.467267]},"properties":{"stop_id":"2764","name":"RIALTO ST + WICKLINES","weekday_trips":22,"routes":["4"]}},{"type":"Feature","geometry":{"type":"Point","coordinates":[-79.982813,40.469022]},"properties":{"stop_id":"2765","name":"PITTVIEW AVE + TEUTONIA","weekday_trips":22,"routes":["4"]}},{"type":"Feature","geometry":{"type":"Point","coordinates":[-79.982134,40.470198]},"properties":{"stop_id":"2767","name":"MT TROY RD + BECKERT","weekday_trips":22,"routes":["4"]}},{"type":"Feature","geometry":{"type":"Point","coordinates":[-79.982978,40.472522]},"properties":{"stop_id":"2769","name":"MT TROY RD + HOMESTEAD","weekday_trips":22,"routes":["4"]}},{"type":"Feature","geometry":{"type":"Point","coordinates":[-79.984078,40.47377]},"properties":{"stop_id":"2771","name":"MT TROY RD + LONSDALE","weekday_trips":22,"routes":["4"]}},{"type":"Feature","geometry":{"type":"Point","coordinates":[-79.98524,40.473447]},"properties":{"stop_id":"2772","name":"MT TROY RD + #2652","weekday_trips":22,"routes":["4"]}},{"type":"Feature","geometry":{"type":"Point","coordinates":[-79.986534,40.473907]},"properties":{"stop_id":"2773","name":"MT TROY RD + #2722","weekday_trips":22,"routes":["4"]}},{"type":"Feature","geometry":{"type":"Point","coordinates":[-79.986928,40.475278]},"properties":{"stop_id":"2774","name":"MT TROY RD + #2768","weekday_trips":22,"routes":["4"]}},{"type":"Feature","geometry":{"type":"Point","coordinates":[-79.987588,40.476891]},"properties":{"stop_id":"2776","name":"MT TROY RD + #2840","weekday_trips":22,"routes":["4"]}},{"type":"Feature","geometry":{"type":"Point","coordinates":[-79.98763,40.4795]},"properties":{"stop_id":"2777","name":"MT TROY RD + KINKURA","weekday_trips":22,"routes":["4"]}},{"type":"Feature","geometry":{"type":"Point","coordinates":[-79.989472,40.482084]},"properties":{"stop_id":"2778","name":"MT TROY RD + RIDGELAWN CEMETERY ENT","weekday_trips":22,"routes":["4"]}},{"type":"Feature","geometry":{"type":"Point","coordinates":[-79.991881,40.485641]},"properties":{"stop_id":"2780","name":"MT TROY RD + #3222","weekday_trips":22,"routes":["4"]}},{"type":"Feature","geometry":{"type":"Point","coordinates":[-79.992087,40.488016]},"properties":{"stop_id":"2782","name":"MT TROY RD + MOST HOLY NAME OF JESUS CEMETERY","weekday_trips":22,"routes":["4"]}},{"type":"Feature","geometry":{"type":"Point","coordinates":[-79.992393,40.489475]},"properties":{"stop_id":"2783","name":"MT TROY RD + KLEMENTINA","weekday_trips":22,"routes":["4"]}},{"type":"Feature","geometry":{"type":"Point","coordinates":[-79.99198,40.490628]},"properties":{"stop_id":"2784","name":"MT TROY RD + HOFFMAN","weekday_trips":22,"routes":["4"]}},{"type":"Feature","geometry":{"type":"Point","coordinates":[-79.994772,40.493395]},"properties":{"stop_id":"2786","name":"MT TROY RD + GEYER","weekday_trips":22,"routes":["4"]}},{"type":"Feature","geometry":{"type":"Point","coordinates":[-79.998956,40.495528]},"properties":{"stop_id":"2788","name":"MT TROY RD + ST MARY CEMETERY ENT","weekday_trips":22,"routes":["4"]}},{"type":"Feature","geometry":{"type":"Point","coordinates":[-80.000345,40.495739]},"properties":{"stop_id":"2789","name":"MT TROY RD + MT TROY EXT","weekday_trips":22,"routes":["4"]}},{"type":"Feature","geometry":{"type":"Point","coordinates":[-80.007572,40.496047]},"properties":{"stop_id":"2798","name":"IVORY AVE + EVERGREEN","weekday_trips":22,"routes":["4"]}},{"type":"Feature","geometry":{"type":"Point","coordinates":[-80.008984,40.496491]},"properties":{"stop_id":"2799","name":"IVORY AVE + CHERRYLAND","weekday_trips":25,"routes":["4","O5"]}},{"type":"Feature","geometry":{"type":"Point","coordinates":[-79.9595,40.43967]},"properties":{"stop_id":"28","name":"FORBES AVE + MCKEE PL","weekday_trips":405,"routes":["28X","58","61A","61B","61C","61D","67","69","81","83"]}},{"type":"Feature","geometry":{"type":"Point","coordinates":[-80.000709,40.473239]},"properties":{"stop_id":"2808","name":"ESSEN ST + SUNSET","weekday_trips":32,"routes":["6"]}},{"type":"Feature","geometry":{"type":"Point","coordinates":[-80.000823,40.471256]},"properties":{"stop_id":"2809","name":"SUNSET AVE + NORRIS","weekday_trips":32,"routes":["6"]}},{"type":"Feature","geometry":{"type":"Point","coordinates":[-79.999343,40.46952]},"properties":{"stop_id":"2810","name":"SUNSET AVE + SOUTH SIDE AVE","weekday_trips":32,"routes":["6"]}},{"type":"Feature","geometry":{"type":"Point","coordinates":[-79.997831,40.469923]},"properties":{"stop_id":"2811","name":"SOUTH SIDE AVE + LUELLA","weekday_trips":32,"routes":["6"]}},{"type":"Feature","geometry":{"type":"Point","coordinates":[-79.995478,40.470079]},"properties":{"stop_id":"2813","name":"SOUTH SIDE AVE + MATHIAS","weekday_trips":32,"routes":["6"]}},{"type":"Feature","geometry":{"type":"Point","coordinates":[-79.994811,40.467547]},"properties":{"stop_id":"2815","name":"RHINE ST + #2146","weekday_trips":32,"routes":["6"]}},{"type":"Feature","geometry":{"type":"Point","coordinates":[-79.99397,40.466539]},"properties":{"stop_id":"2816","name":"RHINE ST + BUENTE","weekday_trips":32,"routes":["6"]}},{"type":"Feature","geometry":{"type":"Point","coordinates":[-79.993025,40.466137]},"properties":{"stop_id":"2817","name":"BUENTE ST + RHINE","weekday_trips":32,"routes":["6"]}},{"type":"Feature","geometry":{"type":"Point","coordinates":[-79.992226,40.465325]},"properties":{"stop_id":"2818","name":"RHINE ST + STEINE","weekday_trips":32,"routes":["6"]}},{"type":"Feature","geometry":{"type":"Point","coordinates":[-79.991437,40.463398]},"properties":{"stop_id":"2819","name":"RHINE ST + YETTA FS","weekday_trips":32,"routes":["6"]}},{"type":"Feature","geometry":{"type":"Point","coordinates":[-79.991035,40.462603]},"properties":{"stop_id":"2820","name":"RHINE ST + ITIN","weekday_trips":32,"routes":["6"]}},{"type":"Feature","geometry":{"type":"Point","coordinates":[-79.993394,40.461071]},"properties":{"stop_id":"2822","name":"ITIN ST + GOEHRING","weekday_trips":32,"routes":["6"]}},{"type":"Feature","geometry":{"type":"Point","coordinates":[-79.994697,40.459737]},"properties":{"stop_id":"2823","name":"ITIN ST + HIGH","weekday_trips":32,"routes":["6"]}},{"type":"Feature","geometry":{"type":"Point","coordinates":[-79.995499,40.45785]},"properties":{"stop_id":"2824","name":"ITIN ST + SPRING GARDEN","weekday_trips":32,"routes":["6"]}},{"type":"Feature","geometry":{"type":"Point","coordinates":[-79.995168,40.456806]},"properties":{"stop_id":"2825","name":"CHESTNUT ST + TRIPOLI","weekday_trips":38,"routes":["6","7"]}},{"type":"Feature","geometry":{"type":"Point","coordinates":[-79.994962,40.45618]},"properties":{"stop_id":"2826","name":"CHESTNUT ST + SUISMON","weekday_trips":38,"routes":["6","7"]}},{"type":"Feature","geometry":{"type":"Point","coordinates":[-79.994728,40.455502]},"properties":{"stop_id":"2827","name":"CHESTNUT ST + PHINEAS (EAST OHIO)","weekday_trips":38,"routes":["6","7"]}},{"type":"Feature","geometry":{"type":"Point","coordinates":[-79.993589,40.44509]},"properties":{"stop_id":"2833","name":"PENN AVE + 11TH ST","weekday_trips":167,"routes":["86","87","88","91"]}},{"type":"Feature","geometry":{"type":"Point","coordinates":[-79.994905,40.456217]},"properties":{"stop_id":"2839","name":"CHESTNUT ST + SUISMON","weekday_trips":37,"routes":["6","7"]}},{"type":"Feature","geometry":{"type":"Point","coordinates":[-79.995364,40.458356]},"properties":{"stop_id":"2841","name":"CHESTNUT ST + CONCORD","weekday_trips":31,"routes":["6"]}},{"type":"Feature","geometry":{"type":"Point","coordinates":[-79.994776,40.459767]},"properties":{"stop_id":"2842","name":"ITIN ST + HIGH","weekday_trips":31,"routes":["6"]}},{"type":"Feature","geometry":{"type":"Point","coordinates":[-79.993325,40.461051]},"properties":{"stop_id":"2843","name":"ITIN ST + GOEHRING","weekday_trips":31,"routes":["6"]}},{"type":"Feature","geometry":{"type":"Point","coordinates":[-79.992148,40.461801]},"properties":{"stop_id":"2844","name":"ITIN ST + DIANA","weekday_trips":31,"routes":["6"]}},{"type":"Feature","geometry":{"type":"Point","coordinates":[-79.991054,40.462896]},"properties":{"stop_id":"2845","name":"RHINE ST + ITIN FS","weekday_trips":31,"routes":["6"]}},{"type":"Feature","geometry":{"type":"Point","coordinates":[-79.991429,40.463652]},"properties":{"stop_id":"2846","name":"RHINE ST + YETTA","weekday_trips":31,"routes":["6"]}},{"type":"Feature","geometry":{"type":"Point","coordinates":[-79.992032,40.465241]},"properties":{"stop_id":"2847","name":"RHINE ST + STEINE","weekday_trips":31,"routes":["6"]}},{"type":"Feature","geometry":{"type":"Point","coordinates":[-79.992991,40.466159]},"properties":{"stop_id":"2848","name":"RHINE ST + BUENTE","weekday_trips":31,"routes":["6"]}},{"type":"Feature","geometry":{"type":"Point","coordinates":[-79.994291,40.467004]},"properties":{"stop_id":"2849","name":"RHINE ST + #2129","weekday_trips":31,"routes":["6"]}},{"type":"Feature","geometry":{"type":"Point","coordinates":[-79.994734,40.467593]},"properties":{"stop_id":"2850","name":"RHINE ST + #2146","weekday_trips":31,"routes":["6"]}},{"type":"Feature","geometry":{"type":"Point","coordinates":[-79.995329,40.470017]},"properties":{"stop_id":"2852","name":"MATHIAS ST+ SOUTHSIDE","weekday_trips":31,"routes":["6"]}},{"type":"Feature","geometry":{"type":"Point","coordinates":[-79.997637,40.470072]},"properties":{"stop_id":"2854","name":"SOUTH SIDE AVE + LUELLA","weekday_trips":31,"routes":["6"]}},{"type":"Feature","geometry":{"type":"Point","coordinates":[-80.000748,40.471276]},"properties":{"stop_id":"2856","name":"SUNSET AVE + NORRIS","weekday_trips":31,"routes":["6"]}},{"type":"Feature","geometry":{"type":"Point","coordinates":[-80.006465,40.489035]},"properties":{"stop_id":"2858","name":"COLBY ST + CHAPIN","weekday_trips":6,"routes":["7"]}},{"type":"Feature","geometry":{"type":"Point","coordinates":[-80.004822,40.489845]},"properties":{"stop_id":"2859","name":"CHAPIN ST + #354","weekday_trips":6,"routes":["7"]}},{"type":"Feature","geometry":{"type":"Point","coordinates":[-80.003189,40.49013]},"properties":{"stop_id":"2860","name":"RAMAGE RD + CHARLEMMA","weekday_trips":6,"routes":["7"]}},{"type":"Feature","geometry":{"type":"Point","coordinates":[-79.999871,40.490693]},"properties":{"stop_id":"2861","name":"RAMAGE RD + CHERRYWOOD","weekday_trips":6,"routes":["7"]}},{"type":"Feature","geometry":{"type":"Point","coordinates":[-79.996353,40.492489]},"properties":{"stop_id":"2862","name":"RAMAGE RD + SPRING GARDEN","weekday_trips":6,"routes":["7"]}},{"type":"Feature","geometry":{"type":"Point","coordinates":[-79.9973,40.487666]},"properties":{"stop_id":"2863","name":"SPRING GARDEN AVE + #3851","weekday_trips":6,"routes":["7"]}},{"type":"Feature","geometry":{"type":"Point","coordinates":[-79.996594,40.485444]},"properties":{"stop_id":"2864","name":"SPRING GARDEN AVE + #3681","weekday_trips":6,"routes":["7"]}},{"type":"Feature","geometry":{"type":"Point","coordinates":[-79.99629,40.4813]},"properties":{"stop_id":"2865","name":"SPRING GARDEN AVE + BEECH ST","weekday_trips":6,"routes":["7"]}},{"type":"Feature","geometry":{"type":"Point","coordinates":[-79.99606,40.480614]},"properties":{"stop_id":"2866","name":"SPRING GARDEN AVE + #3364","weekday_trips":6,"routes":["7"]}},{"type":"Feature","geometry":{"type":"Point","coordinates":[-79.995139,40.478631]},"properties":{"stop_id":"2867","name":"SPRING GARDEN AVE + LUKES ROAD HOUSE (#3254)","weekday_trips":6,"routes":["7"]}},{"type":"Feature","geometry":{"type":"Point","coordinates":[-79.98939,40.476317]},"properties":{"stop_id":"2869","name":"SPRING GARDEN AVE + REEKES WAY","weekday_trips":6,"routes":["7"]}},{"type":"Feature","geometry":{"type":"Point","coordinates":[-79.989122,40.474632]},"properties":{"stop_id":"2870","name":"SPRING GARDEN AVE + GIDDY WAY","weekday_trips":6,"routes":["7"]}},{"type":"Feature","geometry":{"type":"Point","coordinates":[-79.987768,40.473031]},"properties":{"stop_id":"2871","name":"SPRING GARDEN AVE + REPPEL WAY","weekday_trips":6,"routes":["7"]}},{"type":"Feature","geometry":{"type":"Point","coordinates":[-79.98658,40.471672]},"properties":{"stop_id":"2872","name":"SPRING GARDEN AVE + MAUCH","weekday_trips":6,"routes":["7"]}},{"type":"Feature","geometry":{"type":"Point","coordinates":[-79.985733,40.469414]},"properties":{"stop_id":"2873","name":"SPRING GARDEN AVE + TRACYS DELI","weekday_trips":6,"routes":["7"]}},{"type":"Feature","geometry":{"type":"Point","coordinates":[-79.985291,40.466396]},"properties":{"stop_id":"2875","name":"SPRING GARDEN AVE AT SPRING GARDEN LOOP PNR","weekday_trips":6,"routes":["7"]}},{"type":"Feature","geometry":{"type":"Point","coordinates":[-79.985947,40.464188]},"properties":{"stop_id":"2876","name":"SPRING GARDEN AVE + LAGER","weekday_trips":6,"routes":["7"]}},{"type":"Feature","geometry":{"type":"Point","coordinates":[-79.987237,40.46218]},"properties":{"stop_id":"2877","name":"SPRING GARDEN AVE + OLD HONESTY","weekday_trips":6,"routes":["7"]}},{"type":"Feature","geometry":{"type":"Point","coordinates":[-79.988668,40.46072]},"properties":{"stop_id":"2878","name":"SPRING GARDEN AVE + TELL","weekday_trips":6,"routes":["7"]}},{"type":"Feature","geometry":{"type":"Point","coordinates":[-79.991527,40.460169]},"properties":{"stop_id":"2880","name":"SPRING GARDEN AVE + ARCOLA","weekday_trips":6,"routes":["7"]}},{"type":"Feature","geometry":{"type":"Point","coordinates":[-79.9937,40.459331]},"properties":{"stop_id":"2881","name":"SPRING GARDEN AVE + #1036","weekday_trips":6,"routes":["7"]}},{"type":"Feature","geometry":{"type":"Point","coordinates":[-79.994643,40.458007]},"properties":{"stop_id":"2882","name":"SPRING GARDEN AVE + CONSTANCE","weekday_trips":6,"routes":["7"]}},{"type":"Feature","geometry":{"type":"Point","coordinates":[-79.994901,40.457833]},"properties":{"stop_id":"2898","name":"SPRING GARDEN AVE + MONETA","weekday_trips":6,"routes":["7"]}},{"type":"Feature","geometry":{"type":"Point","coordinates":[-79.993701,40.459212]},"properties":{"stop_id":"2899","name":"SPRING GARDEN AVE + #1043","weekday_trips":6,"routes":["7"]}},{"type":"Feature","geometry":{"type":"Point","coordinates":[-79.957685,40.440987]},"properties":{"stop_id":"29","name":"FORBES AVE + ATWOOD ST","weekday_trips":347,"routes":["28X","58","61A","61B","61C","61D","67","69"]}},{"type":"Feature","geometry":{"type":"Point","coordinates":[-79.991644,40.4601]},"properties":{"stop_id":"2900","name":"SPRING GARDEN AVE + ARCOLA WAY","weekday_trips":6,"routes":["7"]}},{"type":"Feature","geometry":{"type":"Point","coordinates":[-79.988478,40.460707]},"properties":{"stop_id":"2902","name":"SPRING GARDEN AVE + TELL ST","weekday_trips":6,"routes":["7"]}},{"type":"Feature","geometry":{"type":"Point","coordinates":[-79.987257,40.461995]},"properties":{"stop_id":"2903","name":"SPRING GARDEN AVE + OLD HONESTY ST","weekday_trips":6,"routes":["7"]}},{"type":"Feature","geometry":{"type":"Point","coordinates":[-79.985194,40.466589]},"properties":{"stop_id":"2905","name":"SPRING GARDEN AVE OPP SPRING GARDEN LOOP PNR","weekday_trips":6,"routes":["7"]}},{"type":"Feature","geometry":{"type":"Point","coordinates":[-79.986448,40.471602]},"properties":{"stop_id":"2907","name":"SPRING GARDEN AVE + MAUCH","weekday_trips":6,"routes":["7"]}},{"type":"Feature","geometry":{"type":"Point","coordinates":[-79.987512,40.472791]},"properties":{"stop_id":"2908","name":"SPRING GARDEN AVE + REPPEL WAY","weekday_trips":6,"routes":["7"]}},{"type":"Feature","geometry":{"type":"Point","coordinates":[-79.989269,40.476272]},"properties":{"stop_id":"2910","name":"SPRING GARDEN AVE + REEKES WAY","weekday_trips":6,"routes":["7"]}},{"type":"Feature","geometry":{"type":"Point","coordinates":[-79.994914,40.478432]},"properties":{"stop_id":"2912","name":"SPRING GARDEN RD + #3253","weekday_trips":6,"routes":["7"]}},{"type":"Feature","geometry":{"type":"Point","coordinates":[-79.995917,40.480436]},"properties":{"stop_id":"2913","name":"SPRING GARDEN AVE + FIRE HOUSE (#3367)","weekday_trips":6,"routes":["7"]}},{"type":"Feature","geometry":{"type":"Point","coordinates":[-79.996182,40.481195]},"properties":{"stop_id":"2914","name":"SPRING GARDEN AVE + BEECH ST","weekday_trips":6,"routes":["7"]}},{"type":"Feature","geometry":{"type":"Point","coordinates":[-79.996505,40.485347]},"properties":{"stop_id":"2915","name":"SPRING GARDEN AVE + #3681","weekday_trips":6,"routes":["7"]}},{"type":"Feature","geometry":{"type":"Point","coordinates":[-79.997138,40.48791]},"properties":{"stop_id":"2916","name":"SPRING GARDEN AVE + #3851","weekday_trips":6,"routes":["7"]}},{"type":"Feature","geometry":{"type":"Point","coordinates":[-80.000034,40.49068]},"properties":{"stop_id":"2917","name":"RAMAGE RD + CHERRYWOOD FS","weekday_trips":6,"routes":["7"]}},{"type":"Feature","geometry":{"type":"Point","coordinates":[-80.002969,40.490137]},"properties":{"stop_id":"2918","name":"RAMAGE RD + CHARLEMMA","weekday_trips":6,"routes":["7"]}},{"type":"Feature","geometry":{"type":"Point","coordinates":[-80.006546,40.489296]},"properties":{"stop_id":"2919","name":"CHAPIN ST + COLBY","weekday_trips":6,"routes":["7"]}},{"type":"Feature","geometry":{"type":"Point","coordinates":[-80.033811,40.349336]},"properties":{"stop_id":"30","name":"CASSWELL","weekday_trips":106,"routes":["BLUE","RED"]}},{"type":"Feature","geometry":{"type":"Point","coordinates":[-79.953835,40.443052]},"properties":{"stop_id":"31","name":"FORBES AVE + BIGELOW BLVD (SCHENLEY DR)","weekday_trips":774,"routes":["28X","54","58","61A","61B","61C","61D","67","69","71A","71B","71C","71D","75","93","P3"]}},{"type":"Feature","geometry":{"type":"Point","coordinates":[-79.919162,40.473884]},"properties":{"stop_id":"3123","name":"HIGHLAND AVE + HAMPTON","weekday_trips":61,"routes":["71B"]}},{"type":"Feature","geometry":{"type":"Point","coordinates":[-79.919746,40.472637]},"properties":{"stop_id":"3124","name":"HIGHLAND AVE + WELLESLEY","weekday_trips":61,"routes":["71B"]}},{"type":"Feature","geometry":{"type":"Point","coordinates":[-79.920396,40.471209]},"properties":{"stop_id":"3125","name":"HIGHLAND AVE + JACKSON","weekday_trips":61,"routes":["71B"]}},{"type":"Feature","geometry":{"type":"Point","coordinates":[-79.921045,40.469802]},"properties":{"stop_id":"3126","name":"HIGHLAND AVE + STANTON","weekday_trips":61,"routes":["71B"]}},{"type":"Feature","geometry":{"type":"Point","coordinates":[-79.921783,40.468209]},"properties":{"stop_id":"3127","name":"HIGHLAND AVE + HAYS","weekday_trips":94,"routes":["71B","75"]}},{"type":"Feature","geometry":{"type":"Point","coordinates":[-79.922588,40.46648]},"properties":{"stop_id":"3128","name":"HIGHLAND AVE + EAST LIBERTY BLVD","weekday_trips":61,"routes":["71B"]}},{"type":"Feature","geometry":{"type":"Point","coordinates":[-79.925052,40.461453]},"properties":{"stop_id":"3133","name":"PENN AVE + HIGHLAND AVE","weekday_trips":254,"routes":["71C","74","77","82","86","88","89"]}},{"type":"Feature","geometry":{"type":"Point","coordinates":[-79.925384,40.45507]},"properties":{"stop_id":"3137","name":"HIGHLAND AVE + ELLWOOD","weekday_trips":61,"routes":["71B"]}},{"type":"Feature","geometry":{"type":"Point","coordinates":[-79.925407,40.454233]},"properties":{"stop_id":"3138","name":"HIGHLAND AVE + WALNUT","weekday_trips":61,"routes":["71B"]}},{"type":"Feature","geometry":{"type":"Point","coordinates":[-79.924941,40.45341]},"properties":{"stop_id":"3139","name":"HIGHLAND AVE + HOWE","weekday_trips":61,"routes":["71B"]}},{"type":"Feature","geometry":{"type":"Point","coordinates":[-79.924126,40.452057]},"properties":{"stop_id":"3140","name":"HIGHLAND AVE + 5TH","weekday_trips":61,"routes":["71B"]}},{"type":"Feature","geometry":{"type":"Point","coordinates":[-79.925696,40.451301]},"properties":{"stop_id":"3141","name":"FIFTH AVE + COLLEGE","weekday_trips":196,"routes":["28X","64","71B","71D"]}},{"type":"Feature","geometry":{"type":"Point","coordinates":[-79.927407,40.450605]},"properties":{"stop_id":"3142","name":"FIFTH AVE + MARYLAND","weekday_trips":196,"routes":["28X","64","71B","71D"]}},{"type":"Feature","geometry":{"type":"Point","coordinates":[-79.92956,40.449917]},"properties":{"stop_id":"3143","name":"FIFTH AVE + NEGLEY","weekday_trips":160,"routes":["28X","71B","71D"]}},{"type":"Feature","geometry":{"type":"Point","coordinates":[-79.932498,40.449009]},"properties":{"stop_id":"3144","name":"FIFTH AVE + BELLEFONTE","weekday_trips":160,"routes":["28X","71B","71D"]}},{"type":"Feature","geometry":{"type":"Point","coordinates":[-79.934101,40.448493]},"properties":{"stop_id":"3145","name":"FIFTH AVE + AIKEN","weekday_trips":160,"routes":["28X","71B","71D"]}},{"type":"Feature","geometry":{"type":"Point","coordinates":[-79.974544,40.438082]},"properties":{"stop_id":"3147","name":"FIFTH AVE + MOULTRIE ST FS","weekday_trips":489,"routes":["61A","61B","61C","61D","71A","71B","71C","71D"]}},{"type":"Feature","geometry":{"type":"Point","coordinates":[-79.975796,40.438191]},"properties":{"stop_id":"3148","name":"FIFTH AVE + SENECA ST","weekday_trips":243,"routes":["61A","61B","61C","71B"]}},{"type":"Feature","geometry":{"type":"Point","coordinates":[-79.977362,40.438275]},"properties":{"stop_id":"3149","name":"FIFTH AVE + WYANDOTTE ST","weekday_trips":243,"routes":["61A","61B","61C","71B"]}},{"type":"Feature","geometry":{"type":"Point","coordinates":[-79.97936,40.438346]},"properties":{"stop_id":"3150","name":"FIFTH AVE + GIST ST","weekday_trips":243,"routes":["61A","61B","61C","71B"]}},{"type":"Feature","geometry":{"type":"Point","coordinates":[-79.980639,40.438397]},"properties":{"stop_id":"3151","name":"FIFTH AVE + DINWIDDIE ST","weekday_trips":243,"routes":["61A","61B","61C","71B"]}},{"type":"Feature","geometry":{"type":"Point","coordinates":[-79.982426,40.438469]},"properties":{"stop_id":"3152","name":"FIFTH AVE + VAN BRAAM ST","weekday_trips":243,"routes":["61A","61B","61C","71B"]}},{"type":"Feature","geometry":{"type":"Point","coordinates":[-79.984852,40.438587]},"properties":{"stop_id":"3154","name":"FIFTH AVE + PRIDE ST","weekday_trips":243,"routes":["61A","61B","61C","71B"]}},{"type":"Feature","geometry":{"type":"Point","coordinates":[-79.986237,40.438646]},"properties":{"stop_id":"3155","name":"FIFTH AVE + STEVENSON ST","weekday_trips":243,"routes":["61A","61B","61C","71B"]}},{"type":"Feature","geometry":{"type":"Point","coordinates":[-79.988113,40.438698]},"properties":{"stop_id":"3156","name":"FIFTH AVE + MAGEE ST","weekday_trips":243,"routes":["61A","61B","61C","71B"]}},{"type":"Feature","geometry":{"type":"Point","coordinates":[-79.990669,40.438843]},"properties":{"stop_id":"3157","name":"FIFTH AVE + WASHINGTON PL","weekday_trips":243,"routes":["61A","61B","61C","71B"]}},{"type":"Feature","geometry":{"type":"Point","coordinates":[-80.021283,40.458842]},"properties":{"stop_id":"3162","name":"CALIFORNIA AVE OPP ST MARKS PLACE","weekday_trips":39,"routes":["13"]}},{"type":"Feature","geometry":{"type":"Point","coordinates":[-80.02329,40.458794]},"properties":{"stop_id":"3163","name":"CALIFORNIA AVE + COLUMBUS AVE BRIDGE","weekday_trips":39,"routes":["13"]}},{"type":"Feature","geometry":{"type":"Point","coordinates":[-80.025195,40.459939]},"properties":{"stop_id":"3164","name":"CALIFORNIA AVE + KUNKLE WAY","weekday_trips":39,"routes":["13"]}},{"type":"Feature","geometry":{"type":"Point","coordinates":[-80.02659,40.460391]},"properties":{"stop_id":"3165","name":"CALIFORNIA AVE + STRANMORE ST","weekday_trips":39,"routes":["13"]}},{"type":"Feature","geometry":{"type":"Point","coordinates":[-80.028593,40.461141]},"properties":{"stop_id":"3166","name":"CALIFORNIA AVE + MARVISTA ST","weekday_trips":39,"routes":["13"]}},{"type":"Feature","geometry":{"type":"Point","coordinates":[-79.852991,40.49957]},"properties":{"stop_id":"3183","name":"FREEPORT RD + CLIFTON","weekday_trips":32,"routes":["1"]}},{"type":"Feature","geometry":{"type":"Point","coordinates":[-79.854585,40.498219]},"properties":{"stop_id":"3185","name":"FREEPORT RD + BOYD","weekday_trips":32,"routes":["1"]}},{"type":"Feature","geometry":{"type":"Point","coordinates":[-79.855794,40.49728]},"properties":{"stop_id":"3186","name":"FREEPORT RD + LEWIS FS","weekday_trips":32,"routes":["1"]}},{"type":"Feature","geometry":{"type":"Point","coordinates":[-79.857063,40.496346]},"properties":{"stop_id":"3187","name":"FREEPORT RD + HUMBOLDT","weekday_trips":32,"routes":["1"]}},{"type":"Feature","geometry":{"type":"Point","coordinates":[-79.85936,40.494728]},"properties":{"stop_id":"3188","name":"FREEPORT RD + CABLE","weekday_trips":32,"routes":["1"]}},{"type":"Feature","geometry":{"type":"Point","coordinates":[-79.860896,40.494002]},"properties":{"stop_id":"3189","name":"FREEPORT RD + MCKINLEY","weekday_trips":32,"routes":["1"]}},{"type":"Feature","geometry":{"type":"Point","coordinates":[-79.862948,40.492969]},"properties":{"stop_id":"3190","name":"FREEPORT RD + BLAW","weekday_trips":32,"routes":["1"]}},{"type":"Feature","geometry":{"type":"Point","coordinates":[-79.864863,40.492051]},"properties":{"stop_id":"3191","name":"FREEPORT + CENTER (BLAWNOX)","weekday_trips":32,"routes":["1"]}},{"type":"Feature","geometry":{"type":"Point","coordinates":[-79.865783,40.491591]},"properties":{"stop_id":"3192","name":"FREEPORT RD + ALPHA (RIDC PARK)","weekday_trips":32,"routes":["1"]}},{"type":"Feature","geometry":{"type":"Point","coordinates":[-79.875036,40.489329]},"properties":{"stop_id":"3195","name":"FREEPORT RD + E OAK HILL RD","weekday_trips":90,"routes":["1","91"]}},{"type":"Feature","geometry":{"type":"Point","coordinates":[-79.876906,40.488955]},"properties":{"stop_id":"3196","name":"FREEPORT RD + S OAK HILL RD","weekday_trips":90,"routes":["1","91"]}},{"type":"Feature","geometry":{"type":"Point","coordinates":[-79.879419,40.488158]},"properties":{"stop_id":"3197","name":"FREEPORT RD + #1150","weekday_trips":90,"routes":["1","91"]}},{"type":"Feature","geometry":{"type":"Point","coordinates":[-79.880675,40.48787]},"properties":{"stop_id":"3198","name":"FREEPORT RD + FOX CHAPEL RD NS (PLAZA DRVWY)","weekday_trips":90,"routes":["1","91"]}},{"type":"Feature","geometry":{"type":"Point","coordinates":[-79.950906,40.444399]},"properties":{"stop_id":"32","name":"BELLEFIELD AVE + BOARD OF EDUCATION","weekday_trips":20,"routes":["58"]}},{"type":"Feature","geometry":{"type":"Point","coordinates":[-79.893924,40.487668]},"properties":{"stop_id":"3203","name":"WATERWORKS MALL + GIANT EAGLE","weekday_trips":123,"routes":["1","75","91"]}},{"type":"Feature","geometry":{"type":"Point","coordinates":[-79.899564,40.488464]},"properties":{"stop_id":"3205","name":"FREEPORT RD + VIRGINIA AVE FS","weekday_trips":123,"routes":["1","75","91"]}},{"type":"Feature","geometry":{"type":"Point","coordinates":[-79.900961,40.488856]},"properties":{"stop_id":"3206","name":"FREEPORT RD + BRILLIANT AVE","weekday_trips":123,"routes":["1","75","91"]}},{"type":"Feature","geometry":{"type":"Point","coordinates":[-79.903171,40.48945]},"properties":{"stop_id":"3207","name":"FREEPORT RD + EASTERN AVE","weekday_trips":123,"routes":["1","75","91"]}},{"type":"Feature","geometry":{"type":"Point","coordinates":[-79.904907,40.489935]},"properties":{"stop_id":"3208","name":"FREEPORT RD + CENTER AVE (ASPINWALL)","weekday_trips":123,"routes":["1","75","91"]}},{"type":"Feature","geometry":{"type":"Point","coordinates":[-79.909084,40.492023]},"properties":{"stop_id":"3210","name":"FREEPORT RD + ORIGINAL MATRESS FACTORY","weekday_trips":123,"routes":["1","75","91"]}},{"type":"Feature","geometry":{"type":"Point","coordinates":[-79.924263,40.488767]},"properties":{"stop_id":"3214","name":"BUTLER ST + JANCEY ST (STEPS)","weekday_trips":19,"routes":["87"]}},{"type":"Feature","geometry":{"type":"Point","coordinates":[-79.921669,40.488174]},"properties":{"stop_id":"3219","name":"BUTLER ST ST + GALLATIN","weekday_trips":19,"routes":["87"]}},{"type":"Feature","geometry":{"type":"Point","coordinates":[-79.921964,40.479594]},"properties":{"stop_id":"3230","name":"MELLON TERRACE + N NEGLEY AVE","weekday_trips":250,"routes":["71A","71B"]}},{"type":"Feature","geometry":{"type":"Point","coordinates":[-80.026952,40.460443]},"properties":{"stop_id":"3234","name":"CALIFORNIA AVE + STRANMORE ST","weekday_trips":39,"routes":["13"]}},{"type":"Feature","geometry":{"type":"Point","coordinates":[-80.025955,40.460087]},"properties":{"stop_id":"3235","name":"CALIFORNIA AVE + KUNKLE WAY","weekday_trips":39,"routes":["13"]}},{"type":"Feature","geometry":{"type":"Point","coordinates":[-80.023582,40.458827]},"properties":{"stop_id":"3236","name":"CALIFORNIA AVE + COLUMBUS AVE BRIDGE","weekday_trips":39,"routes":["13"]}},{"type":"Feature","geometry":{"type":"Point","coordinates":[-80.021297,40.458772]},"properties":{"stop_id":"3237","name":"CALIFORNIA AVE + ST MARKS PLACE","weekday_trips":39,"routes":["13"]}},{"type":"Feature","geometry":{"type":"Point","coordinates":[-80.018436,40.459355]},"properties":{"stop_id":"3238","name":"CALIFORNIA AVE + MARQUIS WAY","weekday_trips":39,"routes":["13"]}},{"type":"Feature","geometry":{"type":"Point","coordinates":[-79.993535,40.437995]},"properties":{"stop_id":"3241","name":"FORBES AVE + BOYD ST (DUQUESNE UNIV)","weekday_trips":245,"routes":["61A","61B","61C","71B"]}},{"type":"Feature","geometry":{"type":"Point","coordinates":[-79.991234,40.43795]},"properties":{"stop_id":"3242","name":"FORBES AVE + MCANULTY DR","weekday_trips":245,"routes":["61A","61B","61C","71B"]}},{"type":"Feature","geometry":{"type":"Point","coordinates":[-79.985293,40.437633]},"properties":{"stop_id":"3245","name":"FORBES AVE + PRIDE ST (MERCY HOSPITAL)","weekday_trips":245,"routes":["61A","61B","61C","71B"]}},{"type":"Feature","geometry":{"type":"Point","coordinates":[-79.982842,40.437528]},"properties":{"stop_id":"3246","name":"FORBES AVE + VAN BRAAM ST","weekday_trips":245,"routes":["61A","61B","61C","71B"]}},{"type":"Feature","geometry":{"type":"Point","coordinates":[-79.981691,40.437476]},"properties":{"stop_id":"3247","name":"FORBES AVE + MILTENBERGER ST","weekday_trips":245,"routes":["61A","61B","61C","71B"]}},{"type":"Feature","geometry":{"type":"Point","coordinates":[-79.979635,40.437387]},"properties":{"stop_id":"3248","name":"FORBES AVE + GIST ST","weekday_trips":245,"routes":["61A","61B","61C","71B"]}},{"type":"Feature","geometry":{"type":"Point","coordinates":[-79.934387,40.448296]},"properties":{"stop_id":"3255","name":"FIFTH AVE + S AIKEN","weekday_trips":162,"routes":["28X","71B","71D"]}},{"type":"Feature","geometry":{"type":"Point","coordinates":[-79.932213,40.448985]},"properties":{"stop_id":"3256","name":"FIFTH AVE + BELLEFONTE","weekday_trips":162,"routes":["28X","71B","71D"]}},{"type":"Feature","geometry":{"type":"Point","coordinates":[-79.929775,40.449741]},"properties":{"stop_id":"3257","name":"FIFTH AVE + NEGLEY","weekday_trips":162,"routes":["28X","71B","71D"]}},{"type":"Feature","geometry":{"type":"Point","coordinates":[-79.927538,40.450439]},"properties":{"stop_id":"3258","name":"FIFTH AVE + MARYLAND","weekday_trips":198,"routes":["28X","64","71B","71D"]}},{"type":"Feature","geometry":{"type":"Point","coordinates":[-79.925929,40.451085]},"properties":{"stop_id":"3259","name":"FIFTH AVE + COLLEGE","weekday_trips":198,"routes":["28X","64","71B","71D"]}},{"type":"Feature","geometry":{"type":"Point","coordinates":[-79.924715,40.453237]},"properties":{"stop_id":"3261","name":"HIGHLAND AVE + HOWE","weekday_trips":63,"routes":["71B"]}},{"type":"Feature","geometry":{"type":"Point","coordinates":[-79.925237,40.454105]},"properties":{"stop_id":"3262","name":"HIGHLAND AVE + WALNUT","weekday_trips":63,"routes":["71B"]}},{"type":"Feature","geometry":{"type":"Point","coordinates":[-79.925271,40.455145]},"properties":{"stop_id":"3263","name":"HIGHLAND AVE + ELWOOD","weekday_trips":63,"routes":["71B"]}},{"type":"Feature","geometry":{"type":"Point","coordinates":[-79.92516,40.45707]},"properties":{"stop_id":"3265","name":"HIGHLAND AVE + ALDER","weekday_trips":63,"routes":["71B"]}},{"type":"Feature","geometry":{"type":"Point","coordinates":[-79.92493,40.460348]},"properties":{"stop_id":"3267","name":"HIGHLAND AVE + BAUM BLVD","weekday_trips":63,"routes":["71B"]}},{"type":"Feature","geometry":{"type":"Point","coordinates":[-79.924789,40.461264]},"properties":{"stop_id":"3268","name":"HIGHLAND AVE + PENN","weekday_trips":63,"routes":["71B"]}},{"type":"Feature","geometry":{"type":"Point","coordinates":[-79.923811,40.463612]},"properties":{"stop_id":"3270","name":"HIGHLAND AVE + STATION ST","weekday_trips":104,"routes":["71B","74","89"]}},{"type":"Feature","geometry":{"type":"Point","coordinates":[-79.922805,40.465716]},"properties":{"stop_id":"3272","name":"HIGHLAND AVE + EAST LIBERTY BLVD","weekday_trips":88,"routes":["71B","74"]}},{"type":"Feature","geometry":{"type":"Point","coordinates":[-79.921019,40.469594]},"properties":{"stop_id":"3274","name":"HIGHLAND AVE + STANTON","weekday_trips":63,"routes":["71B"]}},{"type":"Feature","geometry":{"type":"Point","coordinates":[-79.920347,40.47104]},"properties":{"stop_id":"3275","name":"HIGHLAND AVE + JACKSON","weekday_trips":63,"routes":["71B"]}},{"type":"Feature","geometry":{"type":"Point","coordinates":[-79.919742,40.472346]},"properties":{"stop_id":"3276","name":"HIGHLAND AVE + WELLESLEY","weekday_trips":63,"routes":["71B"]}},{"type":"Feature","geometry":{"type":"Point","coordinates":[-79.919282,40.473348]},"properties":{"stop_id":"3277","name":"HIGHLAND AVE + HAMPTON","weekday_trips":63,"routes":["71B"]}},{"type":"Feature","geometry":{"type":"Point","coordinates":[-79.91879,40.474412]},"properties":{"stop_id":"3278","name":"HIGHLAND AVE + BRYANT CT","weekday_trips":63,"routes":["71B"]}},{"type":"Feature","geometry":{"type":"Point","coordinates":[-79.920339,40.487378]},"properties":{"stop_id":"3285","name":"BAKER ST + BALLARD WAY","weekday_trips":52,"routes":["75","87"]}},{"type":"Feature","geometry":{"type":"Point","coordinates":[-79.922283,40.488408]},"properties":{"stop_id":"3287","name":"BUTLER ST + GALLATIN","weekday_trips":20,"routes":["87"]}},{"type":"Feature","geometry":{"type":"Point","coordinates":[-79.924206,40.488852]},"properties":{"stop_id":"3292","name":"BUTLER ST + JANCEY ST (STEPS)","weekday_trips":20,"routes":["87"]}},{"type":"Feature","geometry":{"type":"Point","coordinates":[-79.938239,40.488085]},"properties":{"stop_id":"3294","name":"BUTLER ST + 62ND ST BRIDGE FS","weekday_trips":78,"routes":["87","91"]}},{"type":"Feature","geometry":{"type":"Point","coordinates":[-79.953102,40.44574]},"properties":{"stop_id":"33","name":"FIFTH AVE + TENNYSON AVE","weekday_trips":832,"routes":["28X","54","58","61A","61B","61C","61D","67","69","71A","71B","71C","71D","75","81","83","93","P3"]}},{"type":"Feature","geometry":{"type":"Point","coordinates":[-79.869972,40.490139]},"properties":{"stop_id":"3302","name":"OLD FREEPORT TERMINUS + FREEPORT","weekday_trips":57,"routes":["91"]}},{"type":"Feature","geometry":{"type":"Point","coordinates":[-79.907452,40.490614]},"properties":{"stop_id":"3304","name":"FREEPORT RD + WESTERN AVE","weekday_trips":121,"routes":["1","75","91"]}},{"type":"Feature","geometry":{"type":"Point","coordinates":[-79.90552,40.490011]},"properties":{"stop_id":"3305","name":"FREEPORT RD + CENTER AVE","weekday_trips":121,"routes":["1","75","91"]}},{"type":"Feature","geometry":{"type":"Point","coordinates":[-79.903626,40.48948]},"properties":{"stop_id":"3306","name":"FREEPORT RD + EASTERN AVE","weekday_trips":121,"routes":["1","75","91"]}},{"type":"Feature","geometry":{"type":"Point","coordinates":[-79.900748,40.488691]},"properties":{"stop_id":"3307","name":"FREEPORT RD + BRILLIANT AVE FS","weekday_trips":121,"routes":["1","75","91"]}},{"type":"Feature","geometry":{"type":"Point","coordinates":[-79.895639,40.487252]},"properties":{"stop_id":"3308","name":"FREEPORT RD + ST MARGARETS DR","weekday_trips":121,"routes":["1","75","91"]}},{"type":"Feature","geometry":{"type":"Point","coordinates":[-79.883056,40.487441]},"properties":{"stop_id":"3309","name":"FREEPORT RD + OLD FREEPORT RD (FOX CHAPEL RD)","weekday_trips":88,"routes":["1","91"]}},{"type":"Feature","geometry":{"type":"Point","coordinates":[-79.959015,40.519035]},"properties":{"stop_id":"3353","name":"MT ROYAL BLVD + BRAUN","weekday_trips":21,"routes":["2","P13"]}},{"type":"Feature","geometry":{"type":"Point","coordinates":[-79.959014,40.517483]},"properties":{"stop_id":"3354","name":"MT ROYAL BLVD + GENESSEE FS","weekday_trips":21,"routes":["2","P13"]}},{"type":"Feature","geometry":{"type":"Point","coordinates":[-79.959122,40.515911]},"properties":{"stop_id":"3355","name":"MT ROYAL BLVD + UNDERCLIFF","weekday_trips":21,"routes":["2","P13"]}},{"type":"Feature","geometry":{"type":"Point","coordinates":[-79.959091,40.514046]},"properties":{"stop_id":"3357","name":"MT ROYAL BLVD + WILJOHN","weekday_trips":21,"routes":["2","P13"]}},{"type":"Feature","geometry":{"type":"Point","coordinates":[-79.95802,40.512321]},"properties":{"stop_id":"3358","name":"MT ROYAL BLVD + PENNVIEW","weekday_trips":21,"routes":["2","P13"]}},{"type":"Feature","geometry":{"type":"Point","coordinates":[-79.956893,40.510693]},"properties":{"stop_id":"3359","name":"MT ROYAL BLVD + IRENE","weekday_trips":21,"routes":["2","P13"]}},{"type":"Feature","geometry":{"type":"Point","coordinates":[-79.951881,40.508183]},"properties":{"stop_id":"3360","name":"GRANT AVE + BYERLEY","weekday_trips":21,"routes":["2","P13"]}},{"type":"Feature","geometry":{"type":"Point","coordinates":[-79.949951,40.505177]},"properties":{"stop_id":"3362","name":"GRANT AVE + VILSACK","weekday_trips":21,"routes":["2","P13"]}},{"type":"Feature","geometry":{"type":"Point","coordinates":[-79.949249,40.504208]},"properties":{"stop_id":"3363","name":"GRANT AVE + WILSON","weekday_trips":21,"routes":["2","P13"]}},{"type":"Feature","geometry":{"type":"Point","coordinates":[-79.943899,40.499024]},"properties":{"stop_id":"3366","name":"BUTLER ST + MAPLEWOOD","weekday_trips":21,"routes":["2","P13"]}},{"type":"Feature","geometry":{"type":"Point","coordinates":[-79.943953,40.497897]},"properties":{"stop_id":"3367","name":"BUTLER ST + HIGH","weekday_trips":21,"routes":["2","P13"]}},{"type":"Feature","geometry":{"type":"Point","coordinates":[-79.94411,40.496565]},"properties":{"stop_id":"3368","name":"BUTLER ST + FREEPORT","weekday_trips":21,"routes":["2","P13"]}},{"type":"Feature","geometry":{"type":"Point","coordinates":[-79.945575,40.495332]},"properties":{"stop_id":"3369","name":"BUTLER ST + CENTER","weekday_trips":53,"routes":["1","2","P13"]}},{"type":"Feature","geometry":{"type":"Point","coordinates":[-79.946454,40.494532]},"properties":{"stop_id":"3370","name":"BUTLER ST + ISABELLA","weekday_trips":53,"routes":["1","2","P13"]}},{"type":"Feature","geometry":{"type":"Point","coordinates":[-79.947985,40.493606]},"properties":{"stop_id":"3371","name":"BUTLER ST + WASHINGTON ST","weekday_trips":53,"routes":["1","2","P13"]}},{"type":"Feature","geometry":{"type":"Point","coordinates":[-79.955668,40.443874]},"properties":{"stop_id":"34","name":"FIFTH AVE + UNIVERSITY PL","weekday_trips":774,"routes":["28X","54","58","61A","61B","61C","61D","67","69","71A","71B","71C","71D","75","93","P3"]}},{"type":"Feature","geometry":{"type":"Point","coordinates":[-79.9637,40.467679]},"properties":{"stop_id":"3401","name":"BUTLER ST + 39TH","weekday_trips":58,"routes":["91"]}},{"type":"Feature","geometry":{"type":"Point","coordinates":[-79.956596,40.494351]},"properties":{"stop_id":"3414","name":"PARKER ST + HILL","weekday_trips":18,"routes":["2"]}},{"type":"Feature","geometry":{"type":"Point","coordinates":[-79.956618,40.494284]},"properties":{"stop_id":"3422","name":"PARKER ST + HILL","weekday_trips":18,"routes":["2"]}},{"type":"Feature","geometry":{"type":"Point","coordinates":[-80.106514,40.481175]},"properties":{"stop_id":"3428","name":"FOREST GROVE RD + CORAOPOLIS RD","weekday_trips":36,"routes":["20"]}},{"type":"Feature","geometry":{"type":"Point","coordinates":[-80.107229,40.483095]},"properties":{"stop_id":"3429","name":"CORAOPOLIS RD + DOROTHY","weekday_trips":36,"routes":["20"]}},{"type":"Feature","geometry":{"type":"Point","coordinates":[-80.106992,40.484056]},"properties":{"stop_id":"3430","name":"CORAOPOLIS RD + #28","weekday_trips":36,"routes":["20"]}},{"type":"Feature","geometry":{"type":"Point","coordinates":[-80.106471,40.48619]},"properties":{"stop_id":"3431","name":"CORAOPOLIS RD + PORTER HOLLOW","weekday_trips":36,"routes":["20"]}},{"type":"Feature","geometry":{"type":"Point","coordinates":[-80.10699,40.487941]},"properties":{"stop_id":"3432","name":"CORAOPOLIS RD + EHLE AVE","weekday_trips":36,"routes":["20"]}},{"type":"Feature","geometry":{"type":"Point","coordinates":[-80.109089,40.489929]},"properties":{"stop_id":"3434","name":"CORAOPOLIS RD + LONG VALLEY","weekday_trips":36,"routes":["20"]}},{"type":"Feature","geometry":{"type":"Point","coordinates":[-80.111687,40.491904]},"properties":{"stop_id":"3436","name":"CORAOPOLIS RD + HWY RT 51","weekday_trips":36,"routes":["20"]}},{"type":"Feature","geometry":{"type":"Point","coordinates":[-80.11516,40.499532]},"properties":{"stop_id":"3438","name":"HERBST RD + #235","weekday_trips":36,"routes":["20"]}},{"type":"Feature","geometry":{"type":"Point","coordinates":[-80.115178,40.486903]},"properties":{"stop_id":"3448","name":"HERBST RD + GRANT","weekday_trips":36,"routes":["20"]}},{"type":"Feature","geometry":{"type":"Point","coordinates":[-80.111894,40.482228]},"properties":{"stop_id":"3452","name":"HERBST RD + FOREST GROVE","weekday_trips":36,"routes":["20"]}},{"type":"Feature","geometry":{"type":"Point","coordinates":[-80.10984,40.481812]},"properties":{"stop_id":"3453","name":"FOREST GROVE RD + SPEER","weekday_trips":36,"routes":["20"]}},{"type":"Feature","geometry":{"type":"Point","coordinates":[-80.10614,40.480961]},"properties":{"stop_id":"3454","name":"FOREST GROVE RD + #324 (FLAMINGO LANDSCAPE)","weekday_trips":36,"routes":["20"]}},{"type":"Feature","geometry":{"type":"Point","coordinates":[-80.104187,40.479599]},"properties":{"stop_id":"3455","name":"FOREST GROVE RD + DIEBOLD RD","weekday_trips":36,"routes":["20"]}},{"type":"Feature","geometry":{"type":"Point","coordinates":[-80.102852,40.477795]},"properties":{"stop_id":"3456","name":"FOREST GROVE RD + MIDWAY","weekday_trips":36,"routes":["20"]}},{"type":"Feature","geometry":{"type":"Point","coordinates":[-80.099249,40.475708]},"properties":{"stop_id":"3458","name":"FOREST GROVE RD + FAIRHAVEN","weekday_trips":36,"routes":["20"]}},{"type":"Feature","geometry":{"type":"Point","coordinates":[-80.09678,40.476633]},"properties":{"stop_id":"3459","name":"MCCOY RD + #1044","weekday_trips":26,"routes":["22"]}},{"type":"Feature","geometry":{"type":"Point","coordinates":[-80.094076,40.477992]},"properties":{"stop_id":"3461","name":"MCCOY RD + GREENWOOD","weekday_trips":26,"routes":["22"]}},{"type":"Feature","geometry":{"type":"Point","coordinates":[-80.090987,40.4804]},"properties":{"stop_id":"3463","name":"MCCOY RD + WARBLER","weekday_trips":26,"routes":["22"]}},{"type":"Feature","geometry":{"type":"Point","coordinates":[-80.089629,40.480428]},"properties":{"stop_id":"3464","name":"MCCOY RD + KENNEDY","weekday_trips":26,"routes":["22"]}},{"type":"Feature","geometry":{"type":"Point","coordinates":[-80.085518,40.479946]},"properties":{"stop_id":"3466","name":"MCCOY RD + AL SMITH","weekday_trips":26,"routes":["22"]}},{"type":"Feature","geometry":{"type":"Point","coordinates":[-80.08387,40.479733]},"properties":{"stop_id":"3467","name":"MCCOY RD + NEVILLE","weekday_trips":26,"routes":["22"]}},{"type":"Feature","geometry":{"type":"Point","coordinates":[-80.081358,40.480808]},"properties":{"stop_id":"3468","name":"MCCOY RD + #723","weekday_trips":26,"routes":["22"]}},{"type":"Feature","geometry":{"type":"Point","coordinates":[-80.079217,40.480699]},"properties":{"stop_id":"3469","name":"MCCOY RD + HILLCREST","weekday_trips":26,"routes":["22"]}},{"type":"Feature","geometry":{"type":"Point","coordinates":[-80.078663,40.479688]},"properties":{"stop_id":"3470","name":"MCCOY RD + JEFFERSON","weekday_trips":26,"routes":["22"]}},{"type":"Feature","geometry":{"type":"Point","coordinates":[-80.072771,40.475629]},"properties":{"stop_id":"3472","name":"MCCOY RD + DUNN","weekday_trips":26,"routes":["22"]}},{"type":"Feature","geometry":{"type":"Point","coordinates":[-80.065353,40.475764]},"properties":{"stop_id":"3475","name":"MCCOY RD + ISLAND","weekday_trips":26,"routes":["22"]}},{"type":"Feature","geometry":{"type":"Point","coordinates":[-80.099363,40.475023]},"properties":{"stop_id":"3476","name":"FAIRHAVEN RD + KENMAWR PLAZA ENT","weekday_trips":44,"routes":["20","22"]}},{"type":"Feature","geometry":{"type":"Point","coordinates":[-80.100145,40.470546]},"properties":{"stop_id":"3478","name":"FAIRHAVEN RD + #63","weekday_trips":44,"routes":["20","22"]}},{"type":"Feature","geometry":{"type":"Point","coordinates":[-80.09716,40.46788]},"properties":{"stop_id":"3479","name":"KENNEDY CTR GIANT EAGLE + ENTRANCE","weekday_trips":150,"routes":["20","22","24"]}},{"type":"Feature","geometry":{"type":"Point","coordinates":[-80.091657,40.471759]},"properties":{"stop_id":"3482","name":"HECKLE RD + OHIO VALLEY HOSPITAL ENTRANCE","weekday_trips":49,"routes":["20","24"]}},{"type":"Feature","geometry":{"type":"Point","coordinates":[-80.095929,40.474942]},"properties":{"stop_id":"3483","name":"HECKLE RD + PINE HOLLOW","weekday_trips":49,"routes":["20","24"]}},{"type":"Feature","geometry":{"type":"Point","coordinates":[-80.072707,40.475651]},"properties":{"stop_id":"3487","name":"MCCOY RD + DUNN","weekday_trips":26,"routes":["22"]}},{"type":"Feature","geometry":{"type":"Point","coordinates":[-80.07849,40.479544]},"properties":{"stop_id":"3489","name":"MCCOY RD + JEFFERSON","weekday_trips":26,"routes":["22"]}},{"type":"Feature","geometry":{"type":"Point","coordinates":[-80.079169,40.480791]},"properties":{"stop_id":"3490","name":"MCCOY RD + SHAFTER","weekday_trips":26,"routes":["22"]}},{"type":"Feature","geometry":{"type":"Point","coordinates":[-80.081411,40.480859]},"properties":{"stop_id":"3491","name":"MCCOY RD + #724","weekday_trips":26,"routes":["22"]}},{"type":"Feature","geometry":{"type":"Point","coordinates":[-80.08562,40.48002]},"properties":{"stop_id":"3493","name":"MCCOY RD + LENORE","weekday_trips":26,"routes":["22"]}},{"type":"Feature","geometry":{"type":"Point","coordinates":[-80.09092,40.480464]},"properties":{"stop_id":"3496","name":"MCCOY RD + WARBLER","weekday_trips":26,"routes":["22"]}},{"type":"Feature","geometry":{"type":"Point","coordinates":[-80.093998,40.478088]},"properties":{"stop_id":"3498","name":"MCCOY RD + GREENWOOD","weekday_trips":26,"routes":["22"]}},{"type":"Feature","geometry":{"type":"Point","coordinates":[-79.956511,40.443282]},"properties":{"stop_id":"35","name":"FIFTH AVE + THACKERAY AVE","weekday_trips":832,"routes":["28X","54","58","61A","61B","61C","61D","67","69","71A","71B","71C","71D","75","81","83","93","P3"]}},{"type":"Feature","geometry":{"type":"Point","coordinates":[-80.096848,40.476684]},"properties":{"stop_id":"3500","name":"MCCOY RD + #1044","weekday_trips":26,"routes":["22"]}},{"type":"Feature","geometry":{"type":"Point","coordinates":[-80.098754,40.47574]},"properties":{"stop_id":"3502","name":"FOREST GROVE RD + STARLING","weekday_trips":18,"routes":["20"]}},{"type":"Feature","geometry":{"type":"Point","coordinates":[-80.100788,40.476234]},"properties":{"stop_id":"3503","name":"FOREST GROVE RD + #1764 (PLAZA)","weekday_trips":36,"routes":["20"]}},{"type":"Feature","geometry":{"type":"Point","coordinates":[-80.102765,40.477876]},"properties":{"stop_id":"3504","name":"FOREST GROVE RD + MIDWAY","weekday_trips":36,"routes":["20"]}},{"type":"Feature","geometry":{"type":"Point","coordinates":[-80.104234,40.479858]},"properties":{"stop_id":"3505","name":"FOREST GROVE RD + ST MALACHY CHURCH","weekday_trips":36,"routes":["20"]}},{"type":"Feature","geometry":{"type":"Point","coordinates":[-80.094421,40.473517]},"properties":{"stop_id":"3507","name":"HECKEL RD + KENMAWR PLAZA","weekday_trips":49,"routes":["20","24"]}},{"type":"Feature","geometry":{"type":"Point","coordinates":[-80.091671,40.471688]},"properties":{"stop_id":"3508","name":"HECKLE RD + OHIO VALLEY HOSPITAL ENTRANCE","weekday_trips":49,"routes":["20","24"]}},{"type":"Feature","geometry":{"type":"Point","coordinates":[-80.10011,40.47095]},"properties":{"stop_id":"3511","name":"FAIRHAVEN RD + #59","weekday_trips":44,"routes":["20","22"]}},{"type":"Feature","geometry":{"type":"Point","coordinates":[-80.099333,40.474821]},"properties":{"stop_id":"3513","name":"FAIRHAVEN RD + KENMAWR PLAZA ENTRANCE (SHELTER)","weekday_trips":44,"routes":["20","22"]}},{"type":"Feature","geometry":{"type":"Point","coordinates":[-80.057317,40.47397]},"properties":{"stop_id":"3551","name":"HELEN ST + ELLA","weekday_trips":26,"routes":["22"]}},{"type":"Feature","geometry":{"type":"Point","coordinates":[-80.056347,40.472795]},"properties":{"stop_id":"3552","name":"HELEN ST + CATHERINE","weekday_trips":26,"routes":["22"]}},{"type":"Feature","geometry":{"type":"Point","coordinates":[-80.054687,40.470665]},"properties":{"stop_id":"3554","name":"HELEN ST + ROBB (MUNSON)","weekday_trips":26,"routes":["22"]}},{"type":"Feature","geometry":{"type":"Point","coordinates":[-80.053341,40.465422]},"properties":{"stop_id":"3556","name":"RIVER AVE + W CARSON NS","weekday_trips":26,"routes":["22"]}},{"type":"Feature","geometry":{"type":"Point","coordinates":[-80.05269,40.466238]},"properties":{"stop_id":"3570","name":"RIVER AVE + MARINA","weekday_trips":26,"routes":["22"]}},{"type":"Feature","geometry":{"type":"Point","coordinates":[-80.053927,40.470385]},"properties":{"stop_id":"3572","name":"RIVER AVE + RAILROAD UNDERPASS","weekday_trips":26,"routes":["22"]}},{"type":"Feature","geometry":{"type":"Point","coordinates":[-80.054546,40.470637]},"properties":{"stop_id":"3573","name":"ROBB ST + HELEN","weekday_trips":26,"routes":["22"]}},{"type":"Feature","geometry":{"type":"Point","coordinates":[-80.055306,40.47151]},"properties":{"stop_id":"3574","name":"HELEN ST + SPROUL","weekday_trips":26,"routes":["22"]}},{"type":"Feature","geometry":{"type":"Point","coordinates":[-80.056236,40.472643]},"properties":{"stop_id":"3575","name":"HELEN ST + CATHERINE","weekday_trips":26,"routes":["22"]}},{"type":"Feature","geometry":{"type":"Point","coordinates":[-80.057502,40.474345]},"properties":{"stop_id":"3576","name":"HELEN ST + ELLA","weekday_trips":26,"routes":["22"]}},{"type":"Feature","geometry":{"type":"Point","coordinates":[-79.958443,40.441902]},"properties":{"stop_id":"36","name":"FIFTH AVE + ATWOOD ST","weekday_trips":1047,"routes":["28X","54","61A","61B","61C","61D","67","69","71A","71B","71C","71D","75","93","P3"]}},{"type":"Feature","geometry":{"type":"Point","coordinates":[-80.084366,40.467933]},"properties":{"stop_id":"3609","name":"CHARTIERS AVE EXT + HOWARD","weekday_trips":18,"routes":["20"]}},{"type":"Feature","geometry":{"type":"Point","coordinates":[-80.081807,40.467038]},"properties":{"stop_id":"3611","name":"CHARTIERS AVE EXT + #1536","weekday_trips":18,"routes":["20"]}},{"type":"Feature","geometry":{"type":"Point","coordinates":[-80.079769,40.466664]},"properties":{"stop_id":"3612","name":"CHARTIERS AVE EXT + STATE","weekday_trips":18,"routes":["20"]}},{"type":"Feature","geometry":{"type":"Point","coordinates":[-80.068538,40.464879]},"properties":{"stop_id":"3617","name":"CHARTIERS AVE + AMELIA","weekday_trips":18,"routes":["20"]}},{"type":"Feature","geometry":{"type":"Point","coordinates":[-80.067358,40.467846]},"properties":{"stop_id":"3620","name":"BROADWAY ST + 3RD","weekday_trips":31,"routes":["24"]}},{"type":"Feature","geometry":{"type":"Point","coordinates":[-80.069234,40.469253]},"properties":{"stop_id":"3621","name":"BROADWAY ST + WAYNE","weekday_trips":31,"routes":["24"]}},{"type":"Feature","geometry":{"type":"Point","coordinates":[-80.070792,40.470432]},"properties":{"stop_id":"3622","name":"BROADWAY ST + CHARLES","weekday_trips":31,"routes":["24"]}},{"type":"Feature","geometry":{"type":"Point","coordinates":[-80.072652,40.47182]},"properties":{"stop_id":"3623","name":"BROADWAY ST + DALE","weekday_trips":31,"routes":["24"]}},{"type":"Feature","geometry":{"type":"Point","coordinates":[-80.064176,40.46576]},"properties":{"stop_id":"3629","name":"CHARTIERS AVE + MARGARET","weekday_trips":49,"routes":["20","24"]}},{"type":"Feature","geometry":{"type":"Point","coordinates":[-80.063944,40.46581]},"properties":{"stop_id":"3633","name":"CHARTIERS AVE + MARGARET","weekday_trips":49,"routes":["20","24"]}},{"type":"Feature","geometry":{"type":"Point","coordinates":[-80.066156,40.465738]},"properties":{"stop_id":"3634","name":"CHARTIERS AVE + BROADWAY AVE","weekday_trips":49,"routes":["20","24"]}},{"type":"Feature","geometry":{"type":"Point","coordinates":[-80.068155,40.465018]},"properties":{"stop_id":"3635","name":"CHARTIERS AVE + AMELIA NS","weekday_trips":18,"routes":["20"]}},{"type":"Feature","geometry":{"type":"Point","coordinates":[-80.070591,40.464972]},"properties":{"stop_id":"3636","name":"CHARTIERS AVE + CRAWFORD","weekday_trips":18,"routes":["20"]}},{"type":"Feature","geometry":{"type":"Point","coordinates":[-80.073953,40.465004]},"properties":{"stop_id":"3638","name":"CHARTIERS AVE + SINGER","weekday_trips":18,"routes":["20"]}},{"type":"Feature","geometry":{"type":"Point","coordinates":[-80.07254,40.471866]},"properties":{"stop_id":"3644","name":"BROADWAY ST + DALE","weekday_trips":31,"routes":["24"]}},{"type":"Feature","geometry":{"type":"Point","coordinates":[-80.070404,40.470256]},"properties":{"stop_id":"3645","name":"BROADWAY ST + CHARLES","weekday_trips":31,"routes":["24"]}},{"type":"Feature","geometry":{"type":"Point","coordinates":[-80.069028,40.469222]},"properties":{"stop_id":"3646","name":"BROADWAY ST + WAYNE","weekday_trips":31,"routes":["24"]}},{"type":"Feature","geometry":{"type":"Point","coordinates":[-80.066959,40.467451]},"properties":{"stop_id":"3647","name":"BROADWAY ST + 3RD","weekday_trips":31,"routes":["24"]}},{"type":"Feature","geometry":{"type":"Point","coordinates":[-80.066513,40.466068]},"properties":{"stop_id":"3648","name":"BROADWAY ST +LAKE","weekday_trips":31,"routes":["24"]}},{"type":"Feature","geometry":{"type":"Point","coordinates":[-80.077099,40.466554]},"properties":{"stop_id":"3649","name":"CHARTIERS AVE EXT + OWEN","weekday_trips":18,"routes":["20"]}},{"type":"Feature","geometry":{"type":"Point","coordinates":[-80.079731,40.466716]},"properties":{"stop_id":"3650","name":"CHARTIERS AVE EXT + STATE","weekday_trips":18,"routes":["20"]}},{"type":"Feature","geometry":{"type":"Point","coordinates":[-80.081779,40.467084]},"properties":{"stop_id":"3651","name":"CHARTIERS AVE EXT + #1536","weekday_trips":18,"routes":["20"]}},{"type":"Feature","geometry":{"type":"Point","coordinates":[-80.084113,40.46791]},"properties":{"stop_id":"3653","name":"CHARTIERS AVE EXT + HOWARD","weekday_trips":18,"routes":["20"]}},{"type":"Feature","geometry":{"type":"Point","coordinates":[-80.091064,40.4706]},"properties":{"stop_id":"3655","name":"CHARTIERS AVE EXT + HECKLE","weekday_trips":18,"routes":["20"]}},{"type":"Feature","geometry":{"type":"Point","coordinates":[-80.101537,40.469416]},"properties":{"stop_id":"3671","name":"CLEVER RD + PATRICIA PARK","weekday_trips":31,"routes":["24"]}},{"type":"Feature","geometry":{"type":"Point","coordinates":[-80.085777,40.475581]},"properties":{"stop_id":"3675","name":"PINE HOLLOW RD + #1625 (Mickeys Place)","weekday_trips":31,"routes":["24"]}},{"type":"Feature","geometry":{"type":"Point","coordinates":[-80.081848,40.47533]},"properties":{"stop_id":"3676","name":"BROADWAY ST + 15TH","weekday_trips":31,"routes":["24"]}},{"type":"Feature","geometry":{"type":"Point","coordinates":[-80.080833,40.474985]},"properties":{"stop_id":"3677","name":"BROADWAY ST + 14TH","weekday_trips":31,"routes":["24"]}},{"type":"Feature","geometry":{"type":"Point","coordinates":[-80.079753,40.474618]},"properties":{"stop_id":"3678","name":"BROADWAY ST + 13TH","weekday_trips":31,"routes":["24"]}},{"type":"Feature","geometry":{"type":"Point","coordinates":[-80.076289,40.473437]},"properties":{"stop_id":"3680","name":"BROADWAY ST + 9TH FS","weekday_trips":31,"routes":["24"]}},{"type":"Feature","geometry":{"type":"Point","coordinates":[-80.079705,40.474699]},"properties":{"stop_id":"3687","name":"BROADWAY ST + 13TH","weekday_trips":31,"routes":["24"]}},{"type":"Feature","geometry":{"type":"Point","coordinates":[-80.080594,40.474999]},"properties":{"stop_id":"3688","name":"BROADWAY ST + 14TH","weekday_trips":31,"routes":["24"]}},{"type":"Feature","geometry":{"type":"Point","coordinates":[-80.081494,40.475305]},"properties":{"stop_id":"3689","name":"BROADWAY ST + 15TH","weekday_trips":31,"routes":["24"]}},{"type":"Feature","geometry":{"type":"Point","coordinates":[-80.083726,40.475651]},"properties":{"stop_id":"3690","name":"BROADWAY ST + PINE HOLLOW","weekday_trips":31,"routes":["24"]}},{"type":"Feature","geometry":{"type":"Point","coordinates":[-80.100838,40.469768]},"properties":{"stop_id":"3693","name":"CLEVER RD + PATRICIA PARK","weekday_trips":31,"routes":["24"]}},{"type":"Feature","geometry":{"type":"Point","coordinates":[-80.040762,40.39201]},"properties":{"stop_id":"37","name":"DORMONT JUNCTION","weekday_trips":62,"routes":["RED"]}},{"type":"Feature","geometry":{"type":"Point","coordinates":[-80.069946,40.441776]},"properties":{"stop_id":"3711","name":"CRAFTON INGRAM SHOPPING CENTER + RITE-AID","weekday_trips":122,"routes":["26","27"]}},{"type":"Feature","geometry":{"type":"Point","coordinates":[-80.071756,40.44076]},"properties":{"stop_id":"3714","name":"CRAFTON INGRAM SHOPPING CENTER + GIANT EAGLE","weekday_trips":122,"routes":["26","27"]}},{"type":"Feature","geometry":{"type":"Point","coordinates":[-80.068642,40.440754]},"properties":{"stop_id":"3715","name":"FOSTER AVE + SR CITIZEN BLDG","weekday_trips":61,"routes":["26","27"]}},{"type":"Feature","geometry":{"type":"Point","coordinates":[-80.080671,40.44973]},"properties":{"stop_id":"3731","name":"BROADHEAD-FORDING RD + VILLAGE RD #2","weekday_trips":30,"routes":["27"]}},{"type":"Feature","geometry":{"type":"Point","coordinates":[-80.078634,40.451405]},"properties":{"stop_id":"3732","name":"BROADHEAD-FORDING RD + VILLAGE RD #1","weekday_trips":30,"routes":["27"]}},{"type":"Feature","geometry":{"type":"Point","coordinates":[-80.080158,40.456291]},"properties":{"stop_id":"3740","name":"WINDGAP AVE + SUMMERDALE FS","weekday_trips":30,"routes":["27"]}},{"type":"Feature","geometry":{"type":"Point","coordinates":[-80.079043,40.458209]},"properties":{"stop_id":"3741","name":"WINDGAP AVE + BELHURST","weekday_trips":30,"routes":["27"]}},{"type":"Feature","geometry":{"type":"Point","coordinates":[-80.077777,40.459235]},"properties":{"stop_id":"3742","name":"WINDGAP AVE + CHARTIERS","weekday_trips":30,"routes":["27"]}},{"type":"Feature","geometry":{"type":"Point","coordinates":[-80.078982,40.458368]},"properties":{"stop_id":"3752","name":"WINDGAP AVE + BELHURST","weekday_trips":30,"routes":["27"]}},{"type":"Feature","geometry":{"type":"Point","coordinates":[-80.080271,40.456255]},"properties":{"stop_id":"3753","name":"WINDGAP AVE + SUMMERDALE","weekday_trips":30,"routes":["27"]}},{"type":"Feature","geometry":{"type":"Point","coordinates":[-80.07992,40.440284]},"properties":{"stop_id":"3766","name":"STEUBEN ST + CRAFTON","weekday_trips":22,"routes":["29"]}},{"type":"Feature","geometry":{"type":"Point","coordinates":[-80.076178,40.439504]},"properties":{"stop_id":"3767","name":"STEUBEN ST + DUNCAN","weekday_trips":22,"routes":["29"]}},{"type":"Feature","geometry":{"type":"Point","coordinates":[-79.961698,40.439483]},"properties":{"stop_id":"38","name":"FIFTH AVE + CHESTERFIELD RD","weekday_trips":832,"routes":["28X","54","58","61A","61B","61C","61D","67","69","71A","71B","71C","71D","75","81","83","93","P3"]}},{"type":"Feature","geometry":{"type":"Point","coordinates":[-80.091124,40.404353]},"properties":{"stop_id":"3898","name":"3RD ST + MAIN FS","weekday_trips":5,"routes":["G31"]}},{"type":"Feature","geometry":{"type":"Point","coordinates":[-79.963749,40.437583]},"properties":{"stop_id":"39","name":"CRAFT AVE + FIFTH FS (DIALYSIS CTR)","weekday_trips":50,"routes":["58","93"]}},{"type":"Feature","geometry":{"type":"Point","coordinates":[-80.088441,40.401629]},"properties":{"stop_id":"3901","name":"CAROTHERS AVE + CREEK","weekday_trips":5,"routes":["G31"]}},{"type":"Feature","geometry":{"type":"Point","coordinates":[-80.088316,40.400288]},"properties":{"stop_id":"3902","name":"CAROTHERS AVE + HILL","weekday_trips":5,"routes":["G31"]}},{"type":"Feature","geometry":{"type":"Point","coordinates":[-80.088351,40.397847]},"properties":{"stop_id":"3903","name":"CAROTHERS AVE + LOCUST","weekday_trips":5,"routes":["G31"]}},{"type":"Feature","geometry":{"type":"Point","coordinates":[-80.088052,40.396567]},"properties":{"stop_id":"3904","name":"CAROTHERS AVE + FINLEY FS","weekday_trips":5,"routes":["G31"]}},{"type":"Feature","geometry":{"type":"Point","coordinates":[-80.084938,40.396637]},"properties":{"stop_id":"3905","name":"WASHINGTON AVE + HOPE","weekday_trips":28,"routes":["31"]}},{"type":"Feature","geometry":{"type":"Point","coordinates":[-80.082669,40.399678]},"properties":{"stop_id":"3906","name":"WASHINGTON AVE + MARSHALL","weekday_trips":28,"routes":["31"]}},{"type":"Feature","geometry":{"type":"Point","coordinates":[-80.082966,40.401462]},"properties":{"stop_id":"3907","name":"WASHINGTON AVE + FRANKLIN","weekday_trips":28,"routes":["31"]}},{"type":"Feature","geometry":{"type":"Point","coordinates":[-80.083476,40.404492]},"properties":{"stop_id":"3909","name":"WASHINGTON AVE + LINCOLN","weekday_trips":28,"routes":["31"]}},{"type":"Feature","geometry":{"type":"Point","coordinates":[-80.089308,40.407188]},"properties":{"stop_id":"3920","name":"MANSFIELD BLVD + CHARTIERS FS","weekday_trips":5,"routes":["G31"]}},{"type":"Feature","geometry":{"type":"Point","coordinates":[-80.023434,40.411176]},"properties":{"stop_id":"40","name":"FALLOWFIELD STATION","weekday_trips":62,"routes":["RED"]}},{"type":"Feature","geometry":{"type":"Point","coordinates":[-80.08326,40.402742]},"properties":{"stop_id":"4046","name":"WASHINGTON AVE + KNOX AVE FS","weekday_trips":28,"routes":["31"]}},{"type":"Feature","geometry":{"type":"Point","coordinates":[-80.083092,40.401687]},"properties":{"stop_id":"4047","name":"WASHINGTON AVE + FRANKLIN","weekday_trips":28,"routes":["31"]}},{"type":"Feature","geometry":{"type":"Point","coordinates":[-80.084934,40.396778]},"properties":{"stop_id":"4049","name":"WASHINGTON AVE + HOPE","weekday_trips":28,"routes":["31"]}},{"type":"Feature","geometry":{"type":"Point","coordinates":[-80.086365,40.396109]},"properties":{"stop_id":"4050","name":"WASHINGTON AVE + CAROTHERS","weekday_trips":28,"routes":["31"]}},{"type":"Feature","geometry":{"type":"Point","coordinates":[-80.087988,40.396636]},"properties":{"stop_id":"4051","name":"CAROTHERS AVE + FINLEY","weekday_trips":5,"routes":["G31"]}},{"type":"Feature","geometry":{"type":"Point","coordinates":[-80.088246,40.397881]},"properties":{"stop_id":"4052","name":"CAROTHERS AVE + LOCUST","weekday_trips":5,"routes":["G31"]}},{"type":"Feature","geometry":{"type":"Point","coordinates":[-80.088222,40.399545]},"properties":{"stop_id":"4053","name":"CAROTHERS AVE + PACHEL","weekday_trips":5,"routes":["G31"]}},{"type":"Feature","geometry":{"type":"Point","coordinates":[-80.088397,40.40171]},"properties":{"stop_id":"4054","name":"CAROTHERS AVE + CREEK","weekday_trips":5,"routes":["G31"]}},{"type":"Feature","geometry":{"type":"Point","coordinates":[-80.069144,40.43686]},"properties":{"stop_id":"4068","name":"CRENNEL AVE + BROADHEAD AVE","weekday_trips":22,"routes":["29"]}},{"type":"Feature","geometry":{"type":"Point","coordinates":[-80.068574,40.435815]},"properties":{"stop_id":"4069","name":"CRENNEL AVE + LINWOOD AVE","weekday_trips":22,"routes":["29"]}},{"type":"Feature","geometry":{"type":"Point","coordinates":[-80.066397,40.435042]},"properties":{"stop_id":"4070","name":"STOTZ AVE + CRAFTON MUNICIPAL BLDG","weekday_trips":22,"routes":["29"]}},{"type":"Feature","geometry":{"type":"Point","coordinates":[-80.063244,40.438262]},"properties":{"stop_id":"4075","name":"NOBLE AVE + STEUBEN","weekday_trips":22,"routes":["29"]}},{"type":"Feature","geometry":{"type":"Point","coordinates":[-80.06768,40.448341]},"properties":{"stop_id":"4085","name":"BERRY ST + SCOTIA","weekday_trips":31,"routes":["26"]}},{"type":"Feature","geometry":{"type":"Point","coordinates":[-80.068213,40.449796]},"properties":{"stop_id":"4086","name":"LADOGA ST + #3218","weekday_trips":31,"routes":["26"]}},{"type":"Feature","geometry":{"type":"Point","coordinates":[-80.06952,40.451368]},"properties":{"stop_id":"4088","name":"LADOGA ST + MIDDLETOWN","weekday_trips":31,"routes":["26"]}},{"type":"Feature","geometry":{"type":"Point","coordinates":[-80.067743,40.451812]},"properties":{"stop_id":"4089","name":"FARONIA ST + WYNETTE","weekday_trips":61,"routes":["26","27"]}},{"type":"Feature","geometry":{"type":"Point","coordinates":[-80.065951,40.452025]},"properties":{"stop_id":"4091","name":"JEFFERS ST + FADETTE","weekday_trips":61,"routes":["26","27"]}},{"type":"Feature","geometry":{"type":"Point","coordinates":[-80.065506,40.452919]},"properties":{"stop_id":"4092","name":"JEFFERS ST + #1331","weekday_trips":61,"routes":["26","27"]}},{"type":"Feature","geometry":{"type":"Point","coordinates":[-80.060763,40.453663]},"properties":{"stop_id":"4095","name":"CHARTIERS AVE + UNIVERSAL","weekday_trips":31,"routes":["26"]}},{"type":"Feature","geometry":{"type":"Point","coordinates":[-80.059574,40.453914]},"properties":{"stop_id":"4096","name":"CHARTIERS AVE + ALLENDALE","weekday_trips":31,"routes":["26"]}},{"type":"Feature","geometry":{"type":"Point","coordinates":[-80.058335,40.454256]},"properties":{"stop_id":"4097","name":"CHARTIERS AVE + CITADEL FS","weekday_trips":31,"routes":["26"]}},{"type":"Feature","geometry":{"type":"Point","coordinates":[-80.056388,40.453934]},"properties":{"stop_id":"4098","name":"CHARTIERS AVE + DITZLER","weekday_trips":31,"routes":["26"]}},{"type":"Feature","geometry":{"type":"Point","coordinates":[-80.05485,40.453375]},"properties":{"stop_id":"4099","name":"CHARTIERS AVE + HILLSBORO","weekday_trips":31,"routes":["26"]}},{"type":"Feature","geometry":{"type":"Point","coordinates":[-80.001748,40.438436]},"properties":{"stop_id":"41","name":"BLVD OF ALLIES + WOOD ST","weekday_trips":100,"routes":["52L","53L","56","57","58"]}},{"type":"Feature","geometry":{"type":"Point","coordinates":[-80.054234,40.452532]},"properties":{"stop_id":"4100","name":"CHARTIERS AVE + LITCHFIELD (STEPS)","weekday_trips":31,"routes":["26"]}},{"type":"Feature","geometry":{"type":"Point","coordinates":[-80.045619,40.450483]},"properties":{"stop_id":"4104","name":"CHARTIERS AVE + CORLISS","weekday_trips":31,"routes":["26"]}},{"type":"Feature","geometry":{"type":"Point","coordinates":[-80.041492,40.44471]},"properties":{"stop_id":"4108","name":"CHARTIERS AVE + AZALIA FS","weekday_trips":31,"routes":["26"]}},{"type":"Feature","geometry":{"type":"Point","coordinates":[-80.040743,40.444018]},"properties":{"stop_id":"4109","name":"CHARTIERS AVE + LORENZ","weekday_trips":31,"routes":["26"]}},{"type":"Feature","geometry":{"type":"Point","coordinates":[-80.039676,40.442902]},"properties":{"stop_id":"4110","name":"CHARTIERS AVE + MARLOW","weekday_trips":31,"routes":["26"]}},{"type":"Feature","geometry":{"type":"Point","coordinates":[-80.036666,40.441242]},"properties":{"stop_id":"4111","name":"STEUBEN ST + #211","weekday_trips":83,"routes":["26","27","29"]}},{"type":"Feature","geometry":{"type":"Point","coordinates":[-80.035399,40.441639]},"properties":{"stop_id":"4112","name":"STEUBEN ST + WABASH","weekday_trips":83,"routes":["26","27","29"]}},{"type":"Feature","geometry":{"type":"Point","coordinates":[-80.034611,40.44192]},"properties":{"stop_id":"4113","name":"STEUBEN ST + ALEXANDER","weekday_trips":83,"routes":["26","27","29"]}},{"type":"Feature","geometry":{"type":"Point","coordinates":[-80.033115,40.442464]},"properties":{"stop_id":"4114","name":"STEUBEN ST + SANCTUS FS","weekday_trips":83,"routes":["26","27","29"]}},{"type":"Feature","geometry":{"type":"Point","coordinates":[-80.077193,40.458891]},"properties":{"stop_id":"4119","name":"CHARTIERS AVE + MERLE","weekday_trips":30,"routes":["27"]}},{"type":"Feature","geometry":{"type":"Point","coordinates":[-80.07561,40.458097]},"properties":{"stop_id":"4120","name":"CHARTIERS AVE + EYRE WAY","weekday_trips":30,"routes":["27"]}},{"type":"Feature","geometry":{"type":"Point","coordinates":[-80.073578,40.457566]},"properties":{"stop_id":"4121","name":"CHARTIERS AVE + MIDDLETOWN","weekday_trips":30,"routes":["27"]}},{"type":"Feature","geometry":{"type":"Point","coordinates":[-80.070882,40.458125]},"properties":{"stop_id":"4122","name":"CHARTIERS AVE + KRUPP","weekday_trips":30,"routes":["27"]}},{"type":"Feature","geometry":{"type":"Point","coordinates":[-80.069091,40.458416]},"properties":{"stop_id":"4123","name":"CHARTIERS AVE + OLTMAN","weekday_trips":30,"routes":["27"]}},{"type":"Feature","geometry":{"type":"Point","coordinates":[-80.067497,40.457868]},"properties":{"stop_id":"4124","name":"CHARTIERS AVE + OETTING","weekday_trips":30,"routes":["27"]}},{"type":"Feature","geometry":{"type":"Point","coordinates":[-80.005643,40.44144]},"properties":{"stop_id":"4126","name":"LIBERTY AVE + WYNDHAM GRAND HOTEL","weekday_trips":286,"routes":["28X","65","67","69","77","G2","P10","P17","P69","P7","P76","P78"]}},{"type":"Feature","geometry":{"type":"Point","coordinates":[-80.033496,40.442412]},"properties":{"stop_id":"4129","name":"STEUBEN ST + SANCTUS","weekday_trips":82,"routes":["26","27","29"]}},{"type":"Feature","geometry":{"type":"Point","coordinates":[-80.035398,40.441723]},"properties":{"stop_id":"4131","name":"STEUBEN ST + PLANET FS (WABASH)","weekday_trips":82,"routes":["26","27","29"]}},{"type":"Feature","geometry":{"type":"Point","coordinates":[-80.037478,40.441326]},"properties":{"stop_id":"4132","name":"STEUBEN ST + LINHART","weekday_trips":82,"routes":["26","27","29"]}},{"type":"Feature","geometry":{"type":"Point","coordinates":[-80.03965,40.443095]},"properties":{"stop_id":"4133","name":"CHARTIERS AVE + MARLOW","weekday_trips":31,"routes":["26"]}},{"type":"Feature","geometry":{"type":"Point","coordinates":[-80.040525,40.443958]},"properties":{"stop_id":"4134","name":"CHARTIERS AVE + LORENZ","weekday_trips":31,"routes":["26"]}},{"type":"Feature","geometry":{"type":"Point","coordinates":[-80.041452,40.444836]},"properties":{"stop_id":"4135","name":"CHARTIERS AVE + AZALIA","weekday_trips":31,"routes":["26"]}},{"type":"Feature","geometry":{"type":"Point","coordinates":[-80.044004,40.447494]},"properties":{"stop_id":"4137","name":"CHARTIERS AVE + NITTANY","weekday_trips":31,"routes":["26"]}},{"type":"Feature","geometry":{"type":"Point","coordinates":[-80.045099,40.450326]},"properties":{"stop_id":"4139","name":"CHARTIERS AVE + CORLISS","weekday_trips":31,"routes":["26"]}},{"type":"Feature","geometry":{"type":"Point","coordinates":[-80.050313,40.451409]},"properties":{"stop_id":"4141","name":"CHARTIERS AVE + DUBOIS","weekday_trips":31,"routes":["26"]}},{"type":"Feature","geometry":{"type":"Point","coordinates":[-80.052669,40.452196]},"properties":{"stop_id":"4142","name":"CHARTIERS AVE + MUNICIPAL","weekday_trips":31,"routes":["26"]}},{"type":"Feature","geometry":{"type":"Point","coordinates":[-80.056232,40.453986]},"properties":{"stop_id":"4144","name":"CHARTIERS AVE + DITZLER","weekday_trips":31,"routes":["26"]}},{"type":"Feature","geometry":{"type":"Point","coordinates":[-80.058286,40.454329]},"properties":{"stop_id":"4145","name":"CHARTIERS AVE + CITADEL","weekday_trips":31,"routes":["26"]}},{"type":"Feature","geometry":{"type":"Point","coordinates":[-80.059486,40.454053]},"properties":{"stop_id":"4146","name":"CHARTIERS AVE + ALLENDALE","weekday_trips":31,"routes":["26"]}},{"type":"Feature","geometry":{"type":"Point","coordinates":[-80.060625,40.453774]},"properties":{"stop_id":"4147","name":"CHARTIERS AVE + UNIVERSAL","weekday_trips":31,"routes":["26"]}},{"type":"Feature","geometry":{"type":"Point","coordinates":[-80.06202,40.453492]},"properties":{"stop_id":"4148","name":"CHARTIERS AVE + HUXLEY","weekday_trips":31,"routes":["26"]}},{"type":"Feature","geometry":{"type":"Point","coordinates":[-80.067697,40.451893]},"properties":{"stop_id":"4152","name":"FARONIA ST + WYNETTE FS","weekday_trips":61,"routes":["26","27"]}},{"type":"Feature","geometry":{"type":"Point","coordinates":[-80.06943,40.451686]},"properties":{"stop_id":"4153","name":"LADOGA ST + MIDDLETOWN","weekday_trips":61,"routes":["26","27"]}},{"type":"Feature","geometry":{"type":"Point","coordinates":[-80.069388,40.450645]},"properties":{"stop_id":"4154","name":"LADOGA ST + KATHY","weekday_trips":31,"routes":["26"]}},{"type":"Feature","geometry":{"type":"Point","coordinates":[-80.067762,40.4484]},"properties":{"stop_id":"4156","name":"BERRY ST + SCOTIA","weekday_trips":31,"routes":["26"]}},{"type":"Feature","geometry":{"type":"Point","coordinates":[-80.063255,40.437855]},"properties":{"stop_id":"4168","name":"NOBLE AVE + SIDNEY","weekday_trips":21,"routes":["29"]}},{"type":"Feature","geometry":{"type":"Point","coordinates":[-80.064624,40.435973]},"properties":{"stop_id":"4170","name":"NOBLE AVE + CRAFTON","weekday_trips":21,"routes":["29"]}},{"type":"Feature","geometry":{"type":"Point","coordinates":[-80.067344,40.457878]},"properties":{"stop_id":"4178","name":"CHARTIERS AVE + OETTING","weekday_trips":30,"routes":["27"]}},{"type":"Feature","geometry":{"type":"Point","coordinates":[-80.07069,40.458253]},"properties":{"stop_id":"4180","name":"CHARTIERS AVE + HARLOW","weekday_trips":30,"routes":["27"]}},{"type":"Feature","geometry":{"type":"Point","coordinates":[-80.073007,40.457732]},"properties":{"stop_id":"4181","name":"CHARTIERS AVE + MIDDLETOWN","weekday_trips":30,"routes":["27"]}},{"type":"Feature","geometry":{"type":"Point","coordinates":[-80.077535,40.45929]},"properties":{"stop_id":"4184","name":"CHARTIERS AVE + WINDGAP","weekday_trips":30,"routes":["27"]}},{"type":"Feature","geometry":{"type":"Point","coordinates":[-80.067642,40.446104]},"properties":{"stop_id":"4187","name":"INGRAM AVE + MAINSGATE","weekday_trips":61,"routes":["26","27"]}},{"type":"Feature","geometry":{"type":"Point","coordinates":[-80.068749,40.446834]},"properties":{"stop_id":"4189","name":"W PROSPECT AVE + BERRY NS","weekday_trips":61,"routes":["26","27"]}},{"type":"Feature","geometry":{"type":"Point","coordinates":[-80.068497,40.447605]},"properties":{"stop_id":"4190","name":"BERRY ST + CENTER","weekday_trips":31,"routes":["26"]}},{"type":"Feature","geometry":{"type":"Point","coordinates":[-80.061028,40.455405]},"properties":{"stop_id":"4191","name":"ALLENDALE ST + FAIRDALE","weekday_trips":62,"routes":["26"]}},{"type":"Feature","geometry":{"type":"Point","coordinates":[-80.062803,40.457071]},"properties":{"stop_id":"4193","name":"ALLENDALE ST + STANHOPE","weekday_trips":62,"routes":["26"]}},{"type":"Feature","geometry":{"type":"Point","coordinates":[-80.063963,40.45819]},"properties":{"stop_id":"4194","name":"ALLENDALE ST + MOYER","weekday_trips":62,"routes":["26"]}},{"type":"Feature","geometry":{"type":"Point","coordinates":[-80.064519,40.459427]},"properties":{"stop_id":"4195","name":"ALLENDALE CIR + #3604","weekday_trips":62,"routes":["26"]}},{"type":"Feature","geometry":{"type":"Point","coordinates":[-80.063701,40.460523]},"properties":{"stop_id":"4196","name":"ALLENDALE CIR + #3658","weekday_trips":62,"routes":["26"]}},{"type":"Feature","geometry":{"type":"Point","coordinates":[-80.062821,40.459545]},"properties":{"stop_id":"4197","name":"ALLENDALE CIR + #3728","weekday_trips":62,"routes":["26"]}},{"type":"Feature","geometry":{"type":"Point","coordinates":[-80.063986,40.458294]},"properties":{"stop_id":"4199","name":"MOYER ST + ALLENDALE","weekday_trips":62,"routes":["26"]}},{"type":"Feature","geometry":{"type":"Point","coordinates":[-80.003482,40.439089]},"properties":{"stop_id":"42","name":"BLVD OF ALLIES + MARKET ST","weekday_trips":100,"routes":["52L","53L","56","57","58"]}},{"type":"Feature","geometry":{"type":"Point","coordinates":[-80.062967,40.457151]},"properties":{"stop_id":"4200","name":"ALLENDALE ST + STANHOPE","weekday_trips":62,"routes":["26"]}},{"type":"Feature","geometry":{"type":"Point","coordinates":[-80.061203,40.455482]},"properties":{"stop_id":"4202","name":"ALLENDALE ST + FAIRDALE","weekday_trips":62,"routes":["26"]}},{"type":"Feature","geometry":{"type":"Point","coordinates":[-80.059669,40.454053]},"properties":{"stop_id":"4204","name":"ALLENDALE ST + CHARTIERS","weekday_trips":62,"routes":["26"]}},{"type":"Feature","geometry":{"type":"Point","coordinates":[-80.069052,40.447201]},"properties":{"stop_id":"4208","name":"BERRY ST + W PROSPECT","weekday_trips":31,"routes":["26"]}},{"type":"Feature","geometry":{"type":"Point","coordinates":[-80.067964,40.446228]},"properties":{"stop_id":"4209","name":"W PROSPECT AVE + MAINSGATE","weekday_trips":61,"routes":["26","27"]}},{"type":"Feature","geometry":{"type":"Point","coordinates":[-80.066296,40.444952]},"properties":{"stop_id":"4210","name":"W PROSPECT AVE + INGRAM","weekday_trips":61,"routes":["26","27"]}},{"type":"Feature","geometry":{"type":"Point","coordinates":[-80.080568,40.446893]},"properties":{"stop_id":"4219","name":"W PROSPECT AVE + ARBORDALE","weekday_trips":30,"routes":["27"]}},{"type":"Feature","geometry":{"type":"Point","coordinates":[-80.078466,40.446514]},"properties":{"stop_id":"4220","name":"W PROSPECT AVE + ALLEGHENY VALLEY SCHOOL","weekday_trips":30,"routes":["27"]}},{"type":"Feature","geometry":{"type":"Point","coordinates":[-80.074116,40.447525]},"properties":{"stop_id":"4222","name":"W PROSPECT AVE + #221 (STEPS)","weekday_trips":30,"routes":["27"]}},{"type":"Feature","geometry":{"type":"Point","coordinates":[-80.071672,40.447532]},"properties":{"stop_id":"4223","name":"W PROSPECT AVE + KINGSLAND","weekday_trips":30,"routes":["27"]}},{"type":"Feature","geometry":{"type":"Point","coordinates":[-80.069267,40.447052]},"properties":{"stop_id":"4225","name":"W PROSPECT AVE + BERRY","weekday_trips":30,"routes":["27"]}},{"type":"Feature","geometry":{"type":"Point","coordinates":[-80.066925,40.450797]},"properties":{"stop_id":"4227","name":"MIDDLETOWN RD + #3205","weekday_trips":30,"routes":["27"]}},{"type":"Feature","geometry":{"type":"Point","coordinates":[-80.06535,40.450203]},"properties":{"stop_id":"4228","name":"MIDDLETOWN RD + MUTUAL","weekday_trips":30,"routes":["27"]}},{"type":"Feature","geometry":{"type":"Point","coordinates":[-80.064384,40.44958]},"properties":{"stop_id":"4229","name":"MIDDLETOWN RD + TYNDALL","weekday_trips":30,"routes":["27"]}},{"type":"Feature","geometry":{"type":"Point","coordinates":[-80.063006,40.448607]},"properties":{"stop_id":"4230","name":"MIDDLETOWN RD + BERRY","weekday_trips":30,"routes":["27"]}},{"type":"Feature","geometry":{"type":"Point","coordinates":[-80.061812,40.447634]},"properties":{"stop_id":"4231","name":"MIDDLETOWN RD + #2847","weekday_trips":30,"routes":["27"]}},{"type":"Feature","geometry":{"type":"Point","coordinates":[-80.060986,40.446697]},"properties":{"stop_id":"4232","name":"MIDDLETOWN RD + MARSHALL","weekday_trips":30,"routes":["27"]}},{"type":"Feature","geometry":{"type":"Point","coordinates":[-80.060015,40.445644]},"properties":{"stop_id":"4233","name":"MIDDLETOWN RD + HODGSON","weekday_trips":30,"routes":["27"]}},{"type":"Feature","geometry":{"type":"Point","coordinates":[-80.056029,40.444085]},"properties":{"stop_id":"4235","name":"MIDDLETOWN RD + MARTERA","weekday_trips":30,"routes":["27"]}},{"type":"Feature","geometry":{"type":"Point","coordinates":[-80.052801,40.44301]},"properties":{"stop_id":"4236","name":"STEUBEN ST + OBEY","weekday_trips":52,"routes":["27","29"]}},{"type":"Feature","geometry":{"type":"Point","coordinates":[-80.049505,40.442008]},"properties":{"stop_id":"4238","name":"STEUBEN ST + WHITEWOOD FS","weekday_trips":52,"routes":["27","29"]}},{"type":"Feature","geometry":{"type":"Point","coordinates":[-80.046604,40.441066]},"properties":{"stop_id":"4239","name":"STEUBEN ST + #1129","weekday_trips":52,"routes":["27","29"]}},{"type":"Feature","geometry":{"type":"Point","coordinates":[-80.045014,40.442139]},"properties":{"stop_id":"4240","name":"STEUBEN ST + HERSCHEL FS","weekday_trips":52,"routes":["27","29"]}},{"type":"Feature","geometry":{"type":"Point","coordinates":[-80.044141,40.442988]},"properties":{"stop_id":"4241","name":"STEUBEN ST + HARKER","weekday_trips":52,"routes":["27","29"]}},{"type":"Feature","geometry":{"type":"Point","coordinates":[-80.04252,40.442814]},"properties":{"stop_id":"4242","name":"STEUBEN ST + LORENZ","weekday_trips":52,"routes":["27","29"]}},{"type":"Feature","geometry":{"type":"Point","coordinates":[-80.04091,40.441642]},"properties":{"stop_id":"4243","name":"STEUBEN ST + ELBON","weekday_trips":52,"routes":["27","29"]}},{"type":"Feature","geometry":{"type":"Point","coordinates":[-80.040749,40.441625]},"properties":{"stop_id":"4249","name":"STEUBEN ST + ELBON","weekday_trips":51,"routes":["27","29"]}},{"type":"Feature","geometry":{"type":"Point","coordinates":[-79.991849,40.509858]},"properties":{"stop_id":"425","name":"BABCOCK BLVD + ROSECLIFF","weekday_trips":3,"routes":["O5"]}},{"type":"Feature","geometry":{"type":"Point","coordinates":[-80.042168,40.442649]},"properties":{"stop_id":"4250","name":"STEUBEN ST + LORENZ","weekday_trips":51,"routes":["27","29"]}},{"type":"Feature","geometry":{"type":"Point","coordinates":[-80.044137,40.443098]},"properties":{"stop_id":"4251","name":"STEUBEN ST + HARKER","weekday_trips":51,"routes":["27","29"]}},{"type":"Feature","geometry":{"type":"Point","coordinates":[-80.04509,40.442191]},"properties":{"stop_id":"4252","name":"STEUBEN ST + HERSCHEL","weekday_trips":51,"routes":["27","29"]}},{"type":"Feature","geometry":{"type":"Point","coordinates":[-80.047096,40.441143]},"properties":{"stop_id":"4253","name":"STEUBEN ST + #1260","weekday_trips":51,"routes":["27","29"]}},{"type":"Feature","geometry":{"type":"Point","coordinates":[-80.050716,40.442395]},"properties":{"stop_id":"4255","name":"STEUBEN ST + RINGGOLD FS","weekday_trips":51,"routes":["27","29"]}},{"type":"Feature","geometry":{"type":"Point","coordinates":[-80.052453,40.442955]},"properties":{"stop_id":"4256","name":"STEUBEN ST + OBEY","weekday_trips":51,"routes":["27","29"]}},{"type":"Feature","geometry":{"type":"Point","coordinates":[-80.053828,40.443509]},"properties":{"stop_id":"4257","name":"STEUBEN ST + WOODLOW NS","weekday_trips":51,"routes":["27","29"]}},{"type":"Feature","geometry":{"type":"Point","coordinates":[-80.05853,40.44467]},"properties":{"stop_id":"4259","name":"MIDDLETOWN RD + STRATMORE","weekday_trips":30,"routes":["27"]}},{"type":"Feature","geometry":{"type":"Point","coordinates":[-80.060072,40.445813]},"properties":{"stop_id":"4260","name":"MIDDLETOWN RD + HODGSON FS","weekday_trips":30,"routes":["27"]}},{"type":"Feature","geometry":{"type":"Point","coordinates":[-80.060822,40.446648]},"properties":{"stop_id":"4261","name":"MIDDLETOWN RD + JUSTINE","weekday_trips":30,"routes":["27"]}},{"type":"Feature","geometry":{"type":"Point","coordinates":[-80.061658,40.447614]},"properties":{"stop_id":"4262","name":"MIDDLETOWN RD + STRAKA FS","weekday_trips":30,"routes":["27"]}},{"type":"Feature","geometry":{"type":"Point","coordinates":[-80.062714,40.448493]},"properties":{"stop_id":"4263","name":"MIDDLETOWN RD + BERRY","weekday_trips":30,"routes":["27"]}},{"type":"Feature","geometry":{"type":"Point","coordinates":[-80.064155,40.449517]},"properties":{"stop_id":"4264","name":"MIDDLETOWN RD + TYNDALL","weekday_trips":30,"routes":["27"]}},{"type":"Feature","geometry":{"type":"Point","coordinates":[-80.065281,40.450245]},"properties":{"stop_id":"4265","name":"MIDDLETOWN RD + MUTUAL","weekday_trips":30,"routes":["27"]}},{"type":"Feature","geometry":{"type":"Point","coordinates":[-80.067001,40.450894]},"properties":{"stop_id":"4266","name":"MIDDLETOWN RD + #3206","weekday_trips":30,"routes":["27"]}},{"type":"Feature","geometry":{"type":"Point","coordinates":[-80.067927,40.451171]},"properties":{"stop_id":"4267","name":"MIDDLETOWN RD + WYNETTE","weekday_trips":30,"routes":["27"]}},{"type":"Feature","geometry":{"type":"Point","coordinates":[-80.069282,40.451575]},"properties":{"stop_id":"4268","name":"MIDDLETOWN RD + LADOGA","weekday_trips":30,"routes":["27"]}},{"type":"Feature","geometry":{"type":"Point","coordinates":[-80.071654,40.447595]},"properties":{"stop_id":"4269","name":"W PROSPECT AVE + KINGSLAND","weekday_trips":30,"routes":["27"]}},{"type":"Feature","geometry":{"type":"Point","coordinates":[-79.990402,40.50618]},"properties":{"stop_id":"427","name":"BABCOCK BLVD + EVERGREEN & PEOPLES PLANK RD","weekday_trips":3,"routes":["O5"]}},{"type":"Feature","geometry":{"type":"Point","coordinates":[-80.074212,40.447581]},"properties":{"stop_id":"4270","name":"W PROSPECT AVE + #210","weekday_trips":30,"routes":["27"]}},{"type":"Feature","geometry":{"type":"Point","coordinates":[-80.078517,40.446542]},"properties":{"stop_id":"4272","name":"W PROSPECT AVE + ALLEGHENY VALLEY SCHOOL","weekday_trips":30,"routes":["27"]}},{"type":"Feature","geometry":{"type":"Point","coordinates":[-80.080475,40.446942]},"properties":{"stop_id":"4273","name":"W PROSPECT AVE + ARBORDALE","weekday_trips":30,"routes":["27"]}},{"type":"Feature","geometry":{"type":"Point","coordinates":[-80.08236,40.448238]},"properties":{"stop_id":"4275","name":"W PROSPECT AVE + BROADHEAD-FORDING","weekday_trips":30,"routes":["27"]}},{"type":"Feature","geometry":{"type":"Point","coordinates":[-79.995088,40.50572]},"properties":{"stop_id":"428","name":"EVERGREEN RD + NELSON RUN","weekday_trips":3,"routes":["O5"]}},{"type":"Feature","geometry":{"type":"Point","coordinates":[-80.004786,40.439575]},"properties":{"stop_id":"43","name":"BLVD OF ALLIES + STANWIX ST","weekday_trips":193,"routes":["52L","53L","56","57","58"]}},{"type":"Feature","geometry":{"type":"Point","coordinates":[-80.078434,40.451684]},"properties":{"stop_id":"4302","name":"BROADHEAD-FORDING RD + VILLAGE RD #1","weekday_trips":30,"routes":["27"]}},{"type":"Feature","geometry":{"type":"Point","coordinates":[-80.080572,40.449926]},"properties":{"stop_id":"4303","name":"BROADHEAD-FORDING RD + VILLAGE RD #2","weekday_trips":30,"routes":["27"]}},{"type":"Feature","geometry":{"type":"Point","coordinates":[-80.090939,40.439704]},"properties":{"stop_id":"4329","name":"STEUBENVILLE PIKE + PITTSBURGH MOTEL","weekday_trips":22,"routes":["29"]}},{"type":"Feature","geometry":{"type":"Point","coordinates":[-80.089324,40.439595]},"properties":{"stop_id":"4330","name":"STEUBENVILLE PIKE + FIRESIDE INN","weekday_trips":22,"routes":["29"]}},{"type":"Feature","geometry":{"type":"Point","coordinates":[-80.088867,40.439728]},"properties":{"stop_id":"4363","name":"STEUBENVILLE PIKE + FIRESIDE INN","weekday_trips":21,"routes":["29"]}},{"type":"Feature","geometry":{"type":"Point","coordinates":[-80.097373,40.443756]},"properties":{"stop_id":"4365","name":"STEUBENVILLE PIKE + #4460","weekday_trips":21,"routes":["29"]}},{"type":"Feature","geometry":{"type":"Point","coordinates":[-80.003964,40.441042]},"properties":{"stop_id":"44","name":"STANWIX ST AT FORBES AVE","weekday_trips":216,"routes":["20","21","22","24","26","27","36","38"]}},{"type":"Feature","geometry":{"type":"Point","coordinates":[-79.943756,40.444698]},"properties":{"stop_id":"4407","name":"FORBES AVE + MOREWOOD AVE FS (CARNEGIE MELLON)","weekday_trips":370,"routes":["28X","58","61A","61B","61C","61D","67","69"]}},{"type":"Feature","geometry":{"type":"Point","coordinates":[-79.948541,40.444525]},"properties":{"stop_id":"4409","name":"FORBES AVE + CRAIG ST","weekday_trips":350,"routes":["28X","58","61A","61B","61C","61D","67","69"]}},{"type":"Feature","geometry":{"type":"Point","coordinates":[-79.995486,40.505611]},"properties":{"stop_id":"441","name":"EVERGREEN RD + PEOPLES TWP","weekday_trips":3,"routes":["O5"]}},{"type":"Feature","geometry":{"type":"Point","coordinates":[-79.984682,40.435432]},"properties":{"stop_id":"4410","name":"BLVD OF ALLIES + MARION ST (MERCY HOSP)","weekday_trips":96,"routes":["28X","65","67","69"]}},{"type":"Feature","geometry":{"type":"Point","coordinates":[-80.08001,40.411938]},"properties":{"stop_id":"4412","name":"MAIN ST + JANE","weekday_trips":28,"routes":["31"]}},{"type":"Feature","geometry":{"type":"Point","coordinates":[-79.989708,40.507809]},"properties":{"stop_id":"443","name":"BABCOCK BLVD + HOFFMAN","weekday_trips":3,"routes":["O5"]}},{"type":"Feature","geometry":{"type":"Point","coordinates":[-79.991594,40.509793]},"properties":{"stop_id":"444","name":"BABCOCK BLVD + ROSECLIFF","weekday_trips":3,"routes":["O5"]}},{"type":"Feature","geometry":{"type":"Point","coordinates":[-80.051061,40.43747]},"properties":{"stop_id":"4444","name":"NOBLESTOWN RD + HARTWELL","weekday_trips":28,"routes":["31"]}},{"type":"Feature","geometry":{"type":"Point","coordinates":[-80.049477,40.438015]},"properties":{"stop_id":"4445","name":"NOBLESTOWN RD + OBEY","weekday_trips":28,"routes":["31"]}},{"type":"Feature","geometry":{"type":"Point","coordinates":[-80.040117,40.437108]},"properties":{"stop_id":"4447","name":"NOBLESTOWN RD + #608","weekday_trips":28,"routes":["31"]}},{"type":"Feature","geometry":{"type":"Point","coordinates":[-80.034895,40.440857]},"properties":{"stop_id":"4449","name":"S MAIN ST + WABASH","weekday_trips":28,"routes":["31"]}},{"type":"Feature","geometry":{"type":"Point","coordinates":[-80.032959,40.441554]},"properties":{"stop_id":"4450","name":"S MAIN ST + SANCTUS","weekday_trips":28,"routes":["31"]}},{"type":"Feature","geometry":{"type":"Point","coordinates":[-80.034685,40.441011]},"properties":{"stop_id":"4491","name":"S MAIN ST + WABASH","weekday_trips":43,"routes":["31","38"]}},{"type":"Feature","geometry":{"type":"Point","coordinates":[-80.039853,40.437159]},"properties":{"stop_id":"4493","name":"NOBLESTOWN RD + WEAVER FS","weekday_trips":28,"routes":["31"]}},{"type":"Feature","geometry":{"type":"Point","coordinates":[-80.049369,40.438135]},"properties":{"stop_id":"4495","name":"NOBLESTOWN RD + OBEY","weekday_trips":28,"routes":["31"]}},{"type":"Feature","geometry":{"type":"Point","coordinates":[-80.050959,40.437551]},"properties":{"stop_id":"4497","name":"NOBLESTOWN RD + HARTWELL","weekday_trips":28,"routes":["31"]}},{"type":"Feature","geometry":{"type":"Point","coordinates":[-80.080105,40.411996]},"properties":{"stop_id":"4527","name":"MAIN ST + JANE","weekday_trips":28,"routes":["31"]}},{"type":"Feature","geometry":{"type":"Point","coordinates":[-80.082329,40.410294]},"properties":{"stop_id":"4528","name":"MAIN ST + CHESTNUT","weekday_trips":28,"routes":["31"]}},{"type":"Feature","geometry":{"type":"Point","coordinates":[-80.043162,40.381857]},"properties":{"stop_id":"4546","name":"SHADY AVE + MT LEBANON STATION","weekday_trips":30,"routes":["38"]}},{"type":"Feature","geometry":{"type":"Point","coordinates":[-80.052309,40.382581]},"properties":{"stop_id":"4552","name":"COCHRAN RD + ALTOONA","weekday_trips":20,"routes":["36"]}},{"type":"Feature","geometry":{"type":"Point","coordinates":[-80.052804,40.384008]},"properties":{"stop_id":"4553","name":"COCHRAN RD + NAVATO","weekday_trips":20,"routes":["36"]}},{"type":"Feature","geometry":{"type":"Point","coordinates":[-80.05381,40.385642]},"properties":{"stop_id":"4554","name":"COCHRAN RD + MCCULLY","weekday_trips":35,"routes":["36","38"]}},{"type":"Feature","geometry":{"type":"Point","coordinates":[-80.054649,40.38709]},"properties":{"stop_id":"4555","name":"COCHRAN RD + BEVERLY RD","weekday_trips":20,"routes":["36"]}},{"type":"Feature","geometry":{"type":"Point","coordinates":[-80.052225,40.387756]},"properties":{"stop_id":"4556","name":"BEVERLY RD + W MARLIN","weekday_trips":20,"routes":["36"]}},{"type":"Feature","geometry":{"type":"Point","coordinates":[-80.05034,40.388401]},"properties":{"stop_id":"4557","name":"BEVERLY RD + OVERLOOK","weekday_trips":20,"routes":["36"]}},{"type":"Feature","geometry":{"type":"Point","coordinates":[-80.047981,40.38974]},"properties":{"stop_id":"4558","name":"BEVERLY RD + MEADOWCROFT","weekday_trips":20,"routes":["36"]}},{"type":"Feature","geometry":{"type":"Point","coordinates":[-80.046958,40.392222]},"properties":{"stop_id":"4559","name":"BEVERLY RD + PARKER","weekday_trips":20,"routes":["36"]}},{"type":"Feature","geometry":{"type":"Point","coordinates":[-80.046143,40.396477]},"properties":{"stop_id":"4561","name":"MCFARLAND RD + HELEN","weekday_trips":20,"routes":["36"]}},{"type":"Feature","geometry":{"type":"Point","coordinates":[-80.044207,40.399654]},"properties":{"stop_id":"4562","name":"BANKSVILLE RD + MCMONAGLE","weekday_trips":20,"routes":["36"]}},{"type":"Feature","geometry":{"type":"Point","coordinates":[-80.042428,40.401533]},"properties":{"stop_id":"4563","name":"BANKSVILLE RD + #3021","weekday_trips":20,"routes":["36"]}},{"type":"Feature","geometry":{"type":"Point","coordinates":[-80.040827,40.403202]},"properties":{"stop_id":"4564","name":"BANKSVILLE RD + POTOMAC","weekday_trips":20,"routes":["36"]}},{"type":"Feature","geometry":{"type":"Point","coordinates":[-80.034359,40.406866]},"properties":{"stop_id":"4565","name":"BANKSVILLE RD + WENZELL","weekday_trips":20,"routes":["36"]}},{"type":"Feature","geometry":{"type":"Point","coordinates":[-80.032024,40.40919]},"properties":{"stop_id":"4566","name":"BANKSVILLE RD + COAST","weekday_trips":20,"routes":["36"]}},{"type":"Feature","geometry":{"type":"Point","coordinates":[-80.031534,40.410121]},"properties":{"stop_id":"4567","name":"BANKSVILLE RD + #1593","weekday_trips":20,"routes":["36"]}},{"type":"Feature","geometry":{"type":"Point","coordinates":[-80.030539,40.412967]},"properties":{"stop_id":"4568","name":"BANKSVILLE RD + GOLDSTROM","weekday_trips":20,"routes":["36"]}},{"type":"Feature","geometry":{"type":"Point","coordinates":[-80.029721,40.418121]},"properties":{"stop_id":"4570","name":"BANKSVILLE RD + BANKSVILLE AVE","weekday_trips":20,"routes":["36"]}},{"type":"Feature","geometry":{"type":"Point","coordinates":[-80.006088,40.439938]},"properties":{"stop_id":"4572","name":"BLVD OF ALLIES + POST GAZETTE BLDG","weekday_trips":266,"routes":["20","21","22","24","26","27","36","38"]}},{"type":"Feature","geometry":{"type":"Point","coordinates":[-80.032073,40.409498]},"properties":{"stop_id":"4656","name":"BANKSVILLE RD + CHAPPEL","weekday_trips":20,"routes":["36"]}},{"type":"Feature","geometry":{"type":"Point","coordinates":[-80.034218,40.407116]},"properties":{"stop_id":"4657","name":"BANKSVILLE RD + CARNAHAN","weekday_trips":20,"routes":["36"]}},{"type":"Feature","geometry":{"type":"Point","coordinates":[-80.037424,40.405513]},"properties":{"stop_id":"4658","name":"BANKSVILLE RD + FAMILY LINK","weekday_trips":20,"routes":["36"]}},{"type":"Feature","geometry":{"type":"Point","coordinates":[-80.04076,40.403513]},"properties":{"stop_id":"4660","name":"BANKSVILLE RD + POTOMAC","weekday_trips":20,"routes":["36"]}},{"type":"Feature","geometry":{"type":"Point","coordinates":[-80.0424,40.40179]},"properties":{"stop_id":"4661","name":"BANKSVILLE RD + #3030","weekday_trips":20,"routes":["36"]}},{"type":"Feature","geometry":{"type":"Point","coordinates":[-80.044369,40.399796]},"properties":{"stop_id":"4662","name":"BANKSVILLE RD + MCMONAGLE","weekday_trips":20,"routes":["36"]}},{"type":"Feature","geometry":{"type":"Point","coordinates":[-80.046462,40.394581]},"properties":{"stop_id":"4664","name":"MCFARLAND RD + THE FIREPLACE & PATIO PLACE","weekday_trips":20,"routes":["36"]}},{"type":"Feature","geometry":{"type":"Point","coordinates":[-80.047013,40.392522]},"properties":{"stop_id":"4665","name":"BEVERLY RD + PARKER","weekday_trips":20,"routes":["36"]}},{"type":"Feature","geometry":{"type":"Point","coordinates":[-80.047831,40.390083]},"properties":{"stop_id":"4666","name":"BEVERLY RD + MEADOWCROFT","weekday_trips":20,"routes":["36"]}},{"type":"Feature","geometry":{"type":"Point","coordinates":[-80.049025,40.389068]},"properties":{"stop_id":"4667","name":"BEVERLY RD + RALSTON","weekday_trips":20,"routes":["36"]}},{"type":"Feature","geometry":{"type":"Point","coordinates":[-80.05211,40.387849]},"properties":{"stop_id":"4668","name":"BEVERLY RD + W MARLIN","weekday_trips":20,"routes":["36"]}},{"type":"Feature","geometry":{"type":"Point","coordinates":[-80.054605,40.387307]},"properties":{"stop_id":"4669","name":"BEVERLY RD + COCHRAN","weekday_trips":20,"routes":["36"]}},{"type":"Feature","geometry":{"type":"Point","coordinates":[-80.054029,40.38582]},"properties":{"stop_id":"4670","name":"COCHRAN RD + MCCULLY RD","weekday_trips":35,"routes":["36","38"]}},{"type":"Feature","geometry":{"type":"Point","coordinates":[-80.052945,40.384061]},"properties":{"stop_id":"4671","name":"COCHRAN RD + NAVATO","weekday_trips":20,"routes":["36"]}},{"type":"Feature","geometry":{"type":"Point","coordinates":[-80.052547,40.383011]},"properties":{"stop_id":"4672","name":"COCHRAN RD + ALTOONA","weekday_trips":20,"routes":["36"]}},{"type":"Feature","geometry":{"type":"Point","coordinates":[-80.052642,40.380579]},"properties":{"stop_id":"4673","name":"COCHRAN RD + CEDAR","weekday_trips":20,"routes":["36"]}},{"type":"Feature","geometry":{"type":"Point","coordinates":[-80.054484,40.378624]},"properties":{"stop_id":"4741","name":"CEDAR BLVD + LONGRIDGE","weekday_trips":20,"routes":["36"]}},{"type":"Feature","geometry":{"type":"Point","coordinates":[-80.061375,40.380547]},"properties":{"stop_id":"4746","name":"BOWER HILL RD + RUTH","weekday_trips":22,"routes":["41"]}},{"type":"Feature","geometry":{"type":"Point","coordinates":[-80.059059,40.381424]},"properties":{"stop_id":"4748","name":"BOWER HILL RD + SALEM","weekday_trips":22,"routes":["41"]}},{"type":"Feature","geometry":{"type":"Point","coordinates":[-80.05802,40.381925]},"properties":{"stop_id":"4749","name":"BOWER HILL RD + LONGRIDGE","weekday_trips":22,"routes":["41"]}},{"type":"Feature","geometry":{"type":"Point","coordinates":[-80.055672,40.384303]},"properties":{"stop_id":"4751","name":"BOWER HILL RD + SERPENTINE","weekday_trips":22,"routes":["41"]}},{"type":"Feature","geometry":{"type":"Point","coordinates":[-80.05546,40.384526]},"properties":{"stop_id":"4752","name":"BOWER HILL RD + SERPENTINE","weekday_trips":22,"routes":["41"]}},{"type":"Feature","geometry":{"type":"Point","coordinates":[-80.056647,40.383077]},"properties":{"stop_id":"4753","name":"BOWER HILL RD + CARNEGIE FS","weekday_trips":22,"routes":["41"]}},{"type":"Feature","geometry":{"type":"Point","coordinates":[-80.057853,40.382124]},"properties":{"stop_id":"4754","name":"BOWER HILL RD + LONGRIDGE","weekday_trips":22,"routes":["41"]}},{"type":"Feature","geometry":{"type":"Point","coordinates":[-80.058773,40.381722]},"properties":{"stop_id":"4755","name":"BOWER HILL RD + SALEM","weekday_trips":22,"routes":["41"]}},{"type":"Feature","geometry":{"type":"Point","coordinates":[-80.061377,40.380664]},"properties":{"stop_id":"4757","name":"BOWER HILL RD + RUTH","weekday_trips":22,"routes":["41"]}},{"type":"Feature","geometry":{"type":"Point","coordinates":[-80.054438,40.378539]},"properties":{"stop_id":"4762","name":"CEDAR BLVD + LONGRIDGE","weekday_trips":20,"routes":["36"]}},{"type":"Feature","geometry":{"type":"Point","coordinates":[-80.006111,40.421135]},"properties":{"stop_id":"4764","name":"SHJ BUS TURNAROUND SHELTER","weekday_trips":166,"routes":["43","48","54"]}},{"type":"Feature","geometry":{"type":"Point","coordinates":[-80.003623,40.42152]},"properties":{"stop_id":"4765","name":"HABERMAN RAMP + HARWOOD STEPS","weekday_trips":65,"routes":["48","54"]}},{"type":"Feature","geometry":{"type":"Point","coordinates":[-80.000733,40.42099]},"properties":{"stop_id":"4767","name":"WARRINGTON AVE + ESTELLA AVE","weekday_trips":85,"routes":["44","48","54"]}},{"type":"Feature","geometry":{"type":"Point","coordinates":[-79.993842,40.421767]},"properties":{"stop_id":"4771","name":"WARRINGTON AVE + ALLEN","weekday_trips":56,"routes":["43","48"]}},{"type":"Feature","geometry":{"type":"Point","coordinates":[-79.992502,40.421789]},"properties":{"stop_id":"4772","name":"WARRINGTON AVE + ARLINGTON","weekday_trips":56,"routes":["43","48"]}},{"type":"Feature","geometry":{"type":"Point","coordinates":[-79.990903,40.420224]},"properties":{"stop_id":"4773","name":"ARLINGTON AVE + KNOX","weekday_trips":45,"routes":["48","51L"]}},{"type":"Feature","geometry":{"type":"Point","coordinates":[-79.989446,40.419301]},"properties":{"stop_id":"4774","name":"ARLINGTON AVE + FREELAND","weekday_trips":38,"routes":["48"]}},{"type":"Feature","geometry":{"type":"Point","coordinates":[-79.984648,40.417562]},"properties":{"stop_id":"4776","name":"ARLINGTON AVE + KOEHLER","weekday_trips":38,"routes":["48"]}},{"type":"Feature","geometry":{"type":"Point","coordinates":[-79.982741,40.417609]},"properties":{"stop_id":"4777","name":"ARLINGTON AVE + FREDERICK","weekday_trips":38,"routes":["48"]}},{"type":"Feature","geometry":{"type":"Point","coordinates":[-79.978899,40.417905]},"properties":{"stop_id":"4779","name":"ARLINGTON AVE + SPRING","weekday_trips":38,"routes":["48"]}},{"type":"Feature","geometry":{"type":"Point","coordinates":[-79.976272,40.417334]},"properties":{"stop_id":"4781","name":"ARLINGTON AVE + NORTE WAY","weekday_trips":38,"routes":["48"]}},{"type":"Feature","geometry":{"type":"Point","coordinates":[-79.973661,40.41732]},"properties":{"stop_id":"4783","name":"ARLINGTON AVE + CONWAY","weekday_trips":38,"routes":["48"]}},{"type":"Feature","geometry":{"type":"Point","coordinates":[-79.97145,40.41756]},"properties":{"stop_id":"4785","name":"ARLINGTON AVE + CLOVER","weekday_trips":38,"routes":["48"]}},{"type":"Feature","geometry":{"type":"Point","coordinates":[-79.969558,40.417496]},"properties":{"stop_id":"4786","name":"ARLINGTON AVE + COLOGNE","weekday_trips":38,"routes":["48"]}},{"type":"Feature","geometry":{"type":"Point","coordinates":[-79.967731,40.41724]},"properties":{"stop_id":"4788","name":"ARLINGTON AVE + DENGLER","weekday_trips":38,"routes":["48"]}},{"type":"Feature","geometry":{"type":"Point","coordinates":[-79.9667,40.417832]},"properties":{"stop_id":"4802","name":"JOSEPHINE ST + SALISBURY","weekday_trips":38,"routes":["48"]}},{"type":"Feature","geometry":{"type":"Point","coordinates":[-79.964629,40.418956]},"properties":{"stop_id":"4803","name":"JOSEPHINE ST + #3237","weekday_trips":38,"routes":["48"]}},{"type":"Feature","geometry":{"type":"Point","coordinates":[-79.964246,40.41996]},"properties":{"stop_id":"4804","name":"JOSEPHINE ST + #3203","weekday_trips":38,"routes":["48"]}},{"type":"Feature","geometry":{"type":"Point","coordinates":[-79.964981,40.42191]},"properties":{"stop_id":"4806","name":"JOSEPHINE ST + #3033","weekday_trips":38,"routes":["48"]}},{"type":"Feature","geometry":{"type":"Point","coordinates":[-79.96679,40.422887]},"properties":{"stop_id":"4807","name":"JOSEPHINE ST + TELESCOPE","weekday_trips":38,"routes":["48"]}},{"type":"Feature","geometry":{"type":"Point","coordinates":[-79.968812,40.42381]},"properties":{"stop_id":"4808","name":"JOSEPHINE ST + BARRY","weekday_trips":38,"routes":["48"]}},{"type":"Feature","geometry":{"type":"Point","coordinates":[-79.969795,40.424076]},"properties":{"stop_id":"4809","name":"JOSEPHINE ST + 26TH","weekday_trips":38,"routes":["48"]}},{"type":"Feature","geometry":{"type":"Point","coordinates":[-79.968792,40.426475]},"properties":{"stop_id":"4811","name":"26TH ST + SARAH ST","weekday_trips":38,"routes":["48"]}},{"type":"Feature","geometry":{"type":"Point","coordinates":[-79.96844,40.427235]},"properties":{"stop_id":"4812","name":"26TH ST + E CARSON","weekday_trips":38,"routes":["48"]}},{"type":"Feature","geometry":{"type":"Point","coordinates":[-79.971017,40.428244]},"properties":{"stop_id":"4814","name":"E CARSON ST + 24TH ST","weekday_trips":84,"routes":["48","75"]}},{"type":"Feature","geometry":{"type":"Point","coordinates":[-79.980429,40.428809]},"properties":{"stop_id":"4815","name":"E CARSON ST + 18TH ST","weekday_trips":38,"routes":["48"]}},{"type":"Feature","geometry":{"type":"Point","coordinates":[-79.981913,40.428889]},"properties":{"stop_id":"4816","name":"E CARSON ST + 17TH ST","weekday_trips":143,"routes":["48","51"]}},{"type":"Feature","geometry":{"type":"Point","coordinates":[-79.983942,40.428849]},"properties":{"stop_id":"4817","name":"E CARSON ST + 14TH ST","weekday_trips":143,"routes":["48","51"]}},{"type":"Feature","geometry":{"type":"Point","coordinates":[-79.99213,40.428668]},"properties":{"stop_id":"4821","name":"E CARSON ST + 7TH ST","weekday_trips":143,"routes":["48","51"]}},{"type":"Feature","geometry":{"type":"Point","coordinates":[-79.994951,40.428776]},"properties":{"stop_id":"4823","name":"E CARSON ST + 5TH ST","weekday_trips":143,"routes":["48","51"]}},{"type":"Feature","geometry":{"type":"Point","coordinates":[-79.997189,40.429505]},"properties":{"stop_id":"4824","name":"E CARSON ST + TERMINAL WAY FS","weekday_trips":143,"routes":["48","51"]}},{"type":"Feature","geometry":{"type":"Point","coordinates":[-79.998841,40.430079]},"properties":{"stop_id":"4825","name":"E CARSON ST + 2ND ST","weekday_trips":143,"routes":["48","51"]}},{"type":"Feature","geometry":{"type":"Point","coordinates":[-80.001105,40.430843]},"properties":{"stop_id":"4826","name":"E CARSON ST + ARLINGTON","weekday_trips":143,"routes":["48","51"]}},{"type":"Feature","geometry":{"type":"Point","coordinates":[-80.001663,40.437066]},"properties":{"stop_id":"4828","name":"FT PITT BLVD + SMITHFIELD ST FS","weekday_trips":357,"routes":["39","40","41","43","44","48","51","51L","Y1","Y45","Y46","Y47","Y49"]}},{"type":"Feature","geometry":{"type":"Point","coordinates":[-80.001471,40.439076]},"properties":{"stop_id":"4829","name":"WOOD ST + THIRD AVE FS","weekday_trips":357,"routes":["39","40","41","43","44","48","51","51L","Y1","Y45","Y46","Y47","Y49"]}},{"type":"Feature","geometry":{"type":"Point","coordinates":[-79.999643,40.441801]},"properties":{"stop_id":"4832","name":"WOOD ST + SIXTH AVE","weekday_trips":784,"routes":["39","40","41","43","44","48","51","81","82","83","Y46","Y47","Y49"]}},{"type":"Feature","geometry":{"type":"Point","coordinates":[-79.977196,40.430421]},"properties":{"stop_id":"4834","name":"WHARTON ST + S 20TH","weekday_trips":116,"routes":["81","83"]}},{"type":"Feature","geometry":{"type":"Point","coordinates":[-79.999055,40.439558]},"properties":{"stop_id":"4838","name":"SMITHFIELD ST + FORBES AVE","weekday_trips":325,"routes":["39","40","41","43","44","48","51","Y46","Y47","Y49"]}},{"type":"Feature","geometry":{"type":"Point","coordinates":[-79.999898,40.438302]},"properties":{"stop_id":"4839","name":"SMITHFIELD ST + THIRD AVE","weekday_trips":338,"routes":["39","40","41","43","44","48","51","51L","Y1","Y45","Y46","Y47","Y49"]}},{"type":"Feature","geometry":{"type":"Point","coordinates":[-80.000842,40.436891]},"properties":{"stop_id":"4840","name":"SMITHFIELD ST + FT PITT BLVD","weekday_trips":338,"routes":["39","40","41","43","44","48","51","51L","Y1","Y45","Y46","Y47","Y49"]}},{"type":"Feature","geometry":{"type":"Point","coordinates":[-80.003456,40.431835]},"properties":{"stop_id":"4841","name":"E CARSON ST + STATION SQUARE STATION","weekday_trips":168,"routes":["43","48","51","51L"]}},{"type":"Feature","geometry":{"type":"Point","coordinates":[-79.999278,40.430133]},"properties":{"stop_id":"4842","name":"E CARSON ST + 2ND ST","weekday_trips":143,"routes":["48","51"]}},{"type":"Feature","geometry":{"type":"Point","coordinates":[-79.99517,40.428733]},"properties":{"stop_id":"4844","name":"E CARSON ST + 5TH ST","weekday_trips":143,"routes":["48","51"]}},{"type":"Feature","geometry":{"type":"Point","coordinates":[-79.988994,40.428654]},"properties":{"stop_id":"4847","name":"E CARSON ST + 10TH ST","weekday_trips":143,"routes":["48","51"]}},{"type":"Feature","geometry":{"type":"Point","coordinates":[-79.98656,40.428718]},"properties":{"stop_id":"4848","name":"E CARSON ST + 12TH ST","weekday_trips":143,"routes":["48","51"]}},{"type":"Feature","geometry":{"type":"Point","coordinates":[-79.984251,40.42877]},"properties":{"stop_id":"4850","name":"E CARSON ST + 14TH ST","weekday_trips":143,"routes":["48","51"]}},{"type":"Feature","geometry":{"type":"Point","coordinates":[-79.982179,40.428818]},"properties":{"stop_id":"4852","name":"E CARSON ST + 17TH ST","weekday_trips":143,"routes":["48","51"]}},{"type":"Feature","geometry":{"type":"Point","coordinates":[-79.980704,40.428719]},"properties":{"stop_id":"4853","name":"E CARSON ST + 18TH ST","weekday_trips":143,"routes":["48","51"]}},{"type":"Feature","geometry":{"type":"Point","coordinates":[-79.969955,40.42782]},"properties":{"stop_id":"4855","name":"E CARSON ST + 25TH ST","weekday_trips":84,"routes":["48","75"]}},{"type":"Feature","geometry":{"type":"Point","coordinates":[-79.969956,40.424233]},"properties":{"stop_id":"4858","name":"26TH ST + JOSEPHINE ST","weekday_trips":38,"routes":["48"]}},{"type":"Feature","geometry":{"type":"Point","coordinates":[-79.969052,40.423821]},"properties":{"stop_id":"4859","name":"JOSEPHINE ST + BARRY","weekday_trips":38,"routes":["48"]}},{"type":"Feature","geometry":{"type":"Point","coordinates":[-79.965044,40.421863]},"properties":{"stop_id":"4861","name":"JOSEPHINE ST + #3033","weekday_trips":38,"routes":["48"]}},{"type":"Feature","geometry":{"type":"Point","coordinates":[-79.964677,40.418987]},"properties":{"stop_id":"4863","name":"JOSEPHINE ST + #3237","weekday_trips":38,"routes":["48"]}},{"type":"Feature","geometry":{"type":"Point","coordinates":[-79.967662,40.417289]},"properties":{"stop_id":"4865","name":"ARLINGTON AVE + DENGLER","weekday_trips":38,"routes":["48"]}},{"type":"Feature","geometry":{"type":"Point","coordinates":[-79.969513,40.417542]},"properties":{"stop_id":"4867","name":"ARLINGTON AVE + COLOGNE","weekday_trips":38,"routes":["48"]}},{"type":"Feature","geometry":{"type":"Point","coordinates":[-79.971345,40.417641]},"properties":{"stop_id":"4868","name":"ARLINGTON AVE + CLOVER","weekday_trips":38,"routes":["48"]}},{"type":"Feature","geometry":{"type":"Point","coordinates":[-79.974416,40.417302]},"properties":{"stop_id":"4870","name":"ARLINGTON AVE + STERLING","weekday_trips":38,"routes":["48"]}},{"type":"Feature","geometry":{"type":"Point","coordinates":[-79.975861,40.417166]},"properties":{"stop_id":"4871","name":"ARLINGTON AVE + FERNLEAF","weekday_trips":38,"routes":["48"]}},{"type":"Feature","geometry":{"type":"Point","coordinates":[-79.978534,40.417974]},"properties":{"stop_id":"4873","name":"ARLINGTON AVE + JULIA","weekday_trips":38,"routes":["48"]}},{"type":"Feature","geometry":{"type":"Point","coordinates":[-79.982614,40.417694]},"properties":{"stop_id":"4875","name":"ARLINGTON AVE + FREDERICK","weekday_trips":38,"routes":["48"]}},{"type":"Feature","geometry":{"type":"Point","coordinates":[-79.984507,40.417637]},"properties":{"stop_id":"4876","name":"ARLINGTON AVE + KOEHLER","weekday_trips":38,"routes":["48"]}},{"type":"Feature","geometry":{"type":"Point","coordinates":[-79.986232,40.417582]},"properties":{"stop_id":"4877","name":"ARLINGTON AVE + S 18TH","weekday_trips":38,"routes":["48"]}},{"type":"Feature","geometry":{"type":"Point","coordinates":[-79.993579,40.421845]},"properties":{"stop_id":"4884","name":"WARRINGTON AVE + ALLEN","weekday_trips":56,"routes":["43","48"]}},{"type":"Feature","geometry":{"type":"Point","coordinates":[-79.997246,40.421712]},"properties":{"stop_id":"4886","name":"WARRINGTON AVE + BELTZHOOVER","weekday_trips":56,"routes":["43","48"]}},{"type":"Feature","geometry":{"type":"Point","coordinates":[-80.000455,40.421067]},"properties":{"stop_id":"4888","name":"WARRINGTON AVE + ESTELLA AVE","weekday_trips":87,"routes":["44","48","54"]}},{"type":"Feature","geometry":{"type":"Point","coordinates":[-80.003502,40.421543]},"properties":{"stop_id":"4890","name":"HABERMAN RAMP + HARWOOD STEPS","weekday_trips":87,"routes":["44","48","54"]}},{"type":"Feature","geometry":{"type":"Point","coordinates":[-80.016679,40.4519]},"properties":{"stop_id":"5","name":"WESTERN AVE + GALVESTON","weekday_trips":12,"routes":["18"]}},{"type":"Feature","geometry":{"type":"Point","coordinates":[-80.07322,40.438993]},"properties":{"stop_id":"5030","name":"STEUBEN ST + LINDEN","weekday_trips":22,"routes":["29"]}},{"type":"Feature","geometry":{"type":"Point","coordinates":[-80.071414,40.438654]},"properties":{"stop_id":"5031","name":"STEUBEN ST + RICHMOND","weekday_trips":22,"routes":["29"]}},{"type":"Feature","geometry":{"type":"Point","coordinates":[-80.062519,40.438953]},"properties":{"stop_id":"5034","name":"STEUBEN ST + UNION","weekday_trips":22,"routes":["29"]}},{"type":"Feature","geometry":{"type":"Point","coordinates":[-80.061195,40.440518]},"properties":{"stop_id":"5035","name":"STEUBEN ST + RIDENOUR","weekday_trips":22,"routes":["29"]}},{"type":"Feature","geometry":{"type":"Point","coordinates":[-80.057816,40.443131]},"properties":{"stop_id":"5037","name":"STEUBEN ST + STRATMORE FS","weekday_trips":22,"routes":["29"]}},{"type":"Feature","geometry":{"type":"Point","coordinates":[-80.060755,40.442071]},"properties":{"stop_id":"5090","name":"STEUBEN ST + CUMBERLAND","weekday_trips":21,"routes":["29"]}},{"type":"Feature","geometry":{"type":"Point","coordinates":[-80.062707,40.43896]},"properties":{"stop_id":"5092","name":"STEUBEN ST + UNION AVE FS (NOBLE AVE)","weekday_trips":21,"routes":["29"]}},{"type":"Feature","geometry":{"type":"Point","coordinates":[-80.070008,40.438485]},"properties":{"stop_id":"5094","name":"STEUBEN ST + CVS DRVWY","weekday_trips":21,"routes":["29"]}},{"type":"Feature","geometry":{"type":"Point","coordinates":[-80.072822,40.438982]},"properties":{"stop_id":"5096","name":"STEUBEN ST + LINDEN","weekday_trips":21,"routes":["29"]}},{"type":"Feature","geometry":{"type":"Point","coordinates":[-80.075901,40.439527]},"properties":{"stop_id":"5097","name":"STEUBEN ST + DUNCAN","weekday_trips":21,"routes":["29"]}},{"type":"Feature","geometry":{"type":"Point","coordinates":[-80.079797,40.440339]},"properties":{"stop_id":"5099","name":"STEUBEN ST + INGRAM","weekday_trips":21,"routes":["29"]}},{"type":"Feature","geometry":{"type":"Point","coordinates":[-80.091255,40.439867]},"properties":{"stop_id":"5101","name":"STEUBENVILLE PIKE + PITTSBURGH MOTEL","weekday_trips":21,"routes":["29"]}},{"type":"Feature","geometry":{"type":"Point","coordinates":[-79.966667,40.459241]},"properties":{"stop_id":"5125","name":"EAST BUSWAY + HERRON STATION A","weekday_trips":101,"routes":["P1"]}},{"type":"Feature","geometry":{"type":"Point","coordinates":[-79.948837,40.450508]},"properties":{"stop_id":"5126","name":"NEVILLE ST + BAYARD","weekday_trips":47,"routes":["P3"]}},{"type":"Feature","geometry":{"type":"Point","coordinates":[-79.947469,40.447346]},"properties":{"stop_id":"5127","name":"NEVILLE ST + FIFTH AVE","weekday_trips":93,"routes":["75","P3"]}},{"type":"Feature","geometry":{"type":"Point","coordinates":[-79.979464,40.436095]},"properties":{"stop_id":"5131","name":"BLVD OF ALLIES + GIST","weekday_trips":58,"routes":["65","67","69"]}},{"type":"Feature","geometry":{"type":"Point","coordinates":[-79.98143,40.435858]},"properties":{"stop_id":"5132","name":"BLVD OF ALLIES + MILTENBERGER","weekday_trips":58,"routes":["65","67","69"]}},{"type":"Feature","geometry":{"type":"Point","coordinates":[-79.982651,40.435703]},"properties":{"stop_id":"5133","name":"BLVD OF ALLIES + VAN BRAAM","weekday_trips":58,"routes":["65","67","69"]}},{"type":"Feature","geometry":{"type":"Point","coordinates":[-80.092379,40.386396]},"properties":{"stop_id":"5277","name":"WASHINGTON PIKE + RACEWAY PLAZA","weekday_trips":20,"routes":["38","G31"]}},{"type":"Feature","geometry":{"type":"Point","coordinates":[-80.09004,40.388093]},"properties":{"stop_id":"5278","name":"RAILROAD ST + COLLIER","weekday_trips":33,"routes":["31","G31"]}},{"type":"Feature","geometry":{"type":"Point","coordinates":[-80.088653,40.389222]},"properties":{"stop_id":"5279","name":"RAILROAD ST + 4TH","weekday_trips":33,"routes":["31","G31"]}},{"type":"Feature","geometry":{"type":"Point","coordinates":[-80.087998,40.390313]},"properties":{"stop_id":"5280","name":"RAILROAD ST + 3RD","weekday_trips":33,"routes":["31","G31"]}},{"type":"Feature","geometry":{"type":"Point","coordinates":[-80.086191,40.395997]},"properties":{"stop_id":"5283","name":"WASHINGTON AVE + HOPE HOLLOW (CAROTHERS)","weekday_trips":28,"routes":["31"]}},{"type":"Feature","geometry":{"type":"Point","coordinates":[-80.083208,40.398192]},"properties":{"stop_id":"5284","name":"WASHINGTON AVE + DOLLAR GENERAL","weekday_trips":28,"routes":["31"]}},{"type":"Feature","geometry":{"type":"Point","coordinates":[-80.08363,40.405456]},"properties":{"stop_id":"5285","name":"WASHINGTON AVE + TRIMBLE","weekday_trips":28,"routes":["31"]}},{"type":"Feature","geometry":{"type":"Point","coordinates":[-80.083673,40.407432]},"properties":{"stop_id":"5286","name":"WASHINGTON AVE + ACADEMY","weekday_trips":28,"routes":["31"]}},{"type":"Feature","geometry":{"type":"Point","coordinates":[-80.04318,40.382651]},"properties":{"stop_id":"53","name":"MOUNT LEBANON STATION","weekday_trips":62,"routes":["RED"]}},{"type":"Feature","geometry":{"type":"Point","coordinates":[-80.083752,40.4076]},"properties":{"stop_id":"5321","name":"WASHINGTON AVE + ACADEMY","weekday_trips":28,"routes":["31"]}},{"type":"Feature","geometry":{"type":"Point","coordinates":[-80.083735,40.405582]},"properties":{"stop_id":"5322","name":"WASHINGTON AVE + TRIMBLE","weekday_trips":28,"routes":["31"]}},{"type":"Feature","geometry":{"type":"Point","coordinates":[-80.087705,40.393292]},"properties":{"stop_id":"5325","name":"RAILROAD ST + 1ST FS","weekday_trips":33,"routes":["31","G31"]}},{"type":"Feature","geometry":{"type":"Point","coordinates":[-80.087834,40.391901]},"properties":{"stop_id":"5326","name":"RAILROAD ST + 2ND","weekday_trips":33,"routes":["31","G31"]}},{"type":"Feature","geometry":{"type":"Point","coordinates":[-80.088057,40.390435]},"properties":{"stop_id":"5327","name":"RAILROAD ST + 3RD","weekday_trips":33,"routes":["31","G31"]}},{"type":"Feature","geometry":{"type":"Point","coordinates":[-80.08985,40.388341]},"properties":{"stop_id":"5329","name":"RAILROAD ST + COLLIER","weekday_trips":33,"routes":["31","G31"]}},{"type":"Feature","geometry":{"type":"Point","coordinates":[-80.091466,40.387398]},"properties":{"stop_id":"5330","name":"WASHINGTON PIKE + RACEWAY PLAZA","weekday_trips":48,"routes":["31","38","G31"]}},{"type":"Feature","geometry":{"type":"Point","coordinates":[-80.113583,40.35615]},"properties":{"stop_id":"5387","name":"WASHINGTON AVE + JAMES ST","weekday_trips":33,"routes":["31","G31"]}},{"type":"Feature","geometry":{"type":"Point","coordinates":[-80.111396,40.360333]},"properties":{"stop_id":"5389","name":"WASHINGTON AVE + MURRAY","weekday_trips":33,"routes":["31","G31"]}},{"type":"Feature","geometry":{"type":"Point","coordinates":[-80.110293,40.362932]},"properties":{"stop_id":"5390","name":"WASHINGTON PIKE + SCHULTE","weekday_trips":33,"routes":["31","G31"]}},{"type":"Feature","geometry":{"type":"Point","coordinates":[-80.10923,40.364544]},"properties":{"stop_id":"5391","name":"WASHINGTON PIKE + ANDERSON EQUIPMENT","weekday_trips":33,"routes":["31","G31"]}},{"type":"Feature","geometry":{"type":"Point","coordinates":[-80.107231,40.365906]},"properties":{"stop_id":"5392","name":"WASHINGTON PIKE + MAYER","weekday_trips":48,"routes":["31","38","G31"]}},{"type":"Feature","geometry":{"type":"Point","coordinates":[-80.104187,40.367592]},"properties":{"stop_id":"5393","name":"WASHINGTON PIKE + BANK OF AMERICA","weekday_trips":48,"routes":["31","38","G31"]}},{"type":"Feature","geometry":{"type":"Point","coordinates":[-80.102929,40.368303]},"properties":{"stop_id":"5394","name":"WASHINGTON PIKE + GREAT SOUTHERN SHOPPING CENTER","weekday_trips":48,"routes":["31","38","G31"]}},{"type":"Feature","geometry":{"type":"Point","coordinates":[-80.101863,40.368943]},"properties":{"stop_id":"5395","name":"WASHINGTON PIKE + BERAM FS","weekday_trips":48,"routes":["31","38","G31"]}},{"type":"Feature","geometry":{"type":"Point","coordinates":[-80.100845,40.370075]},"properties":{"stop_id":"5396","name":"WASHINGTON PIKE + VANADIUM","weekday_trips":48,"routes":["31","38","G31"]}},{"type":"Feature","geometry":{"type":"Point","coordinates":[-80.099243,40.372983]},"properties":{"stop_id":"5398","name":"WASHINGTON PIKE + I-79 RAMP","weekday_trips":48,"routes":["31","38","G31"]}},{"type":"Feature","geometry":{"type":"Point","coordinates":[-80.097809,40.376175]},"properties":{"stop_id":"5399","name":"WASHINGTON PIKE + STEEN","weekday_trips":48,"routes":["31","38","G31"]}},{"type":"Feature","geometry":{"type":"Point","coordinates":[-80.043434,40.381726]},"properties":{"stop_id":"54","name":"MOUNT LEBANON STATION","weekday_trips":62,"routes":["RED"]}},{"type":"Feature","geometry":{"type":"Point","coordinates":[-80.0959,40.379403]},"properties":{"stop_id":"5401","name":"WASHINGTON PIKE + #1375","weekday_trips":48,"routes":["31","38","G31"]}},{"type":"Feature","geometry":{"type":"Point","coordinates":[-80.09362,40.387951]},"properties":{"stop_id":"5403","name":"RACEWAY FIRELANE + SHOP N SAVE","weekday_trips":56,"routes":["31"]}},{"type":"Feature","geometry":{"type":"Point","coordinates":[-80.083601,40.409135]},"properties":{"stop_id":"5405","name":"WASHINGTON AVE + MAIN","weekday_trips":28,"routes":["31"]}},{"type":"Feature","geometry":{"type":"Point","coordinates":[-80.082633,40.410029]},"properties":{"stop_id":"5406","name":"MAIN ST + CHESTNUT","weekday_trips":28,"routes":["31"]}},{"type":"Feature","geometry":{"type":"Point","coordinates":[-80.078008,40.413247]},"properties":{"stop_id":"5407","name":"NOBLESTOWN RD + IDLEWOOD","weekday_trips":28,"routes":["31"]}},{"type":"Feature","geometry":{"type":"Point","coordinates":[-80.076089,40.413198]},"properties":{"stop_id":"5408","name":"NOBLESTOWN RD + #235","weekday_trips":28,"routes":["31"]}},{"type":"Feature","geometry":{"type":"Point","coordinates":[-80.073312,40.413765]},"properties":{"stop_id":"5409","name":"NOBLESTOWN RD + ALTER","weekday_trips":28,"routes":["31"]}},{"type":"Feature","geometry":{"type":"Point","coordinates":[-80.070707,40.415791]},"properties":{"stop_id":"5411","name":"NOBLESTOWN RD + #640","weekday_trips":28,"routes":["31"]}},{"type":"Feature","geometry":{"type":"Point","coordinates":[-80.067123,40.416294]},"properties":{"stop_id":"5412","name":"NOBLESTOWN RD + HAWTHORNE","weekday_trips":28,"routes":["31"]}},{"type":"Feature","geometry":{"type":"Point","coordinates":[-80.066124,40.417135]},"properties":{"stop_id":"5413","name":"NOBLESTOWN RD + MANSFIELD FS","weekday_trips":28,"routes":["31"]}},{"type":"Feature","geometry":{"type":"Point","coordinates":[-80.066485,40.419037]},"properties":{"stop_id":"5414","name":"NOBLESTOWN RD + #2793","weekday_trips":28,"routes":["31"]}},{"type":"Feature","geometry":{"type":"Point","coordinates":[-80.066827,40.420562]},"properties":{"stop_id":"5416","name":"NOBLESTOWN RD + BRENFORD","weekday_trips":28,"routes":["31"]}},{"type":"Feature","geometry":{"type":"Point","coordinates":[-80.066591,40.423628]},"properties":{"stop_id":"5418","name":"NOBLESTOWN RD + DURBIN","weekday_trips":28,"routes":["31"]}},{"type":"Feature","geometry":{"type":"Point","coordinates":[-80.061945,40.426341]},"properties":{"stop_id":"5419","name":"NOBLESTOWN RD + HOLIDAY DR","weekday_trips":28,"routes":["31"]}},{"type":"Feature","geometry":{"type":"Point","coordinates":[-80.057121,40.426422]},"properties":{"stop_id":"5420","name":"NOBLESTOWN RD + SCHOOL","weekday_trips":28,"routes":["31"]}},{"type":"Feature","geometry":{"type":"Point","coordinates":[-80.0554,40.427067]},"properties":{"stop_id":"5421","name":"NOBLESTOWN RD + NOBLE MANOR","weekday_trips":28,"routes":["31"]}},{"type":"Feature","geometry":{"type":"Point","coordinates":[-80.053781,40.427818]},"properties":{"stop_id":"5422","name":"NOBLESTOWN RD + #235","weekday_trips":28,"routes":["31"]}},{"type":"Feature","geometry":{"type":"Point","coordinates":[-80.053421,40.429879]},"properties":{"stop_id":"5423","name":"NOBLESTOWN RD + #2212","weekday_trips":28,"routes":["31"]}},{"type":"Feature","geometry":{"type":"Point","coordinates":[-80.053322,40.431142]},"properties":{"stop_id":"5424","name":"NOBLESTOWN RD + #2148 (GIANT EAGLE)","weekday_trips":28,"routes":["31"]}},{"type":"Feature","geometry":{"type":"Point","coordinates":[-80.052764,40.431806]},"properties":{"stop_id":"5425","name":"NOBLESTOWN RD + #2120 (GIANT EAGLE)","weekday_trips":28,"routes":["31"]}},{"type":"Feature","geometry":{"type":"Point","coordinates":[-80.050202,40.434235]},"properties":{"stop_id":"5427","name":"NOBLESTOWN RD + COLESCOTT","weekday_trips":28,"routes":["31"]}},{"type":"Feature","geometry":{"type":"Point","coordinates":[-80.050413,40.435102]},"properties":{"stop_id":"5428","name":"NOBLESTOWN RD + DENISONVIEW","weekday_trips":28,"routes":["31"]}},{"type":"Feature","geometry":{"type":"Point","coordinates":[-80.052019,40.436208]},"properties":{"stop_id":"5429","name":"NOBLESTOWN RD + BARTOW","weekday_trips":28,"routes":["31"]}},{"type":"Feature","geometry":{"type":"Point","coordinates":[-80.053761,40.437486]},"properties":{"stop_id":"5430","name":"NOBLESTOWN RD + CRAFTON","weekday_trips":28,"routes":["31"]}},{"type":"Feature","geometry":{"type":"Point","coordinates":[-80.045508,40.422491]},"properties":{"stop_id":"5458","name":"GREENTREE RD + MANSFIELD FS","weekday_trips":30,"routes":["38"]}},{"type":"Feature","geometry":{"type":"Point","coordinates":[-80.042834,40.424606]},"properties":{"stop_id":"5460","name":"GREENTREE RD + PARKWAY CENTER DR SOUTH","weekday_trips":30,"routes":["38"]}},{"type":"Feature","geometry":{"type":"Point","coordinates":[-80.053848,40.437477]},"properties":{"stop_id":"5461","name":"NOBLESTOWN RD + CRAFTON FS","weekday_trips":28,"routes":["31"]}},{"type":"Feature","geometry":{"type":"Point","coordinates":[-80.052139,40.436195]},"properties":{"stop_id":"5462","name":"NOBLESTOWN RD + BARTOW","weekday_trips":28,"routes":["31"]}},{"type":"Feature","geometry":{"type":"Point","coordinates":[-80.050533,40.435053]},"properties":{"stop_id":"5463","name":"NOBLESTOWN RD + DENISONVIEW","weekday_trips":28,"routes":["31"]}},{"type":"Feature","geometry":{"type":"Point","coordinates":[-80.05035,40.434116]},"properties":{"stop_id":"5464","name":"NOBLESTOWN RD + HARRIS FS","weekday_trips":28,"routes":["31"]}},{"type":"Feature","geometry":{"type":"Point","coordinates":[-80.051798,40.432745]},"properties":{"stop_id":"5465","name":"NOBLESTOWN RD + #2094","weekday_trips":28,"routes":["31"]}},{"type":"Feature","geometry":{"type":"Point","coordinates":[-80.0527,40.431988]},"properties":{"stop_id":"5466","name":"NOBLESTOWN RD + #2128","weekday_trips":28,"routes":["31"]}},{"type":"Feature","geometry":{"type":"Point","coordinates":[-80.053458,40.431121]},"properties":{"stop_id":"5467","name":"NOBLESTOWN RD + FIRE STATION (#2200)","weekday_trips":28,"routes":["31"]}},{"type":"Feature","geometry":{"type":"Point","coordinates":[-80.053529,40.429811]},"properties":{"stop_id":"5468","name":"NOBLESTOWN RD + #2212","weekday_trips":28,"routes":["31"]}},{"type":"Feature","geometry":{"type":"Point","coordinates":[-80.053674,40.428149]},"properties":{"stop_id":"5469","name":"NOBLESTOWN RD + POPLAR","weekday_trips":28,"routes":["31"]}},{"type":"Feature","geometry":{"type":"Point","coordinates":[-80.055592,40.427084]},"properties":{"stop_id":"5470","name":"NOBLESTOWN RD + NOBLE MANOR","weekday_trips":28,"routes":["31"]}},{"type":"Feature","geometry":{"type":"Point","coordinates":[-80.056706,40.426636]},"properties":{"stop_id":"5471","name":"NOBLESTOWN RD + BALDWICK","weekday_trips":28,"routes":["31"]}},{"type":"Feature","geometry":{"type":"Point","coordinates":[-80.067468,40.416189]},"properties":{"stop_id":"5480","name":"NOBLESTOWN RD + HAWTHORNE","weekday_trips":28,"routes":["31"]}},{"type":"Feature","geometry":{"type":"Point","coordinates":[-80.070763,40.415859]},"properties":{"stop_id":"5481","name":"NOBLESTOWN RD + #640","weekday_trips":28,"routes":["31"]}},{"type":"Feature","geometry":{"type":"Point","coordinates":[-80.073256,40.413893]},"properties":{"stop_id":"5483","name":"NOBLESTOWN RD + ALTER","weekday_trips":28,"routes":["31"]}},{"type":"Feature","geometry":{"type":"Point","coordinates":[-80.075347,40.413128]},"properties":{"stop_id":"5484","name":"NOBLESTOWN RD + #235","weekday_trips":28,"routes":["31"]}},{"type":"Feature","geometry":{"type":"Point","coordinates":[-80.078604,40.413115]},"properties":{"stop_id":"5485","name":"NOBLESTOWN RD + BELL AVE","weekday_trips":28,"routes":["31"]}},{"type":"Feature","geometry":{"type":"Point","coordinates":[-80.09786,40.376324]},"properties":{"stop_id":"5490","name":"WASHINGTON PIKE + STEEN","weekday_trips":48,"routes":["31","38","G31"]}},{"type":"Feature","geometry":{"type":"Point","coordinates":[-80.099162,40.37405]},"properties":{"stop_id":"5491","name":"WASHINGTON PIKE + WINSTEIN","weekday_trips":48,"routes":["31","38","G31"]}},{"type":"Feature","geometry":{"type":"Point","coordinates":[-80.100718,40.370472]},"properties":{"stop_id":"5493","name":"WASHINGTON PIKE + VANADIUM","weekday_trips":48,"routes":["31","38","G31"]}},{"type":"Feature","geometry":{"type":"Point","coordinates":[-80.102365,40.368758]},"properties":{"stop_id":"5494","name":"WASHINGTON PIKE + GREAT SOUTHERN SHOPPING CENTER ENT #1","weekday_trips":48,"routes":["31","38","G31"]}},{"type":"Feature","geometry":{"type":"Point","coordinates":[-80.104225,40.367714]},"properties":{"stop_id":"5495","name":"WASHINGTON PIKE + GREAT SOUTHERN SHOPPING CENTER ENT #2","weekday_trips":48,"routes":["31","38","G31"]}},{"type":"Feature","geometry":{"type":"Point","coordinates":[-80.106937,40.366212]},"properties":{"stop_id":"5497","name":"WASHINGTON PIKE + MAYER","weekday_trips":48,"routes":["31","38","G31"]}},{"type":"Feature","geometry":{"type":"Point","coordinates":[-80.108075,40.365601]},"properties":{"stop_id":"5498","name":"WASHINGTON PIKE + CHARTIERS VALLEY SHOPPING CENTER","weekday_trips":33,"routes":["31","G31"]}},{"type":"Feature","geometry":{"type":"Point","coordinates":[-80.110473,40.362701]},"properties":{"stop_id":"5499","name":"WASHINGTON AVE + PRESTLEY","weekday_trips":33,"routes":["31","G31"]}},{"type":"Feature","geometry":{"type":"Point","coordinates":[-80.111523,40.360294]},"properties":{"stop_id":"5500","name":"WASHINGTON AVE + MURRAY","weekday_trips":33,"routes":["31","G31"]}},{"type":"Feature","geometry":{"type":"Point","coordinates":[-80.06166,40.426431]},"properties":{"stop_id":"5524","name":"NOBLESTOWN RD + HOLIDAY DR","weekday_trips":28,"routes":["31"]}},{"type":"Feature","geometry":{"type":"Point","coordinates":[-80.065741,40.424904]},"properties":{"stop_id":"5525","name":"NOBLESTOWN RD + PACE","weekday_trips":28,"routes":["31"]}},{"type":"Feature","geometry":{"type":"Point","coordinates":[-80.066531,40.423801]},"properties":{"stop_id":"5526","name":"NOBLESTOWN RD + DURBIN","weekday_trips":28,"routes":["31"]}},{"type":"Feature","geometry":{"type":"Point","coordinates":[-80.066969,40.42084]},"properties":{"stop_id":"5528","name":"NOBLESTOWN RD + MORANGE","weekday_trips":28,"routes":["31"]}},{"type":"Feature","geometry":{"type":"Point","coordinates":[-80.066564,40.419055]},"properties":{"stop_id":"5530","name":"NOBLESTOWN RD + #2793","weekday_trips":28,"routes":["31"]}},{"type":"Feature","geometry":{"type":"Point","coordinates":[-80.041033,40.423579]},"properties":{"stop_id":"5551","name":"PARKWAY CTR DR SOUTH + BUILDING #7","weekday_trips":15,"routes":["38"]}},{"type":"Feature","geometry":{"type":"Point","coordinates":[-80.043385,40.42425]},"properties":{"stop_id":"5552","name":"GREENTREE RD + WARRIORS","weekday_trips":30,"routes":["38"]}},{"type":"Feature","geometry":{"type":"Point","coordinates":[-80.046055,40.422172]},"properties":{"stop_id":"5553","name":"GREENTREE RD + MANSFIELD","weekday_trips":30,"routes":["38"]}},{"type":"Feature","geometry":{"type":"Point","coordinates":[-79.992074,40.443896]},"properties":{"stop_id":"5560","name":"EAST BUSWAY + PENN STATION A","weekday_trips":331,"routes":["29","31","39","40","41","44","91","G3","G31","P1"]}},{"type":"Feature","geometry":{"type":"Point","coordinates":[-79.996232,40.440094]},"properties":{"stop_id":"5564","name":"GRANT ST + OLIVER","weekday_trips":43,"routes":["P12","P16","P67"]}},{"type":"Feature","geometry":{"type":"Point","coordinates":[-80.091119,40.404453]},"properties":{"stop_id":"5588","name":"3RD ST + MAIN","weekday_trips":5,"routes":["G31"]}},{"type":"Feature","geometry":{"type":"Point","coordinates":[-80.086949,40.395715]},"properties":{"stop_id":"5595","name":"CAROTHERS AVE + WASHINGTON","weekday_trips":5,"routes":["G31"]}},{"type":"Feature","geometry":{"type":"Point","coordinates":[-80.029064,40.517924]},"properties":{"stop_id":"562","name":"PERRY HWY + MCDONALDS","weekday_trips":53,"routes":["8"]}},{"type":"Feature","geometry":{"type":"Point","coordinates":[-80.054181,40.405522]},"properties":{"stop_id":"5655","name":"GREENTREE RD + FOREST FS","weekday_trips":30,"routes":["38"]}},{"type":"Feature","geometry":{"type":"Point","coordinates":[-80.053023,40.406342]},"properties":{"stop_id":"5656","name":"GREENTREE RD + BANBURY","weekday_trips":30,"routes":["38"]}},{"type":"Feature","geometry":{"type":"Point","coordinates":[-80.050176,40.408367]},"properties":{"stop_id":"5657","name":"GREENTREE RD + POTOMAC","weekday_trips":30,"routes":["38"]}},{"type":"Feature","geometry":{"type":"Point","coordinates":[-80.047472,40.41028]},"properties":{"stop_id":"5659","name":"GREENTREE RD + ORIOLE","weekday_trips":30,"routes":["38"]}},{"type":"Feature","geometry":{"type":"Point","coordinates":[-80.045942,40.412117]},"properties":{"stop_id":"5660","name":"GREENTREE RD + ORCHARD","weekday_trips":30,"routes":["38"]}},{"type":"Feature","geometry":{"type":"Point","coordinates":[-80.045016,40.414111]},"properties":{"stop_id":"5661","name":"GREENTREE RD + CARNAHAN","weekday_trips":30,"routes":["38"]}},{"type":"Feature","geometry":{"type":"Point","coordinates":[-80.045713,40.418682]},"properties":{"stop_id":"5663","name":"GREENTREE RD + MANILLA FS","weekday_trips":30,"routes":["38"]}},{"type":"Feature","geometry":{"type":"Point","coordinates":[-80.029566,40.508811]},"properties":{"stop_id":"568","name":"PERRY HWY AT ROSS PARK AND RIDE- LOWER LOT SHELTER","weekday_trips":73,"routes":["8","O1"]}},{"type":"Feature","geometry":{"type":"Point","coordinates":[-80.028571,40.505238]},"properties":{"stop_id":"569","name":"PERRY HWY + CLARWIN","weekday_trips":53,"routes":["8"]}},{"type":"Feature","geometry":{"type":"Point","coordinates":[-80.014343,40.450375]},"properties":{"stop_id":"57","name":"RIDGE AVE + BRIGHTON (CCAC)","weekday_trips":65,"routes":["18","54"]}},{"type":"Feature","geometry":{"type":"Point","coordinates":[-80.026665,40.504332]},"properties":{"stop_id":"570","name":"PERRY HWY + HANWAY","weekday_trips":53,"routes":["8"]}},{"type":"Feature","geometry":{"type":"Point","coordinates":[-80.025527,40.503623]},"properties":{"stop_id":"571","name":"PERRY HWY + I-279 RAMP","weekday_trips":53,"routes":["8"]}},{"type":"Feature","geometry":{"type":"Point","coordinates":[-80.021673,40.499926]},"properties":{"stop_id":"572","name":"PERRY HWY + WEST VIEW AVE FS","weekday_trips":108,"routes":["17","4","8"]}},{"type":"Feature","geometry":{"type":"Point","coordinates":[-80.020375,40.498325]},"properties":{"stop_id":"573","name":"PERRY HWY + IVORY","weekday_trips":86,"routes":["17","8"]}},{"type":"Feature","geometry":{"type":"Point","coordinates":[-80.045868,40.418648]},"properties":{"stop_id":"5736","name":"GREENTREE RD + MANILLA","weekday_trips":30,"routes":["38"]}},{"type":"Feature","geometry":{"type":"Point","coordinates":[-80.045095,40.414317]},"properties":{"stop_id":"5738","name":"GREENTREE RD + CARNAHAN","weekday_trips":30,"routes":["38"]}},{"type":"Feature","geometry":{"type":"Point","coordinates":[-80.045994,40.412212]},"properties":{"stop_id":"5739","name":"GREENTREE RD + ORCHARD","weekday_trips":30,"routes":["38"]}},{"type":"Feature","geometry":{"type":"Point","coordinates":[-80.020025,40.496533]},"properties":{"stop_id":"574","name":"PERRY HWY + CONNIE","weekday_trips":86,"routes":["17","8"]}},{"type":"Feature","geometry":{"type":"Point","coordinates":[-80.047495,40.41036]},"properties":{"stop_id":"5740","name":"GREENTREE RD + ORIOLE","weekday_trips":30,"routes":["38"]}},{"type":"Feature","geometry":{"type":"Point","coordinates":[-80.049956,40.40862]},"properties":{"stop_id":"5742","name":"GREENTREE RD + POTOMAC","weekday_trips":30,"routes":["38"]}},{"type":"Feature","geometry":{"type":"Point","coordinates":[-80.052778,40.406612]},"properties":{"stop_id":"5743","name":"GREENTREE RD + BANBURY","weekday_trips":30,"routes":["38"]}},{"type":"Feature","geometry":{"type":"Point","coordinates":[-80.05426,40.405559]},"properties":{"stop_id":"5744","name":"GREENTREE RD + FOREST","weekday_trips":30,"routes":["38"]}},{"type":"Feature","geometry":{"type":"Point","coordinates":[-80.022118,40.493832]},"properties":{"stop_id":"576","name":"PERRY HWY + PERRY VIEW","weekday_trips":53,"routes":["8"]}},{"type":"Feature","geometry":{"type":"Point","coordinates":[-80.021996,40.492954]},"properties":{"stop_id":"577","name":"PERRYSVILLE AVE + BASCOM","weekday_trips":53,"routes":["8"]}},{"type":"Feature","geometry":{"type":"Point","coordinates":[-80.020192,40.491273]},"properties":{"stop_id":"578","name":"PERRYSVILLE AVE + WALDORF","weekday_trips":53,"routes":["8"]}},{"type":"Feature","geometry":{"type":"Point","coordinates":[-80.01867,40.490297]},"properties":{"stop_id":"579","name":"PERRYSVILLE AVE + FRANKLIN","weekday_trips":53,"routes":["8"]}},{"type":"Feature","geometry":{"type":"Point","coordinates":[-80.084647,40.386087]},"properties":{"stop_id":"5795","name":"GREENTREE RD + LINDSAY","weekday_trips":15,"routes":["38"]}},{"type":"Feature","geometry":{"type":"Point","coordinates":[-80.084457,40.384201]},"properties":{"stop_id":"5796","name":"LINDSAY RD + PARK DR","weekday_trips":15,"routes":["38"]}},{"type":"Feature","geometry":{"type":"Point","coordinates":[-80.085733,40.38239]},"properties":{"stop_id":"5797","name":"LINDSAY RD + #509","weekday_trips":15,"routes":["38"]}},{"type":"Feature","geometry":{"type":"Point","coordinates":[-80.084168,40.382298]},"properties":{"stop_id":"5798","name":"LINDSAY RD + #559","weekday_trips":15,"routes":["38"]}},{"type":"Feature","geometry":{"type":"Point","coordinates":[-80.082512,40.383133]},"properties":{"stop_id":"5799","name":"LINDSAY RD + #601","weekday_trips":15,"routes":["38"]}},{"type":"Feature","geometry":{"type":"Point","coordinates":[-80.080521,40.383671]},"properties":{"stop_id":"5800","name":"LINDSAY RD + WYNNECLIFF #1","weekday_trips":15,"routes":["38"]}},{"type":"Feature","geometry":{"type":"Point","coordinates":[-80.079277,40.385452]},"properties":{"stop_id":"5801","name":"LINDSAY RD + #722","weekday_trips":15,"routes":["38"]}},{"type":"Feature","geometry":{"type":"Point","coordinates":[-80.079396,40.387322]},"properties":{"stop_id":"5802","name":"LINDSAY RD + WYNNECLIFF #2","weekday_trips":15,"routes":["38"]}},{"type":"Feature","geometry":{"type":"Point","coordinates":[-80.077438,40.387955]},"properties":{"stop_id":"5804","name":"LINDSAY RD + CLAIREVIEW","weekday_trips":15,"routes":["38"]}},{"type":"Feature","geometry":{"type":"Point","coordinates":[-80.076523,40.386883]},"properties":{"stop_id":"5805","name":"LINDSAY RD + GREENVIEW","weekday_trips":15,"routes":["38"]}},{"type":"Feature","geometry":{"type":"Point","coordinates":[-80.074008,40.385494]},"properties":{"stop_id":"5807","name":"LINDSAY RD + CHERRYTREE","weekday_trips":15,"routes":["38"]}},{"type":"Feature","geometry":{"type":"Point","coordinates":[-80.070679,40.384605]},"properties":{"stop_id":"5809","name":"LINDSAY RD + SWALLOW HILL","weekday_trips":15,"routes":["38"]}},{"type":"Feature","geometry":{"type":"Point","coordinates":[-80.073708,40.387276]},"properties":{"stop_id":"5811","name":"SWALLOW HILL RD + THE KNOLLS","weekday_trips":15,"routes":["38"]}},{"type":"Feature","geometry":{"type":"Point","coordinates":[-80.073972,40.389176]},"properties":{"stop_id":"5813","name":"SWALLOW HILL RD + THE BOURSE","weekday_trips":15,"routes":["38"]}},{"type":"Feature","geometry":{"type":"Point","coordinates":[-80.064987,40.399517]},"properties":{"stop_id":"5819","name":"GREENTREE RD + FORSYTHE","weekday_trips":30,"routes":["38"]}},{"type":"Feature","geometry":{"type":"Point","coordinates":[-80.063307,40.401118]},"properties":{"stop_id":"5820","name":"GREENTREE RD + GREEN OAK NS","weekday_trips":30,"routes":["38"]}},{"type":"Feature","geometry":{"type":"Point","coordinates":[-80.058376,40.403345]},"properties":{"stop_id":"5822","name":"GREENTREE RD + CHATHAM PARK","weekday_trips":30,"routes":["38"]}},{"type":"Feature","geometry":{"type":"Point","coordinates":[-80.060647,40.402916]},"properties":{"stop_id":"5860","name":"GREENTREE RD + RYAN","weekday_trips":30,"routes":["38"]}},{"type":"Feature","geometry":{"type":"Point","coordinates":[-80.063061,40.401536]},"properties":{"stop_id":"5861","name":"GREENTREE RD + GREEN OAK","weekday_trips":30,"routes":["38"]}},{"type":"Feature","geometry":{"type":"Point","coordinates":[-80.064294,40.400571]},"properties":{"stop_id":"5862","name":"GREENTREE RD AT COVENANT CHURCH PARK AND RIDE","weekday_trips":30,"routes":["38"]}},{"type":"Feature","geometry":{"type":"Point","coordinates":[-80.06501,40.399857]},"properties":{"stop_id":"5863","name":"GREENTREE RD + FORSYTHE","weekday_trips":30,"routes":["38"]}},{"type":"Feature","geometry":{"type":"Point","coordinates":[-80.065668,40.398529]},"properties":{"stop_id":"5878","name":"GREENTREE RD + GREENBRIAR","weekday_trips":30,"routes":["38"]}},{"type":"Feature","geometry":{"type":"Point","coordinates":[-80.06616,40.396586]},"properties":{"stop_id":"5879","name":"GREENTREE ROAD + LEADER COUNTRY DR","weekday_trips":30,"routes":["38"]}},{"type":"Feature","geometry":{"type":"Point","coordinates":[-80.007393,40.453732]},"properties":{"stop_id":"588","name":"NORTH COMMONS + WEST COMMONS","weekday_trips":94,"routes":["13","16"]}},{"type":"Feature","geometry":{"type":"Point","coordinates":[-80.066373,40.394717]},"properties":{"stop_id":"5880","name":"GREENTREE RD + MANORVIEW","weekday_trips":30,"routes":["38"]}},{"type":"Feature","geometry":{"type":"Point","coordinates":[-80.069099,40.391972]},"properties":{"stop_id":"5881","name":"GREENTREE RD + # 2080","weekday_trips":15,"routes":["38"]}},{"type":"Feature","geometry":{"type":"Point","coordinates":[-80.071292,40.391672]},"properties":{"stop_id":"5882","name":"GREENTREE RD + VIRGINIA MANSIONS","weekday_trips":15,"routes":["38"]}},{"type":"Feature","geometry":{"type":"Point","coordinates":[-80.074184,40.390078]},"properties":{"stop_id":"5883","name":"SWALLOW HILL RD + GREENTREE FS","weekday_trips":15,"routes":["38"]}},{"type":"Feature","geometry":{"type":"Point","coordinates":[-80.074122,40.38925]},"properties":{"stop_id":"5884","name":"SWALLOW HILL RD + THE BOURSE","weekday_trips":15,"routes":["38"]}},{"type":"Feature","geometry":{"type":"Point","coordinates":[-80.074016,40.387931]},"properties":{"stop_id":"5885","name":"SWALLOW HILL RD + NOB HILL APTS DRIVE","weekday_trips":15,"routes":["38"]}},{"type":"Feature","geometry":{"type":"Point","coordinates":[-80.071032,40.384462]},"properties":{"stop_id":"5887","name":"LINDSAY RD + SWALLOW HILL FS","weekday_trips":15,"routes":["38"]}},{"type":"Feature","geometry":{"type":"Point","coordinates":[-80.073849,40.385473]},"properties":{"stop_id":"5889","name":"LINDSAY RD + CHERRYTREE","weekday_trips":15,"routes":["38"]}},{"type":"Feature","geometry":{"type":"Point","coordinates":[-80.076484,40.386926]},"properties":{"stop_id":"5891","name":"LINDSAY RD + GREENVIEW FS","weekday_trips":15,"routes":["38"]}},{"type":"Feature","geometry":{"type":"Point","coordinates":[-80.077364,40.387852]},"properties":{"stop_id":"5892","name":"LINDSAY RD + CLAIREVIEW","weekday_trips":15,"routes":["38"]}},{"type":"Feature","geometry":{"type":"Point","coordinates":[-80.079484,40.387481]},"properties":{"stop_id":"5894","name":"LINDSAY RD + WYNNECLIFF #1","weekday_trips":15,"routes":["38"]}},{"type":"Feature","geometry":{"type":"Point","coordinates":[-80.080301,40.383789]},"properties":{"stop_id":"5896","name":"LINDSAY RD + WYNNECLIFF #2","weekday_trips":15,"routes":["38"]}},{"type":"Feature","geometry":{"type":"Point","coordinates":[-80.08271,40.383129]},"properties":{"stop_id":"5897","name":"LINDSAY RD + #601","weekday_trips":15,"routes":["38"]}},{"type":"Feature","geometry":{"type":"Point","coordinates":[-80.084368,40.38222]},"properties":{"stop_id":"5898","name":"LINDSAY RD + #559","weekday_trips":15,"routes":["38"]}},{"type":"Feature","geometry":{"type":"Point","coordinates":[-80.085701,40.382134]},"properties":{"stop_id":"5899","name":"LINDSAY RD + #509","weekday_trips":15,"routes":["38"]}},{"type":"Feature","geometry":{"type":"Point","coordinates":[-80.016411,40.451977]},"properties":{"stop_id":"59","name":"WESTERN AVE + GALVESTON","weekday_trips":11,"routes":["18"]}},{"type":"Feature","geometry":{"type":"Point","coordinates":[-80.08438,40.384186]},"properties":{"stop_id":"5900","name":"LINDSAY RD + PARK DR","weekday_trips":15,"routes":["38"]}},{"type":"Feature","geometry":{"type":"Point","coordinates":[-80.084266,40.386117]},"properties":{"stop_id":"5901","name":"LINDSAY RD + GREENTREE","weekday_trips":15,"routes":["38"]}},{"type":"Feature","geometry":{"type":"Point","coordinates":[-79.995478,40.435982]},"properties":{"stop_id":"5922","name":"SECOND AVE + MUNICIPAL COURTS DR FS","weekday_trips":100,"routes":["52L","53L","56","57","58"]}},{"type":"Feature","geometry":{"type":"Point","coordinates":[-79.999664,40.437661]},"properties":{"stop_id":"5923","name":"BLVD OF ALLIES + CHERRY WAY FS","weekday_trips":100,"routes":["52L","53L","56","57","58"]}},{"type":"Feature","geometry":{"type":"Point","coordinates":[-80.051929,40.343425]},"properties":{"stop_id":"5929","name":"OXFORD DR + THOMAS MORE MANOR","weekday_trips":20,"routes":["36"]}},{"type":"Feature","geometry":{"type":"Point","coordinates":[-80.04856,40.346526]},"properties":{"stop_id":"5931","name":"OXFORD DR + GIANT EAGLE","weekday_trips":20,"routes":["36"]}},{"type":"Feature","geometry":{"type":"Point","coordinates":[-80.049638,40.347887]},"properties":{"stop_id":"5932","name":"OXFORD DR + VILLAGE SQUARE UPPER ENT","weekday_trips":20,"routes":["36"]}},{"type":"Feature","geometry":{"type":"Point","coordinates":[-80.043827,40.383109]},"properties":{"stop_id":"5950","name":"WASHINGTON RD + SHADY DR","weekday_trips":15,"routes":["38"]}},{"type":"Feature","geometry":{"type":"Point","coordinates":[-80.014206,40.452355]},"properties":{"stop_id":"6","name":"WESTERN AVE + BRIGHTON","weekday_trips":12,"routes":["18"]}},{"type":"Feature","geometry":{"type":"Point","coordinates":[-80.018486,40.45158]},"properties":{"stop_id":"60","name":"WESTERN AVE + ALLEGHENY","weekday_trips":11,"routes":["18"]}},{"type":"Feature","geometry":{"type":"Point","coordinates":[-80.043904,40.384457]},"properties":{"stop_id":"6002","name":"WASHINGTON RD + FLORENCE PL","weekday_trips":15,"routes":["38"]}},{"type":"Feature","geometry":{"type":"Point","coordinates":[-80.048845,40.34668]},"properties":{"stop_id":"6018","name":"OXFORD DR + GIANT EAGLE","weekday_trips":20,"routes":["36"]}},{"type":"Feature","geometry":{"type":"Point","coordinates":[-80.108893,40.359022]},"properties":{"stop_id":"6056","name":"BOWER HILL RD + LIBERTY","weekday_trips":22,"routes":["41"]}},{"type":"Feature","geometry":{"type":"Point","coordinates":[-80.023215,40.397164]},"properties":{"stop_id":"6081","name":"PIONEER AVE + BELLAIRE","weekday_trips":38,"routes":["39"]}},{"type":"Feature","geometry":{"type":"Point","coordinates":[-80.02288,40.397892]},"properties":{"stop_id":"6082","name":"PIONEER AVE + ROSSMORE","weekday_trips":38,"routes":["39"]}},{"type":"Feature","geometry":{"type":"Point","coordinates":[-80.021201,40.399156]},"properties":{"stop_id":"6084","name":"PIONEER AVE + BERWIN","weekday_trips":38,"routes":["39"]}},{"type":"Feature","geometry":{"type":"Point","coordinates":[-80.02018,40.400098]},"properties":{"stop_id":"6085","name":"PIONEER AVE + METZ","weekday_trips":38,"routes":["39"]}},{"type":"Feature","geometry":{"type":"Point","coordinates":[-80.018511,40.401149]},"properties":{"stop_id":"6086","name":"PIONEER AVE + BELLBROOK","weekday_trips":38,"routes":["39"]}},{"type":"Feature","geometry":{"type":"Point","coordinates":[-80.015965,40.402386]},"properties":{"stop_id":"6088","name":"PIONEER AVE + DUNSTER","weekday_trips":38,"routes":["39"]}},{"type":"Feature","geometry":{"type":"Point","coordinates":[-80.01505,40.405443]},"properties":{"stop_id":"6090","name":"PIONEER AVE + STETSON","weekday_trips":38,"routes":["39"]}},{"type":"Feature","geometry":{"type":"Point","coordinates":[-80.014989,40.406925]},"properties":{"stop_id":"6091","name":"PIONEER AVE + SOUTHCREST","weekday_trips":38,"routes":["39"]}},{"type":"Feature","geometry":{"type":"Point","coordinates":[-80.013843,40.409412]},"properties":{"stop_id":"6092","name":"PIONEER AVE + NORTHCREST","weekday_trips":38,"routes":["39"]}},{"type":"Feature","geometry":{"type":"Point","coordinates":[-80.009028,40.411828]},"properties":{"stop_id":"6093","name":"PIONEER AVE RAMP + SOUTH BUSWAY","weekday_trips":38,"routes":["39"]}},{"type":"Feature","geometry":{"type":"Point","coordinates":[-80.011833,40.416432]},"properties":{"stop_id":"6094","name":"SOUTH BUSWAY + PALM GARDEN","weekday_trips":126,"routes":["39","41","Y1","Y45","Y46","Y47","Y49"]}},{"type":"Feature","geometry":{"type":"Point","coordinates":[-80.006804,40.421255]},"properties":{"stop_id":"6095","name":"SOUTH BUSWAY + SOUTH HILLS JCT","weekday_trips":154,"routes":["39","40","41","Y1","Y45","Y46","Y47","Y49"]}},{"type":"Feature","geometry":{"type":"Point","coordinates":[-80.003494,40.43296]},"properties":{"stop_id":"6096","name":"SMITHFIELD ST BRIDGE + STATION SQUARE","weekday_trips":170,"routes":["39","40","41","44","Y1","Y45","Y46","Y47","Y49"]}},{"type":"Feature","geometry":{"type":"Point","coordinates":[-80.011821,40.4161]},"properties":{"stop_id":"6098","name":"SOUTH BUSWAY + PALM GARDEN","weekday_trips":123,"routes":["39","41","Y1","Y45","Y46","Y47","Y49"]}},{"type":"Feature","geometry":{"type":"Point","coordinates":[-80.009236,40.411808]},"properties":{"stop_id":"6099","name":"PIONEER AVE RAMP + PIONEER","weekday_trips":35,"routes":["39"]}},{"type":"Feature","geometry":{"type":"Point","coordinates":[-80.036243,40.397354]},"properties":{"stop_id":"61","name":"POTOMAC STATION","weekday_trips":62,"routes":["RED"]}},{"type":"Feature","geometry":{"type":"Point","coordinates":[-80.014301,40.409286]},"properties":{"stop_id":"6100","name":"PIONEER AVE + NORTHCREST","weekday_trips":35,"routes":["39"]}},{"type":"Feature","geometry":{"type":"Point","coordinates":[-80.015063,40.405731]},"properties":{"stop_id":"6102","name":"PIONEER AVE + STETSON","weekday_trips":35,"routes":["39"]}},{"type":"Feature","geometry":{"type":"Point","coordinates":[-80.015976,40.402537]},"properties":{"stop_id":"6104","name":"PIONEER AVE + DUNSTER","weekday_trips":35,"routes":["39"]}},{"type":"Feature","geometry":{"type":"Point","coordinates":[-80.018092,40.401254]},"properties":{"stop_id":"6106","name":"PIONEER AVE + BELLBROOK","weekday_trips":35,"routes":["39"]}},{"type":"Feature","geometry":{"type":"Point","coordinates":[-80.021223,40.39922]},"properties":{"stop_id":"6108","name":"PIONEER AVE + BERWIN","weekday_trips":35,"routes":["39"]}},{"type":"Feature","geometry":{"type":"Point","coordinates":[-80.022722,40.398101]},"properties":{"stop_id":"6110","name":"PIONEER AVE + ROSSMORE","weekday_trips":35,"routes":["39"]}},{"type":"Feature","geometry":{"type":"Point","coordinates":[-80.038927,40.391328]},"properties":{"stop_id":"6151","name":"WEST LIBERTY AVE + DORMONT AVE","weekday_trips":22,"routes":["41"]}},{"type":"Feature","geometry":{"type":"Point","coordinates":[-80.033986,40.395175]},"properties":{"stop_id":"6154","name":"WEST LIBERTY AVE + ILLINOIS (POTOMAC)","weekday_trips":22,"routes":["41"]}},{"type":"Feature","geometry":{"type":"Point","coordinates":[-80.021754,40.394996]},"properties":{"stop_id":"6161","name":"BROOKLINE BLVD + CASTLEGATE","weekday_trips":35,"routes":["39"]}},{"type":"Feature","geometry":{"type":"Point","coordinates":[-80.020141,40.393712]},"properties":{"stop_id":"6162","name":"BROOKLINE BLVD + FLATBUSH","weekday_trips":35,"routes":["39"]}},{"type":"Feature","geometry":{"type":"Point","coordinates":[-80.0192,40.39315]},"properties":{"stop_id":"6163","name":"BROOKLINE BLVD + STEBBINS","weekday_trips":35,"routes":["39"]}},{"type":"Feature","geometry":{"type":"Point","coordinates":[-80.017159,40.391615]},"properties":{"stop_id":"6164","name":"CHELTON AVE + QUEENSBORO","weekday_trips":38,"routes":["39"]}},{"type":"Feature","geometry":{"type":"Point","coordinates":[-80.01477,40.389858]},"properties":{"stop_id":"6165","name":"CHELTON AVE + OAKRIDGE","weekday_trips":38,"routes":["39"]}},{"type":"Feature","geometry":{"type":"Point","coordinates":[-80.012749,40.3884]},"properties":{"stop_id":"6166","name":"CHELTON AVE + FREEDOM","weekday_trips":38,"routes":["39"]}},{"type":"Feature","geometry":{"type":"Point","coordinates":[-80.011288,40.38941]},"properties":{"stop_id":"6168","name":"FREEDOM AVE + WAREMAN","weekday_trips":38,"routes":["39"]}},{"type":"Feature","geometry":{"type":"Point","coordinates":[-80.010468,40.390076]},"properties":{"stop_id":"6169","name":"FREEDOM AVE + MERRICK","weekday_trips":38,"routes":["39"]}},{"type":"Feature","geometry":{"type":"Point","coordinates":[-80.031983,40.517479]},"properties":{"stop_id":"617","name":"WEST VIEW PARK DR + PERRY HWY FS","weekday_trips":92,"routes":["13","8"]}},{"type":"Feature","geometry":{"type":"Point","coordinates":[-80.009648,40.389546]},"properties":{"stop_id":"6170","name":"MERRICK AVE + HOBSON","weekday_trips":38,"routes":["39"]}},{"type":"Feature","geometry":{"type":"Point","coordinates":[-80.033418,40.516986]},"properties":{"stop_id":"618","name":"WEST VIEW PARK DR + WEST VIEW TOWERS","weekday_trips":92,"routes":["13","8"]}},{"type":"Feature","geometry":{"type":"Point","coordinates":[-80.0075,40.392418]},"properties":{"stop_id":"6185","name":"BROOKLINE BLVD + #1439","weekday_trips":38,"routes":["39"]}},{"type":"Feature","geometry":{"type":"Point","coordinates":[-80.00541,40.39235]},"properties":{"stop_id":"6186","name":"BROOKLINE BLVD + GREENCREST","weekday_trips":38,"routes":["39"]}},{"type":"Feature","geometry":{"type":"Point","coordinates":[-80.003094,40.391224]},"properties":{"stop_id":"6187","name":"BROOKLINE BLVD + #1572","weekday_trips":38,"routes":["39"]}},{"type":"Feature","geometry":{"type":"Point","coordinates":[-80.000491,40.391062]},"properties":{"stop_id":"6188","name":"BROOKLINE BLVD + ALTMAR","weekday_trips":38,"routes":["39"]}},{"type":"Feature","geometry":{"type":"Point","coordinates":[-80.000247,40.391498]},"properties":{"stop_id":"6189","name":"ALTMAR ST + REAMER","weekday_trips":76,"routes":["39"]}},{"type":"Feature","geometry":{"type":"Point","coordinates":[-80.03865,40.516673]},"properties":{"stop_id":"619","name":"WEST VIEW PLAZA FIRE LANE + GIANT EAGLE","weekday_trips":184,"routes":["13","8"]}},{"type":"Feature","geometry":{"type":"Point","coordinates":[-80.002648,40.3919]},"properties":{"stop_id":"6190","name":"REAMER ST + #1555","weekday_trips":38,"routes":["39"]}},{"type":"Feature","geometry":{"type":"Point","coordinates":[-80.005128,40.392266]},"properties":{"stop_id":"6191","name":"BROOKLINE BLVD + GREENCREST","weekday_trips":38,"routes":["39"]}},{"type":"Feature","geometry":{"type":"Point","coordinates":[-80.007161,40.392472]},"properties":{"stop_id":"6192","name":"BROOKLINE BLVD + #1439","weekday_trips":38,"routes":["39"]}},{"type":"Feature","geometry":{"type":"Point","coordinates":[-80.010706,40.392329]},"properties":{"stop_id":"6193","name":"BROOKLINE BLVD + BREINING","weekday_trips":38,"routes":["39"]}},{"type":"Feature","geometry":{"type":"Point","coordinates":[-80.019839,40.39372]},"properties":{"stop_id":"6198","name":"BROOKLINE BLVD + FLATBUSH","weekday_trips":38,"routes":["39"]}},{"type":"Feature","geometry":{"type":"Point","coordinates":[-80.021351,40.394817]},"properties":{"stop_id":"6199","name":"BROOKLINE BLVD + CASTLEGATE","weekday_trips":38,"routes":["39"]}},{"type":"Feature","geometry":{"type":"Point","coordinates":[-80.036748,40.397127]},"properties":{"stop_id":"62","name":"POTOMAC STATION","weekday_trips":62,"routes":["RED"]}},{"type":"Feature","geometry":{"type":"Point","coordinates":[-80.036697,40.516553]},"properties":{"stop_id":"620","name":"WEST VIEW PLAZA FIRE LANE + UHAUL","weekday_trips":184,"routes":["13","8"]}},{"type":"Feature","geometry":{"type":"Point","coordinates":[-80.03611,40.393816]},"properties":{"stop_id":"6205","name":"WEST LIBERTY AVE + WISCONSIN","weekday_trips":22,"routes":["41"]}},{"type":"Feature","geometry":{"type":"Point","coordinates":[-80.039256,40.391242]},"properties":{"stop_id":"6207","name":"WEST LIBERTY AVE + PARK","weekday_trips":22,"routes":["41"]}},{"type":"Feature","geometry":{"type":"Point","coordinates":[-80.00358,40.452772]},"properties":{"stop_id":"623","name":"EAST COMMONS + EAST OHIO ST NS","weekday_trips":227,"routes":["1","12","13","16","2","4","6","7"]}},{"type":"Feature","geometry":{"type":"Point","coordinates":[-80.006045,40.453973]},"properties":{"stop_id":"624","name":"N. COMMONS + FEDERAL ST","weekday_trips":94,"routes":["13","16"]}},{"type":"Feature","geometry":{"type":"Point","coordinates":[-80.104623,40.350401]},"properties":{"stop_id":"6240","name":"WINFIELD ST + BANK","weekday_trips":22,"routes":["41"]}},{"type":"Feature","geometry":{"type":"Point","coordinates":[-80.105706,40.353044]},"properties":{"stop_id":"6242","name":"BANK ST + GRANDVIEW","weekday_trips":22,"routes":["41"]}},{"type":"Feature","geometry":{"type":"Point","coordinates":[-80.108475,40.355091]},"properties":{"stop_id":"6245","name":"BANK ST + GREGG","weekday_trips":22,"routes":["41"]}},{"type":"Feature","geometry":{"type":"Point","coordinates":[-80.110138,40.356213]},"properties":{"stop_id":"6246","name":"BANK ST + DEWEY","weekday_trips":22,"routes":["41"]}},{"type":"Feature","geometry":{"type":"Point","coordinates":[-80.110379,40.358235]},"properties":{"stop_id":"6248","name":"RAILROAD ST + #435 (STATION)","weekday_trips":22,"routes":["41"]}},{"type":"Feature","geometry":{"type":"Point","coordinates":[-80.005715,40.455564]},"properties":{"stop_id":"625","name":"NORTH AVE + BOYLE","weekday_trips":196,"routes":["11","15","17","54","8"]}},{"type":"Feature","geometry":{"type":"Point","coordinates":[-80.103978,40.358621]},"properties":{"stop_id":"6250","name":"BOWER HILL RD + #736","weekday_trips":22,"routes":["41"]}},{"type":"Feature","geometry":{"type":"Point","coordinates":[-80.101768,40.359865]},"properties":{"stop_id":"6251","name":"BOWER HILL RD + #802","weekday_trips":22,"routes":["41"]}},{"type":"Feature","geometry":{"type":"Point","coordinates":[-80.097878,40.362106]},"properties":{"stop_id":"6253","name":"BOWER HILL RD + SYLVA","weekday_trips":22,"routes":["41"]}},{"type":"Feature","geometry":{"type":"Point","coordinates":[-80.08637,40.366595]},"properties":{"stop_id":"6258","name":"BOWER HILL RD + ROCKHILL","weekday_trips":22,"routes":["41"]}},{"type":"Feature","geometry":{"type":"Point","coordinates":[-80.085734,40.369478]},"properties":{"stop_id":"6260","name":"VANADIUM RD + ELMBROOK","weekday_trips":22,"routes":["41"]}},{"type":"Feature","geometry":{"type":"Point","coordinates":[-80.092305,40.374319]},"properties":{"stop_id":"6263","name":"VANADIUM RD + VOLUNTEER FIRE COMPANY","weekday_trips":22,"routes":["41"]}},{"type":"Feature","geometry":{"type":"Point","coordinates":[-80.092911,40.376844]},"properties":{"stop_id":"6265","name":"MAIN ST + #1737","weekday_trips":22,"routes":["41"]}},{"type":"Feature","geometry":{"type":"Point","coordinates":[-80.09145,40.378016]},"properties":{"stop_id":"6267","name":"KANE BLVD + DAVIS","weekday_trips":22,"routes":["41"]}},{"type":"Feature","geometry":{"type":"Point","coordinates":[-80.090478,40.377249]},"properties":{"stop_id":"6268","name":"KANE BLVD + HUGHES","weekday_trips":22,"routes":["41"]}},{"type":"Feature","geometry":{"type":"Point","coordinates":[-80.088639,40.375889]},"properties":{"stop_id":"6269","name":"KANE BLVD + ELM","weekday_trips":22,"routes":["41"]}},{"type":"Feature","geometry":{"type":"Point","coordinates":[-80.00286,40.456117]},"properties":{"stop_id":"627","name":"NORTH AVE + CEDAR (AGH)","weekday_trips":196,"routes":["11","15","17","54","8"]}},{"type":"Feature","geometry":{"type":"Point","coordinates":[-80.087923,40.375371]},"properties":{"stop_id":"6270","name":"KANE BLVD + INSTITUTION DR (KANE CTR)","weekday_trips":22,"routes":["41"]}},{"type":"Feature","geometry":{"type":"Point","coordinates":[-80.083982,40.373069]},"properties":{"stop_id":"6272","name":"KANE BLVD + CHURCH RECTORY","weekday_trips":22,"routes":["41"]}},{"type":"Feature","geometry":{"type":"Point","coordinates":[-80.077895,40.371967]},"properties":{"stop_id":"6275","name":"BOWER HILL RD + KELSO","weekday_trips":22,"routes":["41"]}},{"type":"Feature","geometry":{"type":"Point","coordinates":[-80.076477,40.37244]},"properties":{"stop_id":"6276","name":"BOWER HILL RD + CLEMSON","weekday_trips":22,"routes":["41"]}},{"type":"Feature","geometry":{"type":"Point","coordinates":[-80.075587,40.373246]},"properties":{"stop_id":"6277","name":"BOWER HILL RD + PAT HAVEN","weekday_trips":22,"routes":["41"]}},{"type":"Feature","geometry":{"type":"Point","coordinates":[-80.073425,40.374374]},"properties":{"stop_id":"6278","name":"BOWER HILL RD + SYLVANDELL","weekday_trips":22,"routes":["41"]}},{"type":"Feature","geometry":{"type":"Point","coordinates":[-80.067837,40.376167]},"properties":{"stop_id":"6280","name":"BOWER HILL RD + FIRWOOD","weekday_trips":22,"routes":["41"]}},{"type":"Feature","geometry":{"type":"Point","coordinates":[-80.065164,40.377887]},"properties":{"stop_id":"6281","name":"BOWER HILL RD + LAKEMONT (ST CLAIR HOSP)","weekday_trips":22,"routes":["41"]}},{"type":"Feature","geometry":{"type":"Point","coordinates":[-80.063136,40.37976]},"properties":{"stop_id":"6282","name":"BOWER HILL RD + PARKVIEW","weekday_trips":22,"routes":["41"]}},{"type":"Feature","geometry":{"type":"Point","coordinates":[-80.056427,40.383189]},"properties":{"stop_id":"6283","name":"BOWER HILL RD + CARNEGIE","weekday_trips":22,"routes":["41"]}},{"type":"Feature","geometry":{"type":"Point","coordinates":[-80.053572,40.384864]},"properties":{"stop_id":"6284","name":"BOWER HILL RD + COCHRAN RD","weekday_trips":22,"routes":["41"]}},{"type":"Feature","geometry":{"type":"Point","coordinates":[-80.050321,40.385667]},"properties":{"stop_id":"6285","name":"BOWER HILL RD + MARLIN","weekday_trips":37,"routes":["38","41"]}},{"type":"Feature","geometry":{"type":"Point","coordinates":[-80.047861,40.386325]},"properties":{"stop_id":"6286","name":"BOWER HILL RD + RALSTON","weekday_trips":37,"routes":["38","41"]}},{"type":"Feature","geometry":{"type":"Point","coordinates":[-80.030414,40.396783]},"properties":{"stop_id":"6288","name":"WEST LIBERTY AVE + BLAINE","weekday_trips":22,"routes":["41"]}},{"type":"Feature","geometry":{"type":"Point","coordinates":[-80.028444,40.397479]},"properties":{"stop_id":"6289","name":"WEST LIBERTY AVE + #2665","weekday_trips":22,"routes":["41"]}},{"type":"Feature","geometry":{"type":"Point","coordinates":[-80.025756,40.398558]},"properties":{"stop_id":"6291","name":"WEST LIBERTY AVE + BROOKLINE BLVD FS","weekday_trips":22,"routes":["41"]}},{"type":"Feature","geometry":{"type":"Point","coordinates":[-80.022164,40.401657]},"properties":{"stop_id":"6293","name":"WEST LIBERTY AVE + PAULINE","weekday_trips":22,"routes":["41"]}},{"type":"Feature","geometry":{"type":"Point","coordinates":[-80.01776,40.408332]},"properties":{"stop_id":"6296","name":"WEST LIBERTY AVE + CAPE MAY","weekday_trips":22,"routes":["41"]}},{"type":"Feature","geometry":{"type":"Point","coordinates":[-80.010819,40.412922]},"properties":{"stop_id":"6299","name":"SOUTH BUSWAY + DAWN AVE SHELTER","weekday_trips":22,"routes":["41"]}},{"type":"Feature","geometry":{"type":"Point","coordinates":[-80.01876,40.490481]},"properties":{"stop_id":"633","name":"PERRYSVILLE AVE + FRANKLIN FS","weekday_trips":53,"routes":["8"]}},{"type":"Feature","geometry":{"type":"Point","coordinates":[-80.021682,40.492753]},"properties":{"stop_id":"635","name":"PERRYSVILLE AVE + VINCETON","weekday_trips":53,"routes":["8"]}},{"type":"Feature","geometry":{"type":"Point","coordinates":[-80.021717,40.493964]},"properties":{"stop_id":"636","name":"PERRY HWY + #4146","weekday_trips":53,"routes":["8"]}},{"type":"Feature","geometry":{"type":"Point","coordinates":[-80.021776,40.500125]},"properties":{"stop_id":"639","name":"PERRY HWY + WEST VIEW AVE","weekday_trips":108,"routes":["17","4","8"]}},{"type":"Feature","geometry":{"type":"Point","coordinates":[-80.010907,40.413133]},"properties":{"stop_id":"6400","name":"SOUTH BUSWAY + DAWN AVE SHELTER","weekday_trips":22,"routes":["41"]}},{"type":"Feature","geometry":{"type":"Point","coordinates":[-80.015487,40.410571]},"properties":{"stop_id":"6401","name":"WEST LIBERTY AVE + BROOKSIDE","weekday_trips":22,"routes":["41"]}},{"type":"Feature","geometry":{"type":"Point","coordinates":[-80.017676,40.408661]},"properties":{"stop_id":"6402","name":"WEST LIBERTY AVE + CAPE MAY","weekday_trips":22,"routes":["41"]}},{"type":"Feature","geometry":{"type":"Point","coordinates":[-80.018885,40.405405]},"properties":{"stop_id":"6403","name":"WEST LIBERTY AVE + CURRANHILL","weekday_trips":22,"routes":["41"]}},{"type":"Feature","geometry":{"type":"Point","coordinates":[-80.022071,40.401903]},"properties":{"stop_id":"6405","name":"WEST LIBERTY AVE + PAULINE","weekday_trips":22,"routes":["41"]}},{"type":"Feature","geometry":{"type":"Point","coordinates":[-80.023626,40.400392]},"properties":{"stop_id":"6406","name":"WEST LIBERTY AVE + BELLE ISLE","weekday_trips":22,"routes":["41"]}},{"type":"Feature","geometry":{"type":"Point","coordinates":[-80.02614,40.398453]},"properties":{"stop_id":"6407","name":"WEST LIBERTY AVE + WENZELL","weekday_trips":22,"routes":["41"]}},{"type":"Feature","geometry":{"type":"Point","coordinates":[-80.027957,40.397784]},"properties":{"stop_id":"6408","name":"WEST LIBERTY AVE + #2666","weekday_trips":22,"routes":["41"]}},{"type":"Feature","geometry":{"type":"Point","coordinates":[-80.031013,40.396705]},"properties":{"stop_id":"6409","name":"WEST LIBERTY AVE + LASALLE","weekday_trips":22,"routes":["41"]}},{"type":"Feature","geometry":{"type":"Point","coordinates":[-80.024849,40.503282]},"properties":{"stop_id":"641","name":"PERRY HWY + CEMETERY LN","weekday_trips":53,"routes":["8"]}},{"type":"Feature","geometry":{"type":"Point","coordinates":[-80.043758,40.387057]},"properties":{"stop_id":"6410","name":"WASHINGTON RD + BOWER HILL","weekday_trips":22,"routes":["41"]}},{"type":"Feature","geometry":{"type":"Point","coordinates":[-80.045844,40.386734]},"properties":{"stop_id":"6411","name":"BOWER HILL RD + N MEADOWCROFT","weekday_trips":37,"routes":["38","41"]}},{"type":"Feature","geometry":{"type":"Point","coordinates":[-80.047699,40.386426]},"properties":{"stop_id":"6412","name":"BOWER HILL RD + RALSTON","weekday_trips":37,"routes":["38","41"]}},{"type":"Feature","geometry":{"type":"Point","coordinates":[-80.049954,40.38585]},"properties":{"stop_id":"6413","name":"BOWER HILL RD + MARLIN","weekday_trips":37,"routes":["38","41"]}},{"type":"Feature","geometry":{"type":"Point","coordinates":[-80.053923,40.38489]},"properties":{"stop_id":"6414","name":"BOWER HILL RD + COCHRAN RD FS","weekday_trips":22,"routes":["41"]}},{"type":"Feature","geometry":{"type":"Point","coordinates":[-80.062897,40.380076]},"properties":{"stop_id":"6415","name":"BOWER HILL RD + PARKVIEW","weekday_trips":22,"routes":["41"]}},{"type":"Feature","geometry":{"type":"Point","coordinates":[-80.064644,40.378362]},"properties":{"stop_id":"6416","name":"BOWER HILL RD + SEGAR","weekday_trips":22,"routes":["41"]}},{"type":"Feature","geometry":{"type":"Point","coordinates":[-80.067407,40.376584]},"properties":{"stop_id":"6417","name":"BOWER HILL RD + N WREN","weekday_trips":22,"routes":["41"]}},{"type":"Feature","geometry":{"type":"Point","coordinates":[-80.069763,40.375458]},"properties":{"stop_id":"6418","name":"BOWER HILL RD + BOWER HILL APTS","weekday_trips":22,"routes":["41"]}},{"type":"Feature","geometry":{"type":"Point","coordinates":[-80.07371,40.374384]},"properties":{"stop_id":"6420","name":"BOWER HILL RD + SYLVANDELL","weekday_trips":22,"routes":["41"]}},{"type":"Feature","geometry":{"type":"Point","coordinates":[-80.075562,40.373441]},"properties":{"stop_id":"6421","name":"BOWER HILL RD + PAT HAVEN","weekday_trips":22,"routes":["41"]}},{"type":"Feature","geometry":{"type":"Point","coordinates":[-80.076426,40.372632]},"properties":{"stop_id":"6422","name":"BOWER HILL RD + CLEMSON","weekday_trips":22,"routes":["41"]}},{"type":"Feature","geometry":{"type":"Point","coordinates":[-80.077913,40.372076]},"properties":{"stop_id":"6423","name":"BOWER HILL RD + KELSO","weekday_trips":22,"routes":["41"]}},{"type":"Feature","geometry":{"type":"Point","coordinates":[-80.082474,40.371838]},"properties":{"stop_id":"6425","name":"BOWER HILL RD + KANE BLVD","weekday_trips":22,"routes":["41"]}},{"type":"Feature","geometry":{"type":"Point","coordinates":[-80.084665,40.373912]},"properties":{"stop_id":"6426","name":"KANE BLVD + OUR LADY OF GRACE CHURCH","weekday_trips":22,"routes":["41"]}},{"type":"Feature","geometry":{"type":"Point","coordinates":[-80.088619,40.375956]},"properties":{"stop_id":"6429","name":"KANE BLVD + ELM","weekday_trips":22,"routes":["41"]}},{"type":"Feature","geometry":{"type":"Point","coordinates":[-80.028328,40.505238]},"properties":{"stop_id":"643","name":"PERRY HWY + CLARWIN","weekday_trips":53,"routes":["8"]}},{"type":"Feature","geometry":{"type":"Point","coordinates":[-80.090497,40.377351]},"properties":{"stop_id":"6430","name":"KANE BLVD + HUGHES","weekday_trips":22,"routes":["41"]}},{"type":"Feature","geometry":{"type":"Point","coordinates":[-80.091418,40.378087]},"properties":{"stop_id":"6431","name":"KANE BLVD + DAVIS","weekday_trips":22,"routes":["41"]}},{"type":"Feature","geometry":{"type":"Point","coordinates":[-80.092876,40.377026]},"properties":{"stop_id":"6432","name":"MAIN ST + #1737","weekday_trips":22,"routes":["41"]}},{"type":"Feature","geometry":{"type":"Point","coordinates":[-80.092323,40.374261]},"properties":{"stop_id":"6434","name":"VANADIUM RD + VOLUNTEER FIRE COMPANY","weekday_trips":22,"routes":["41"]}},{"type":"Feature","geometry":{"type":"Point","coordinates":[-80.089814,40.372217]},"properties":{"stop_id":"6435","name":"VANADIUM RD + VANADIUM WOODS VLG NS","weekday_trips":22,"routes":["41"]}},{"type":"Feature","geometry":{"type":"Point","coordinates":[-80.085846,40.369455]},"properties":{"stop_id":"6436","name":"VANADIUM RD + ELMBROOK","weekday_trips":22,"routes":["41"]}},{"type":"Feature","geometry":{"type":"Point","coordinates":[-80.086314,40.366837]},"properties":{"stop_id":"6438","name":"BOWER HILL RD + ROCKHILL","weekday_trips":22,"routes":["41"]}},{"type":"Feature","geometry":{"type":"Point","coordinates":[-80.097662,40.362213]},"properties":{"stop_id":"6442","name":"BOWER HILL RD + UNION","weekday_trips":22,"routes":["41"]}},{"type":"Feature","geometry":{"type":"Point","coordinates":[-80.100298,40.361173]},"properties":{"stop_id":"6443","name":"BOWER HILL RD + COOKS SCHOOL","weekday_trips":22,"routes":["41"]}},{"type":"Feature","geometry":{"type":"Point","coordinates":[-80.105141,40.358359]},"properties":{"stop_id":"6446","name":"BOWER HILL RD + MCLAUGHLIN","weekday_trips":22,"routes":["41"]}},{"type":"Feature","geometry":{"type":"Point","coordinates":[-80.110706,40.358016]},"properties":{"stop_id":"6447","name":"RAILROAD ST + STATION","weekday_trips":22,"routes":["41"]}},{"type":"Feature","geometry":{"type":"Point","coordinates":[-80.110329,40.356428]},"properties":{"stop_id":"6448","name":"DEWEY AVE + BANK","weekday_trips":22,"routes":["41"]}},{"type":"Feature","geometry":{"type":"Point","coordinates":[-80.108766,40.355192]},"properties":{"stop_id":"6449","name":"BANK ST + GREGG","weekday_trips":22,"routes":["41"]}},{"type":"Feature","geometry":{"type":"Point","coordinates":[-80.105911,40.353131]},"properties":{"stop_id":"6452","name":"BANK ST + ELIZABETH","weekday_trips":22,"routes":["41"]}},{"type":"Feature","geometry":{"type":"Point","coordinates":[-80.104948,40.350434]},"properties":{"stop_id":"6454","name":"BANK ST + WINFIELD","weekday_trips":22,"routes":["41"]}},{"type":"Feature","geometry":{"type":"Point","coordinates":[-80.027666,40.518423]},"properties":{"stop_id":"650","name":"PERRY HWY + #328","weekday_trips":53,"routes":["8"]}},{"type":"Feature","geometry":{"type":"Point","coordinates":[-80.030041,40.517746]},"properties":{"stop_id":"651","name":"PERRY HWY + VFW","weekday_trips":53,"routes":["8"]}},{"type":"Feature","geometry":{"type":"Point","coordinates":[-80.103668,40.349209]},"properties":{"stop_id":"6528","name":"LESNETT RD + BANK FS","weekday_trips":44,"routes":["41"]}},{"type":"Feature","geometry":{"type":"Point","coordinates":[-80.05052,40.351983]},"properties":{"stop_id":"6571","name":"WASHINGTON RD + ABBYVILLE","weekday_trips":20,"routes":["36"]}},{"type":"Feature","geometry":{"type":"Point","coordinates":[-80.052006,40.356559]},"properties":{"stop_id":"6573","name":"GALLERIA STOREFRONT + SOUTHEAST ENTRANCE","weekday_trips":40,"routes":["36"]}},{"type":"Feature","geometry":{"type":"Point","coordinates":[-80.05979,40.359018]},"properties":{"stop_id":"6576","name":"GILKESON RD + OLD GILKESON","weekday_trips":20,"routes":["36"]}},{"type":"Feature","geometry":{"type":"Point","coordinates":[-80.063758,40.361648]},"properties":{"stop_id":"6577","name":"GILKESON RD + CEDAR","weekday_trips":20,"routes":["36"]}},{"type":"Feature","geometry":{"type":"Point","coordinates":[-80.063427,40.363107]},"properties":{"stop_id":"6578","name":"CEDAR BLVD + #1281","weekday_trips":20,"routes":["36"]}},{"type":"Feature","geometry":{"type":"Point","coordinates":[-80.061188,40.366372]},"properties":{"stop_id":"6579","name":"CEDAR BLVD + BEADLING RD","weekday_trips":20,"routes":["36"]}},{"type":"Feature","geometry":{"type":"Point","coordinates":[-80.061278,40.367586]},"properties":{"stop_id":"6581","name":"CEDAR BLVD + LINDENDALE","weekday_trips":20,"routes":["36"]}},{"type":"Feature","geometry":{"type":"Point","coordinates":[-80.060649,40.369265]},"properties":{"stop_id":"6582","name":"CEDAR BLVD + #1163","weekday_trips":20,"routes":["36"]}},{"type":"Feature","geometry":{"type":"Point","coordinates":[-80.059912,40.370795]},"properties":{"stop_id":"6583","name":"CEDAR BLVD + MAYFAIR","weekday_trips":20,"routes":["36"]}},{"type":"Feature","geometry":{"type":"Point","coordinates":[-80.056779,40.374953]},"properties":{"stop_id":"6585","name":"CEDAR BLVD + GREENHURST","weekday_trips":20,"routes":["36"]}},{"type":"Feature","geometry":{"type":"Point","coordinates":[-80.055309,40.377721]},"properties":{"stop_id":"6586","name":"CEDAR BLVD + HOLLYCREST","weekday_trips":20,"routes":["36"]}},{"type":"Feature","geometry":{"type":"Point","coordinates":[-80.055118,40.378045]},"properties":{"stop_id":"6598","name":"CEDAR BLVD + SALEM","weekday_trips":20,"routes":["36"]}},{"type":"Feature","geometry":{"type":"Point","coordinates":[-80.056707,40.37526]},"properties":{"stop_id":"6599","name":"CEDAR BLVD + GREENHURST","weekday_trips":20,"routes":["36"]}},{"type":"Feature","geometry":{"type":"Point","coordinates":[-80.059793,40.371078]},"properties":{"stop_id":"6601","name":"CEDAR BLVD + MAYFAIR","weekday_trips":20,"routes":["36"]}},{"type":"Feature","geometry":{"type":"Point","coordinates":[-80.060616,40.369488]},"properties":{"stop_id":"6602","name":"CEDAR BLVD + #1154","weekday_trips":20,"routes":["36"]}},{"type":"Feature","geometry":{"type":"Point","coordinates":[-80.061354,40.367725]},"properties":{"stop_id":"6603","name":"CEDAR BLVD + LINDENDALE","weekday_trips":20,"routes":["36"]}},{"type":"Feature","geometry":{"type":"Point","coordinates":[-80.061272,40.366356]},"properties":{"stop_id":"6604","name":"CEDAR BLVD + BEADLING","weekday_trips":20,"routes":["36"]}},{"type":"Feature","geometry":{"type":"Point","coordinates":[-80.059631,40.358795]},"properties":{"stop_id":"6608","name":"GILKESON RD + OLD GILKESON","weekday_trips":20,"routes":["36"]}},{"type":"Feature","geometry":{"type":"Point","coordinates":[-80.050609,40.352315]},"properties":{"stop_id":"6611","name":"WASHINGTON RD + ABBYVILLE","weekday_trips":20,"routes":["36"]}},{"type":"Feature","geometry":{"type":"Point","coordinates":[-80.051365,40.350225]},"properties":{"stop_id":"6612","name":"WASHINGTON RD + WASHINGTONIAN APTS","weekday_trips":20,"routes":["36"]}},{"type":"Feature","geometry":{"type":"Point","coordinates":[-80.023332,40.396176]},"properties":{"stop_id":"6647","name":"BROOKLINE BLVD + PIONEER","weekday_trips":38,"routes":["39"]}},{"type":"Feature","geometry":{"type":"Point","coordinates":[-80.009447,40.392337]},"properties":{"stop_id":"6654","name":"BROOKLINE BLVD + BIRCHLAND","weekday_trips":38,"routes":["39"]}},{"type":"Feature","geometry":{"type":"Point","coordinates":[-80.025391,40.440299]},"properties":{"stop_id":"6656","name":"RUTLEDGE ST + REPUBLIC","weekday_trips":28,"routes":["40"]}},{"type":"Feature","geometry":{"type":"Point","coordinates":[-80.023224,40.440396]},"properties":{"stop_id":"6657","name":"GRANDVIEW AVE + SHALER","weekday_trips":28,"routes":["40"]}},{"type":"Feature","geometry":{"type":"Point","coordinates":[-80.022141,40.439816]},"properties":{"stop_id":"6658","name":"GRANDVIEW AVE + AUGUSTA","weekday_trips":28,"routes":["40"]}},{"type":"Feature","geometry":{"type":"Point","coordinates":[-80.020553,40.438881]},"properties":{"stop_id":"6659","name":"GRANDVIEW AVE + PLYMOUTH","weekday_trips":28,"routes":["40"]}},{"type":"Feature","geometry":{"type":"Point","coordinates":[-80.018323,40.437868]},"properties":{"stop_id":"6660","name":"GRANDVIEW AVE + COHASSETT","weekday_trips":28,"routes":["40"]}},{"type":"Feature","geometry":{"type":"Point","coordinates":[-80.01733,40.43731]},"properties":{"stop_id":"6661","name":"GRANDVIEW AVE + HALLOCK","weekday_trips":28,"routes":["40"]}},{"type":"Feature","geometry":{"type":"Point","coordinates":[-80.015718,40.436425]},"properties":{"stop_id":"6662","name":"GRANDVIEW AVE + LABELLE","weekday_trips":28,"routes":["40"]}},{"type":"Feature","geometry":{"type":"Point","coordinates":[-80.016043,40.434605]},"properties":{"stop_id":"6663","name":"LABELLE ST + PIERMONT","weekday_trips":28,"routes":["40"]}},{"type":"Feature","geometry":{"type":"Point","coordinates":[-80.016311,40.43332]},"properties":{"stop_id":"6664","name":"LABELLE ST + SYCAMORE","weekday_trips":28,"routes":["40"]}},{"type":"Feature","geometry":{"type":"Point","coordinates":[-80.016524,40.432235]},"properties":{"stop_id":"6665","name":"LABELLE ST + VIRGINIA","weekday_trips":28,"routes":["40"]}},{"type":"Feature","geometry":{"type":"Point","coordinates":[-80.012165,40.431422]},"properties":{"stop_id":"6673","name":"VIRGINIA AVE + BERTHA","weekday_trips":28,"routes":["40"]}},{"type":"Feature","geometry":{"type":"Point","coordinates":[-80.010727,40.431144]},"properties":{"stop_id":"6674","name":"VIRGINIA AVE + KEARSARGE","weekday_trips":28,"routes":["40"]}},{"type":"Feature","geometry":{"type":"Point","coordinates":[-80.009673,40.430652]},"properties":{"stop_id":"6675","name":"VIRGINIA AVE + MAPLE TERRACE","weekday_trips":28,"routes":["40"]}},{"type":"Feature","geometry":{"type":"Point","coordinates":[-80.008101,40.429819]},"properties":{"stop_id":"6676","name":"VIRGINIA AVE + SHOP N SAVE","weekday_trips":28,"routes":["40"]}},{"type":"Feature","geometry":{"type":"Point","coordinates":[-80.007341,40.429105]},"properties":{"stop_id":"6677","name":"SHILOH ST + VIRGINIA FS","weekday_trips":28,"routes":["40"]}},{"type":"Feature","geometry":{"type":"Point","coordinates":[-80.008103,40.428699]},"properties":{"stop_id":"6678","name":"SOUTHERN AVE + NATCHEZ","weekday_trips":28,"routes":["40"]}},{"type":"Feature","geometry":{"type":"Point","coordinates":[-80.008668,40.428167]},"properties":{"stop_id":"6679","name":"SOUTHERN AVE + PROSPECT","weekday_trips":28,"routes":["40"]}},{"type":"Feature","geometry":{"type":"Point","coordinates":[-80.009288,40.426024]},"properties":{"stop_id":"6680","name":"SOUTHERN AVE + WHITWORTH","weekday_trips":28,"routes":["40"]}},{"type":"Feature","geometry":{"type":"Point","coordinates":[-80.011104,40.423807]},"properties":{"stop_id":"6683","name":"SOUTHERN AVE + OHARA","weekday_trips":28,"routes":["40"]}},{"type":"Feature","geometry":{"type":"Point","coordinates":[-80.010291,40.421829]},"properties":{"stop_id":"6688","name":"BOGGS AVE + LELIA","weekday_trips":18,"routes":["43"]}},{"type":"Feature","geometry":{"type":"Point","coordinates":[-80.009245,40.423994]},"properties":{"stop_id":"6690","name":"BOGGS AVE + SMITH","weekday_trips":18,"routes":["43"]}},{"type":"Feature","geometry":{"type":"Point","coordinates":[-80.008908,40.424553]},"properties":{"stop_id":"6691","name":"BOGGS AVE + KRAMER","weekday_trips":18,"routes":["43"]}},{"type":"Feature","geometry":{"type":"Point","coordinates":[-80.007845,40.426144]},"properties":{"stop_id":"6692","name":"BOGGS AVE + #207","weekday_trips":18,"routes":["43"]}},{"type":"Feature","geometry":{"type":"Point","coordinates":[-80.006381,40.426808]},"properties":{"stop_id":"6693","name":"BOGGS AVE + WYOMING","weekday_trips":18,"routes":["43"]}},{"type":"Feature","geometry":{"type":"Point","coordinates":[-80.00528,40.426997]},"properties":{"stop_id":"6694","name":"BAILEY AVE + RUTH","weekday_trips":18,"routes":["43"]}},{"type":"Feature","geometry":{"type":"Point","coordinates":[-79.999828,40.425624]},"properties":{"stop_id":"6698","name":"KATHLEEN ST + JUDICIAL","weekday_trips":18,"routes":["43"]}},{"type":"Feature","geometry":{"type":"Point","coordinates":[-79.99866,40.425655]},"properties":{"stop_id":"6699","name":"KATHLEEN ST + CRAIGHEAD","weekday_trips":18,"routes":["43"]}},{"type":"Feature","geometry":{"type":"Point","coordinates":[-80.029222,40.356887]},"properties":{"stop_id":"67","name":"SMITH ROAD","weekday_trips":146,"routes":["BLUE","RED","SLVR"]}},{"type":"Feature","geometry":{"type":"Point","coordinates":[-79.997641,40.425688]},"properties":{"stop_id":"6700","name":"KATHLEEN ST + BELTZHOOVER","weekday_trips":18,"routes":["43"]}},{"type":"Feature","geometry":{"type":"Point","coordinates":[-79.997515,40.423805]},"properties":{"stop_id":"6701","name":"BELTZHOOVER AVE + EUREKA","weekday_trips":18,"routes":["43"]}},{"type":"Feature","geometry":{"type":"Point","coordinates":[-79.997475,40.422607]},"properties":{"stop_id":"6702","name":"BELTZHOOVER AVE + EDGEMONT","weekday_trips":18,"routes":["43"]}},{"type":"Feature","geometry":{"type":"Point","coordinates":[-80.006101,40.421537]},"properties":{"stop_id":"6706","name":"HABERMAN RAMP + SOUTH HILLS JCT","weekday_trips":29,"routes":["44","51L"]}},{"type":"Feature","geometry":{"type":"Point","coordinates":[-80.013304,40.419825]},"properties":{"stop_id":"6716","name":"SOUTHERN AVE + SOFFEL","weekday_trips":28,"routes":["40"]}},{"type":"Feature","geometry":{"type":"Point","coordinates":[-80.013647,40.418807]},"properties":{"stop_id":"6717","name":"SOUTHERN AVE + MINSINGER","weekday_trips":28,"routes":["40"]}},{"type":"Feature","geometry":{"type":"Point","coordinates":[-80.011391,40.415577]},"properties":{"stop_id":"6718","name":"BOGGS AVE + WARRINGTON","weekday_trips":46,"routes":["40","43"]}},{"type":"Feature","geometry":{"type":"Point","coordinates":[-79.997443,40.421773]},"properties":{"stop_id":"6720","name":"BELTZHOOVER AVE + WARRINGTON","weekday_trips":18,"routes":["43"]}},{"type":"Feature","geometry":{"type":"Point","coordinates":[-80.011307,40.416928]},"properties":{"stop_id":"6721","name":"PALM GARDEN RAMP + WARRINGTON","weekday_trips":47,"routes":["40","44"]}},{"type":"Feature","geometry":{"type":"Point","coordinates":[-80.004713,40.420787]},"properties":{"stop_id":"6723","name":"WARRINGTON AVE + DELMONT AVE FS","weekday_trips":38,"routes":["43","44"]}},{"type":"Feature","geometry":{"type":"Point","coordinates":[-79.997492,40.425692]},"properties":{"stop_id":"6729","name":"BELTZHOOVER AVE + KATHLEEN","weekday_trips":18,"routes":["43"]}},{"type":"Feature","geometry":{"type":"Point","coordinates":[-79.998641,40.42572]},"properties":{"stop_id":"6730","name":"KATHLEEN ST + CRAIGHEAD","weekday_trips":18,"routes":["43"]}},{"type":"Feature","geometry":{"type":"Point","coordinates":[-79.999805,40.425687]},"properties":{"stop_id":"6731","name":"KATHLEEN ST + JUDICIAL","weekday_trips":18,"routes":["43"]}},{"type":"Feature","geometry":{"type":"Point","coordinates":[-80.001036,40.425654]},"properties":{"stop_id":"6732","name":"KATHLEEN ST + ESTELLA","weekday_trips":18,"routes":["43"]}},{"type":"Feature","geometry":{"type":"Point","coordinates":[-80.002561,40.426867]},"properties":{"stop_id":"6734","name":"HABERMAN AVE + BAILEY","weekday_trips":18,"routes":["43"]}},{"type":"Feature","geometry":{"type":"Point","coordinates":[-80.005214,40.427069]},"properties":{"stop_id":"6735","name":"BAILEY AVE + RUTH","weekday_trips":18,"routes":["43"]}},{"type":"Feature","geometry":{"type":"Point","coordinates":[-80.006925,40.426699]},"properties":{"stop_id":"6736","name":"BOGGS AVE + ST JUSTINS PLAZA","weekday_trips":18,"routes":["43"]}},{"type":"Feature","geometry":{"type":"Point","coordinates":[-80.007529,40.426387]},"properties":{"stop_id":"6737","name":"BOGGS AVE + GREENBUSH","weekday_trips":18,"routes":["43"]}},{"type":"Feature","geometry":{"type":"Point","coordinates":[-80.010143,40.422517]},"properties":{"stop_id":"6739","name":"BOGGS AVE + PAUL","weekday_trips":18,"routes":["43"]}},{"type":"Feature","geometry":{"type":"Point","coordinates":[-80.010375,40.421852]},"properties":{"stop_id":"6740","name":"BOGGS AVE + LELIA","weekday_trips":18,"routes":["43"]}},{"type":"Feature","geometry":{"type":"Point","coordinates":[-80.011424,40.419703]},"properties":{"stop_id":"6741","name":"BOGGS AVE + SOFFEL","weekday_trips":18,"routes":["43"]}},{"type":"Feature","geometry":{"type":"Point","coordinates":[-80.013101,40.420177]},"properties":{"stop_id":"6742","name":"SOUTHERN AVE + CARFEL","weekday_trips":27,"routes":["40"]}},{"type":"Feature","geometry":{"type":"Point","coordinates":[-80.012557,40.421778]},"properties":{"stop_id":"6743","name":"SOUTHERN AVE + LELIA","weekday_trips":27,"routes":["40"]}},{"type":"Feature","geometry":{"type":"Point","coordinates":[-80.01235,40.422385]},"properties":{"stop_id":"6744","name":"SOUTHERN AVE + SIMMS","weekday_trips":27,"routes":["40"]}},{"type":"Feature","geometry":{"type":"Point","coordinates":[-80.01104,40.423755]},"properties":{"stop_id":"6745","name":"SOUTHERN AVE + #221","weekday_trips":27,"routes":["40"]}},{"type":"Feature","geometry":{"type":"Point","coordinates":[-80.009668,40.425069]},"properties":{"stop_id":"6747","name":"SOUTHERN AVE + SANDWICH","weekday_trips":27,"routes":["40"]}},{"type":"Feature","geometry":{"type":"Point","coordinates":[-80.009239,40.425932]},"properties":{"stop_id":"6748","name":"SOUTHERN AVE + WHITWORTH","weekday_trips":27,"routes":["40"]}},{"type":"Feature","geometry":{"type":"Point","coordinates":[-80.008982,40.426708]},"properties":{"stop_id":"6749","name":"SOUTHERN AVE + GRAY","weekday_trips":27,"routes":["40"]}},{"type":"Feature","geometry":{"type":"Point","coordinates":[-80.00888,40.427578]},"properties":{"stop_id":"6750","name":"SOUTHERN AVE + COWAN","weekday_trips":27,"routes":["40"]}},{"type":"Feature","geometry":{"type":"Point","coordinates":[-80.008635,40.428091]},"properties":{"stop_id":"6751","name":"SOUTHERN AVE + PROSPECT","weekday_trips":27,"routes":["40"]}},{"type":"Feature","geometry":{"type":"Point","coordinates":[-80.007344,40.428788]},"properties":{"stop_id":"6752","name":"SOUTHERN AVE + SHILOH","weekday_trips":27,"routes":["40"]}},{"type":"Feature","geometry":{"type":"Point","coordinates":[-80.007988,40.429864]},"properties":{"stop_id":"6754","name":"VIRGINIA AVE + SHOP N SAVE","weekday_trips":27,"routes":["40"]}},{"type":"Feature","geometry":{"type":"Point","coordinates":[-80.009447,40.430636]},"properties":{"stop_id":"6755","name":"VIRGINIA AVE + MAPLE TERRACE","weekday_trips":27,"routes":["40"]}},{"type":"Feature","geometry":{"type":"Point","coordinates":[-80.010226,40.431054]},"properties":{"stop_id":"6756","name":"VIRGINIA AVE + KEARSARGE","weekday_trips":27,"routes":["40"]}},{"type":"Feature","geometry":{"type":"Point","coordinates":[-80.016383,40.432161]},"properties":{"stop_id":"6761","name":"VIRGINIA AVE + LABELLE","weekday_trips":27,"routes":["40"]}},{"type":"Feature","geometry":{"type":"Point","coordinates":[-80.020502,40.438925]},"properties":{"stop_id":"6770","name":"GRANDVIEW AVE + PLYMOUTH","weekday_trips":27,"routes":["40"]}},{"type":"Feature","geometry":{"type":"Point","coordinates":[-80.021955,40.43976]},"properties":{"stop_id":"6771","name":"GRANDVIEW AVE + AUGUSTA","weekday_trips":27,"routes":["40"]}},{"type":"Feature","geometry":{"type":"Point","coordinates":[-80.023119,40.440406]},"properties":{"stop_id":"6772","name":"GRANDVIEW AVE + SHALER","weekday_trips":27,"routes":["40"]}},{"type":"Feature","geometry":{"type":"Point","coordinates":[-80.025209,40.440375]},"properties":{"stop_id":"6773","name":"REPUBLIC ST + RUTLEDGE","weekday_trips":27,"routes":["40"]}},{"type":"Feature","geometry":{"type":"Point","coordinates":[-80.026417,40.439066]},"properties":{"stop_id":"6774","name":"REPUBLIC ST + GREENLEAF","weekday_trips":27,"routes":["40"]}},{"type":"Feature","geometry":{"type":"Point","coordinates":[-80.027202,40.439023]},"properties":{"stop_id":"6775","name":"GREENLEAF ST + FINGAL","weekday_trips":27,"routes":["40"]}},{"type":"Feature","geometry":{"type":"Point","coordinates":[-80.011537,40.415711]},"properties":{"stop_id":"6776","name":"BOGGS AVE + WARRINGTON FS","weekday_trips":45,"routes":["40","43"]}},{"type":"Feature","geometry":{"type":"Point","coordinates":[-80.013575,40.418773]},"properties":{"stop_id":"6777","name":"SOUTHERN AVE + MINSINGER","weekday_trips":27,"routes":["40"]}},{"type":"Feature","geometry":{"type":"Point","coordinates":[-80.007281,40.42927]},"properties":{"stop_id":"6779","name":"SHILOH ST + VIRGINIA","weekday_trips":27,"routes":["40"]}},{"type":"Feature","geometry":{"type":"Point","coordinates":[-80.012191,40.431473]},"properties":{"stop_id":"6787","name":"VIRGINIA AVE + BERTHA ST","weekday_trips":27,"routes":["40"]}},{"type":"Feature","geometry":{"type":"Point","coordinates":[-79.999698,40.364269]},"properties":{"stop_id":"6792","name":"WEYMAN RD + WHITE HAMPTON","weekday_trips":3,"routes":["Y45"]}},{"type":"Feature","geometry":{"type":"Point","coordinates":[-79.999221,40.367182]},"properties":{"stop_id":"6793","name":"WEYMAN RD + FOXWOOD MANOR APTS","weekday_trips":3,"routes":["Y45"]}},{"type":"Feature","geometry":{"type":"Point","coordinates":[-79.997661,40.370258]},"properties":{"stop_id":"6794","name":"WEYMAN RD + MCROBERTS","weekday_trips":3,"routes":["Y45"]}},{"type":"Feature","geometry":{"type":"Point","coordinates":[-80.029261,40.356835]},"properties":{"stop_id":"68","name":"SMITH ROAD","weekday_trips":146,"routes":["BLUE","RED","SLVR"]}},{"type":"Feature","geometry":{"type":"Point","coordinates":[-80.009773,40.352681]},"properties":{"stop_id":"6815","name":"BAPTIST RD + MCKEE","weekday_trips":3,"routes":["Y45"]}},{"type":"Feature","geometry":{"type":"Point","coordinates":[-80.005262,40.353957]},"properties":{"stop_id":"6817","name":"BAPTIST RD + WINDVALE","weekday_trips":3,"routes":["Y45"]}},{"type":"Feature","geometry":{"type":"Point","coordinates":[-80.002924,40.355557]},"properties":{"stop_id":"6818","name":"BAPTIST RD + LACHMAN","weekday_trips":3,"routes":["Y45"]}},{"type":"Feature","geometry":{"type":"Point","coordinates":[-79.992186,40.362988]},"properties":{"stop_id":"6825","name":"PROVOST RD + MULBERRY","weekday_trips":17,"routes":["Y47"]}},{"type":"Feature","geometry":{"type":"Point","coordinates":[-79.993496,40.36705]},"properties":{"stop_id":"6829","name":"PROVOST RD + WHITEHILL CIR","weekday_trips":17,"routes":["Y47"]}},{"type":"Feature","geometry":{"type":"Point","coordinates":[-79.994223,40.368782]},"properties":{"stop_id":"6830","name":"PROVOST RD + FRANK FS","weekday_trips":17,"routes":["Y47"]}},{"type":"Feature","geometry":{"type":"Point","coordinates":[-79.994547,40.370783]},"properties":{"stop_id":"6832","name":"PROVOST RD + SHADOW FS","weekday_trips":17,"routes":["Y47"]}},{"type":"Feature","geometry":{"type":"Point","coordinates":[-79.993622,40.378146]},"properties":{"stop_id":"6836","name":"PROVOST RD + STEWART","weekday_trips":20,"routes":["Y45","Y47"]}},{"type":"Feature","geometry":{"type":"Point","coordinates":[-79.995853,40.385218]},"properties":{"stop_id":"6838","name":"SOUTH BUSWAY + OVERBROOK SHELTER","weekday_trips":66,"routes":["Y1","Y45","Y46","Y47","Y49"]}},{"type":"Feature","geometry":{"type":"Point","coordinates":[-79.997069,40.38761]},"properties":{"stop_id":"6839","name":"SOUTH BUSWAY + INGLEWOOD SHELTER","weekday_trips":66,"routes":["Y1","Y45","Y46","Y47","Y49"]}},{"type":"Feature","geometry":{"type":"Point","coordinates":[-79.998173,40.390282]},"properties":{"stop_id":"6840","name":"SOUTH BUSWAY + CENTRAL SHELTER","weekday_trips":66,"routes":["Y1","Y45","Y46","Y47","Y49"]}},{"type":"Feature","geometry":{"type":"Point","coordinates":[-79.998352,40.392454]},"properties":{"stop_id":"6841","name":"SOUTH BUSWAY + SOUTH BANK","weekday_trips":66,"routes":["Y1","Y45","Y46","Y47","Y49"]}},{"type":"Feature","geometry":{"type":"Point","coordinates":[-79.999582,40.395584]},"properties":{"stop_id":"6842","name":"SOUTH BUSWAY + WHITED ST SHELTER","weekday_trips":66,"routes":["Y1","Y45","Y46","Y47","Y49"]}},{"type":"Feature","geometry":{"type":"Point","coordinates":[-80.002187,40.402986]},"properties":{"stop_id":"6843","name":"SOUTH BUSWAY + EDGEBROOK SHELTER","weekday_trips":66,"routes":["Y1","Y45","Y46","Y47","Y49"]}},{"type":"Feature","geometry":{"type":"Point","coordinates":[-80.008493,40.411883]},"properties":{"stop_id":"6844","name":"SOUTH BUSWAY + PIONEER AVE RAMP","weekday_trips":66,"routes":["Y1","Y45","Y46","Y47","Y49"]}},{"type":"Feature","geometry":{"type":"Point","coordinates":[-80.002304,40.402875]},"properties":{"stop_id":"6849","name":"SOUTH BUSWAY + EDGEBROOK SHELTER","weekday_trips":66,"routes":["Y1","Y45","Y46","Y47","Y49"]}},{"type":"Feature","geometry":{"type":"Point","coordinates":[-79.999717,40.395546]},"properties":{"stop_id":"6850","name":"SOUTH BUSWAY + WHITED ST SHELTER","weekday_trips":66,"routes":["Y1","Y45","Y46","Y47","Y49"]}},{"type":"Feature","geometry":{"type":"Point","coordinates":[-79.998433,40.392555]},"properties":{"stop_id":"6851","name":"SOUTH BUSWAY + SOUTH BANK","weekday_trips":66,"routes":["Y1","Y45","Y46","Y47","Y49"]}},{"type":"Feature","geometry":{"type":"Point","coordinates":[-79.998222,40.39036]},"properties":{"stop_id":"6852","name":"SOUTH BUSWAY + CENTRAL SHELTER","weekday_trips":66,"routes":["Y1","Y45","Y46","Y47","Y49"]}},{"type":"Feature","geometry":{"type":"Point","coordinates":[-79.997204,40.387674]},"properties":{"stop_id":"6853","name":"SOUTH BUSWAY + INGLEWOOD SHELTER","weekday_trips":66,"routes":["Y1","Y45","Y46","Y47","Y49"]}},{"type":"Feature","geometry":{"type":"Point","coordinates":[-79.995902,40.385268]},"properties":{"stop_id":"6854","name":"SOUTH BUSWAY + OVERBROOK SHELTER","weekday_trips":66,"routes":["Y1","Y45","Y46","Y47","Y49"]}},{"type":"Feature","geometry":{"type":"Point","coordinates":[-79.996781,40.382852]},"properties":{"stop_id":"6855","name":"SOUTH BUSWAY + GLENBURY AVE RAMP","weekday_trips":66,"routes":["Y1","Y45","Y46","Y47","Y49"]}},{"type":"Feature","geometry":{"type":"Point","coordinates":[-79.993675,40.378233]},"properties":{"stop_id":"6856","name":"FAIRHAVEN-PROVOST RD + STEWART","weekday_trips":20,"routes":["Y45","Y47"]}},{"type":"Feature","geometry":{"type":"Point","coordinates":[-79.994045,40.375969]},"properties":{"stop_id":"6858","name":"FAIRHAVEN RD + WEYMAN","weekday_trips":20,"routes":["Y45","Y47"]}},{"type":"Feature","geometry":{"type":"Point","coordinates":[-79.994191,40.368388]},"properties":{"stop_id":"6862","name":"PROVOST RD + FRANK","weekday_trips":17,"routes":["Y47"]}},{"type":"Feature","geometry":{"type":"Point","coordinates":[-79.993602,40.367071]},"properties":{"stop_id":"6863","name":"PROVOST RD + WHITEHALL","weekday_trips":17,"routes":["Y47"]}},{"type":"Feature","geometry":{"type":"Point","coordinates":[-79.992188,40.3649]},"properties":{"stop_id":"6865","name":"PROVOST RD + BRIGHTVIEW","weekday_trips":17,"routes":["Y47"]}},{"type":"Feature","geometry":{"type":"Point","coordinates":[-79.992224,40.364019]},"properties":{"stop_id":"6866","name":"PROVOST RD + BARLIND","weekday_trips":17,"routes":["Y47"]}},{"type":"Feature","geometry":{"type":"Point","coordinates":[-79.99227,40.363008]},"properties":{"stop_id":"6867","name":"PROVOST RD + LAWNVIEW","weekday_trips":17,"routes":["Y47"]}},{"type":"Feature","geometry":{"type":"Point","coordinates":[-79.991077,40.361173]},"properties":{"stop_id":"6868","name":"PROVOST RD + BAPTIST","weekday_trips":17,"routes":["Y47"]}},{"type":"Feature","geometry":{"type":"Point","coordinates":[-80.002843,40.355708]},"properties":{"stop_id":"6874","name":"BAPTIST RD + LACHMAN","weekday_trips":3,"routes":["Y45"]}},{"type":"Feature","geometry":{"type":"Point","coordinates":[-80.007225,40.353504]},"properties":{"stop_id":"6876","name":"BAPTIST RD + #5344","weekday_trips":3,"routes":["Y45"]}},{"type":"Feature","geometry":{"type":"Point","coordinates":[-80.009819,40.352733]},"properties":{"stop_id":"6877","name":"BAPTIST RD + MCKEE FS","weekday_trips":3,"routes":["Y45"]}},{"type":"Feature","geometry":{"type":"Point","coordinates":[-79.999202,40.367445]},"properties":{"stop_id":"6897","name":"WEYMAN RD + FOXWOOD MANOR APTS","weekday_trips":3,"routes":["Y45"]}},{"type":"Feature","geometry":{"type":"Point","coordinates":[-80.000839,40.359857]},"properties":{"stop_id":"6900","name":"WEYMAN RD + VILLAGE LANE","weekday_trips":3,"routes":["Y45"]}},{"type":"Feature","geometry":{"type":"Point","coordinates":[-79.997671,40.370395]},"properties":{"stop_id":"6901","name":"WEYMAN RD + MCROBERTS","weekday_trips":3,"routes":["Y45"]}},{"type":"Feature","geometry":{"type":"Point","coordinates":[-79.992085,40.344281]},"properties":{"stop_id":"6909","name":"CURRY RD + LAUREL","weekday_trips":3,"routes":["Y45"]}},{"type":"Feature","geometry":{"type":"Point","coordinates":[-79.996877,40.343943]},"properties":{"stop_id":"6915","name":"BLOSSOM DR + MCANULTY","weekday_trips":3,"routes":["Y45"]}},{"type":"Feature","geometry":{"type":"Point","coordinates":[-80.00759,40.347836]},"properties":{"stop_id":"6928","name":"GARDENVILLE RD + KOEFFLER","weekday_trips":3,"routes":["Y45"]}},{"type":"Feature","geometry":{"type":"Point","coordinates":[-80.008158,40.349908]},"properties":{"stop_id":"6929","name":"GARDENVILLE RD + CROSS","weekday_trips":3,"routes":["Y45"]}},{"type":"Feature","geometry":{"type":"Point","coordinates":[-80.010758,40.351982]},"properties":{"stop_id":"6931","name":"GARDENVILLE RD + BAPTIST","weekday_trips":3,"routes":["Y45"]}},{"type":"Feature","geometry":{"type":"Point","coordinates":[-80.010472,40.351506]},"properties":{"stop_id":"6936","name":"GARDENVILLE RD + BAPTIST RD FS","weekday_trips":3,"routes":["Y45"]}},{"type":"Feature","geometry":{"type":"Point","coordinates":[-80.00771,40.348023]},"properties":{"stop_id":"6938","name":"GARDENVILLE RD + KOEFFLER","weekday_trips":3,"routes":["Y45"]}},{"type":"Feature","geometry":{"type":"Point","coordinates":[-80.007031,40.345836]},"properties":{"stop_id":"6940","name":"GARDENVILLE RD + CHARLOTTE","weekday_trips":3,"routes":["Y45"]}},{"type":"Feature","geometry":{"type":"Point","coordinates":[-79.994236,40.343396]},"properties":{"stop_id":"6953","name":"BLOSSOM DR + LAUREL","weekday_trips":3,"routes":["Y45"]}},{"type":"Feature","geometry":{"type":"Point","coordinates":[-80.003828,40.416631]},"properties":{"stop_id":"6971","name":"CHALFONT ST + DELMONT","weekday_trips":22,"routes":["44"]}},{"type":"Feature","geometry":{"type":"Point","coordinates":[-80.004797,40.416614]},"properties":{"stop_id":"6972","name":"CHALFONT ST + GEARING","weekday_trips":22,"routes":["44"]}},{"type":"Feature","geometry":{"type":"Point","coordinates":[-80.005454,40.419063]},"properties":{"stop_id":"6983","name":"GEARING AVE + CLIMAX","weekday_trips":22,"routes":["44"]}},{"type":"Feature","geometry":{"type":"Point","coordinates":[-80.002541,40.419838]},"properties":{"stop_id":"6985","name":"CLIMAX ST + HABERMAN","weekday_trips":22,"routes":["44"]}},{"type":"Feature","geometry":{"type":"Point","coordinates":[-80.000602,40.41992]},"properties":{"stop_id":"6987","name":"CLIMAX ST + ESTELLA","weekday_trips":22,"routes":["44"]}},{"type":"Feature","geometry":{"type":"Point","coordinates":[-79.997475,40.419974]},"properties":{"stop_id":"6989","name":"CLIMAX ST + BELTZHOOVER","weekday_trips":22,"routes":["44"]}},{"type":"Feature","geometry":{"type":"Point","coordinates":[-79.989092,40.423457]},"properties":{"stop_id":"6993","name":"ARLINGTON AVE + #1047","weekday_trips":18,"routes":["43"]}},{"type":"Feature","geometry":{"type":"Point","coordinates":[-79.99288,40.426487]},"properties":{"stop_id":"6995","name":"ARLINGTON AVE + NEWTON","weekday_trips":18,"routes":["43"]}},{"type":"Feature","geometry":{"type":"Point","coordinates":[-79.996336,40.427951]},"properties":{"stop_id":"6996","name":"ARLINGTON AVE + WILLIAM NS","weekday_trips":18,"routes":["43"]}},{"type":"Feature","geometry":{"type":"Point","coordinates":[-79.997436,40.421343]},"properties":{"stop_id":"6999","name":"BELTZHOOVER AVE + WARRINGTON AVE FS","weekday_trips":47,"routes":["44","54"]}},{"type":"Feature","geometry":{"type":"Point","coordinates":[-80.013512,40.450687]},"properties":{"stop_id":"7","name":"BRIGHTON RD + RIDGE (CCAC)","weekday_trips":67,"routes":["18","54"]}},{"type":"Feature","geometry":{"type":"Point","coordinates":[-79.997403,40.420122]},"properties":{"stop_id":"7000","name":"BELTZHOOVER AVE + CLIMAX","weekday_trips":47,"routes":["44","54"]}},{"type":"Feature","geometry":{"type":"Point","coordinates":[-79.998776,40.420018]},"properties":{"stop_id":"7001","name":"CLIMAX ST + CURTIN","weekday_trips":20,"routes":["44"]}},{"type":"Feature","geometry":{"type":"Point","coordinates":[-80.005373,40.418334]},"properties":{"stop_id":"7007","name":"GEARING AVE + LAFFERTY","weekday_trips":20,"routes":["44"]}},{"type":"Feature","geometry":{"type":"Point","coordinates":[-80.004943,40.416665]},"properties":{"stop_id":"7012","name":"GEARING AVE + CHALFONT","weekday_trips":20,"routes":["44"]}},{"type":"Feature","geometry":{"type":"Point","coordinates":[-80.00242,40.416594]},"properties":{"stop_id":"7014","name":"CHALFONT ST + HABERMAN","weekday_trips":20,"routes":["44"]}},{"type":"Feature","geometry":{"type":"Point","coordinates":[-80.0005,40.416631]},"properties":{"stop_id":"7015","name":"CHALFONT ST + ESTELLA","weekday_trips":20,"routes":["44"]}},{"type":"Feature","geometry":{"type":"Point","coordinates":[-79.997257,40.416524]},"properties":{"stop_id":"7019","name":"BELTZHOOVER AVE + CHARLES ST","weekday_trips":47,"routes":["44","54"]}},{"type":"Feature","geometry":{"type":"Point","coordinates":[-79.990823,40.41657]},"properties":{"stop_id":"7022","name":"CHARLES ST + KNOX","weekday_trips":20,"routes":["44"]}},{"type":"Feature","geometry":{"type":"Point","coordinates":[-79.990318,40.424948]},"properties":{"stop_id":"7027","name":"ARLINGTON AVE + #916","weekday_trips":18,"routes":["43"]}},{"type":"Feature","geometry":{"type":"Point","coordinates":[-79.992244,40.421958]},"properties":{"stop_id":"7029","name":"ARLINGTON AVE + WARRINGTON","weekday_trips":18,"routes":["43"]}},{"type":"Feature","geometry":{"type":"Point","coordinates":[-79.86273,40.403385]},"properties":{"stop_id":"7046","name":"BELL AVE + JONES","weekday_trips":60,"routes":["61A"]}},{"type":"Feature","geometry":{"type":"Point","coordinates":[-79.861767,40.405441]},"properties":{"stop_id":"7048","name":"MIDDLE ST + HAWKINS","weekday_trips":60,"routes":["61A"]}},{"type":"Feature","geometry":{"type":"Point","coordinates":[-79.863618,40.406859]},"properties":{"stop_id":"7049","name":"HAWKINS AVE + ROSE","weekday_trips":60,"routes":["61A"]}},{"type":"Feature","geometry":{"type":"Point","coordinates":[-79.865457,40.408253]},"properties":{"stop_id":"7050","name":"HAWKINS AVE + #509","weekday_trips":60,"routes":["61A"]}},{"type":"Feature","geometry":{"type":"Point","coordinates":[-79.866592,40.409214]},"properties":{"stop_id":"7051","name":"HAWKINS AVE + 4TH","weekday_trips":60,"routes":["61A"]}},{"type":"Feature","geometry":{"type":"Point","coordinates":[-79.868582,40.410873]},"properties":{"stop_id":"7052","name":"HAWKINS AVE + OVERLAND","weekday_trips":86,"routes":["59","61A"]}},{"type":"Feature","geometry":{"type":"Point","coordinates":[-79.869768,40.411868]},"properties":{"stop_id":"7053","name":"HAWKINS AVE + 2ND","weekday_trips":86,"routes":["59","61A"]}},{"type":"Feature","geometry":{"type":"Point","coordinates":[-79.872644,40.414302]},"properties":{"stop_id":"7055","name":"WOODSTOCK AVE + #2695","weekday_trips":86,"routes":["59","61A"]}},{"type":"Feature","geometry":{"type":"Point","coordinates":[-79.874062,40.414812]},"properties":{"stop_id":"7056","name":"WOODSTOCK AVE + WOODSTOCK TERRACE NS","weekday_trips":86,"routes":["59","61A"]}},{"type":"Feature","geometry":{"type":"Point","coordinates":[-79.880779,40.417069]},"properties":{"stop_id":"7060","name":"WOODSTOCK AVE + MELROSE","weekday_trips":97,"routes":["59","61A","P7"]}},{"type":"Feature","geometry":{"type":"Point","coordinates":[-79.882518,40.418099]},"properties":{"stop_id":"7061","name":"WOODSTOCK AVE + ORMOND","weekday_trips":97,"routes":["59","61A","P7"]}},{"type":"Feature","geometry":{"type":"Point","coordinates":[-79.884156,40.41907]},"properties":{"stop_id":"7062","name":"WOODSTOCK AVE + ARDMORE","weekday_trips":97,"routes":["59","61A","P7"]}},{"type":"Feature","geometry":{"type":"Point","coordinates":[-79.885351,40.420642]},"properties":{"stop_id":"7063","name":"NOBLE AVE + DICKSON ST","weekday_trips":97,"routes":["59","61A","P7"]}},{"type":"Feature","geometry":{"type":"Point","coordinates":[-79.885996,40.421275]},"properties":{"stop_id":"7064","name":"NOBLE AVE + WASHINGTON ST","weekday_trips":97,"routes":["59","61A","P7"]}},{"type":"Feature","geometry":{"type":"Point","coordinates":[-79.886139,40.422202]},"properties":{"stop_id":"7065","name":"WAVERLY AVE + BRADDOCK","weekday_trips":97,"routes":["59","61A","P7"]}},{"type":"Feature","geometry":{"type":"Point","coordinates":[-79.885993,40.424387]},"properties":{"stop_id":"7067","name":"EDGEWOOD AVE + COLUMBIA","weekday_trips":71,"routes":["61A","P7"]}},{"type":"Feature","geometry":{"type":"Point","coordinates":[-79.885655,40.425418]},"properties":{"stop_id":"7068","name":"EDGEWOOD AVE + DELAWARE","weekday_trips":71,"routes":["61A","P7"]}},{"type":"Feature","geometry":{"type":"Point","coordinates":[-79.885234,40.426685]},"properties":{"stop_id":"7069","name":"EDGEWOOD AVE + LACROSSE","weekday_trips":71,"routes":["61A","P7"]}},{"type":"Feature","geometry":{"type":"Point","coordinates":[-79.884537,40.428795]},"properties":{"stop_id":"7071","name":"EDGEWOOD AVE + GORDON","weekday_trips":71,"routes":["61A","P7"]}},{"type":"Feature","geometry":{"type":"Point","coordinates":[-79.884342,40.430273]},"properties":{"stop_id":"7072","name":"EDGEWOOD AVE + EDGEWOOD CT","weekday_trips":71,"routes":["61A","P7"]}},{"type":"Feature","geometry":{"type":"Point","coordinates":[-79.884685,40.432843]},"properties":{"stop_id":"7074","name":"EDGEWOOD AVE + MAPLE","weekday_trips":71,"routes":["61A","P7"]}},{"type":"Feature","geometry":{"type":"Point","coordinates":[-79.883112,40.435203]},"properties":{"stop_id":"7075","name":"COAL ST + HUTCHINSON","weekday_trips":60,"routes":["61A"]}},{"type":"Feature","geometry":{"type":"Point","coordinates":[-79.881846,40.437434]},"properties":{"stop_id":"7077","name":"COAL ST + WOODWORTH","weekday_trips":60,"routes":["61A"]}},{"type":"Feature","geometry":{"type":"Point","coordinates":[-79.881191,40.438593]},"properties":{"stop_id":"7078","name":"COAL ST + REBECCA","weekday_trips":60,"routes":["61A"]}},{"type":"Feature","geometry":{"type":"Point","coordinates":[-79.880738,40.439402]},"properties":{"stop_id":"7079","name":"COAL ST + FRANKLIN","weekday_trips":60,"routes":["61A"]}},{"type":"Feature","geometry":{"type":"Point","coordinates":[-79.887459,40.44061]},"properties":{"stop_id":"7084","name":"ROWLAND CONNECTOR + HIGHRISE","weekday_trips":135,"routes":["61A","71","71C","P71"]}},{"type":"Feature","geometry":{"type":"Point","coordinates":[-79.889366,40.440542]},"properties":{"stop_id":"7085","name":"KELLY ST + PITT","weekday_trips":135,"routes":["61A","71","71C","P71"]}},{"type":"Feature","geometry":{"type":"Point","coordinates":[-79.891147,40.441133]},"properties":{"stop_id":"7086","name":"KELLY ST + WEST","weekday_trips":135,"routes":["61A","71","71C","P71"]}},{"type":"Feature","geometry":{"type":"Point","coordinates":[-79.894206,40.441271]},"properties":{"stop_id":"7088","name":"KELLY ST + PEEBLES","weekday_trips":73,"routes":["61A","71","P71"]}},{"type":"Feature","geometry":{"type":"Point","coordinates":[-79.89471,40.439923]},"properties":{"stop_id":"7089","name":"PEEBLES ST + FORBES","weekday_trips":73,"routes":["61A","71","P71"]}},{"type":"Feature","geometry":{"type":"Point","coordinates":[-79.895569,40.439804]},"properties":{"stop_id":"7090","name":"FORBES AVE + CELERON","weekday_trips":60,"routes":["61A"]}},{"type":"Feature","geometry":{"type":"Point","coordinates":[-79.912789,40.43807]},"properties":{"stop_id":"7093","name":"FORBES AVE + DALLAS","weekday_trips":121,"routes":["61A","61B"]}},{"type":"Feature","geometry":{"type":"Point","coordinates":[-79.915079,40.438083]},"properties":{"stop_id":"7094","name":"FORBES AVE + BEECHWOOD","weekday_trips":121,"routes":["61A","61B"]}},{"type":"Feature","geometry":{"type":"Point","coordinates":[-79.919223,40.438062]},"properties":{"stop_id":"7095","name":"FORBES AVE + SHADY","weekday_trips":121,"routes":["61A","61B"]}},{"type":"Feature","geometry":{"type":"Point","coordinates":[-79.923523,40.438095]},"properties":{"stop_id":"7096","name":"FORBES + MURRAY FS","weekday_trips":242,"routes":["61A","61B","61C","61D"]}},{"type":"Feature","geometry":{"type":"Point","coordinates":[-79.92752,40.438102]},"properties":{"stop_id":"7097","name":"FORBES AVE + WIGHTMAN","weekday_trips":242,"routes":["61A","61B","61C","61D"]}},{"type":"Feature","geometry":{"type":"Point","coordinates":[-79.930587,40.437906]},"properties":{"stop_id":"7098","name":"FORBES AVE + MURDOCH","weekday_trips":242,"routes":["61A","61B","61C","61D"]}},{"type":"Feature","geometry":{"type":"Point","coordinates":[-80.007226,40.420841]},"properties":{"stop_id":"71","name":"SOUTH HILLS JUNCTION STATION","weekday_trips":146,"routes":["BLUE","RED","SLVR"]}},{"type":"Feature","geometry":{"type":"Point","coordinates":[-79.934171,40.439003]},"properties":{"stop_id":"7100","name":"FORBES AVE + NORTHUMBERLAND FS","weekday_trips":242,"routes":["61A","61B","61C","61D"]}},{"type":"Feature","geometry":{"type":"Point","coordinates":[-79.935417,40.440376]},"properties":{"stop_id":"7101","name":"FORBES AVE + PLAINFIELD","weekday_trips":242,"routes":["61A","61B","61C","61D"]}},{"type":"Feature","geometry":{"type":"Point","coordinates":[-79.937477,40.442606]},"properties":{"stop_id":"7102","name":"FORBES AVE + MARGARET MORRISON","weekday_trips":242,"routes":["61A","61B","61C","61D"]}},{"type":"Feature","geometry":{"type":"Point","coordinates":[-79.938618,40.443833]},"properties":{"stop_id":"7103","name":"FORBES AVE + BEELER","weekday_trips":242,"routes":["61A","61B","61C","61D"]}},{"type":"Feature","geometry":{"type":"Point","coordinates":[-79.977997,40.437332]},"properties":{"stop_id":"7112","name":"FORBES AVE + JUMONVILLE","weekday_trips":245,"routes":["61A","61B","61C","71B"]}},{"type":"Feature","geometry":{"type":"Point","coordinates":[-79.976135,40.437241]},"properties":{"stop_id":"7113","name":"FORBES AVE + SENECA","weekday_trips":245,"routes":["61A","61B","61C","71B"]}},{"type":"Feature","geometry":{"type":"Point","coordinates":[-79.974813,40.437179]},"properties":{"stop_id":"7114","name":"FORBES AVE + MOULTRIE","weekday_trips":491,"routes":["61A","61B","61C","61D","71A","71B","71C","71D"]}},{"type":"Feature","geometry":{"type":"Point","coordinates":[-79.948893,40.444327]},"properties":{"stop_id":"7115","name":"FORBES AVE + CRAIG ST","weekday_trips":327,"routes":["28X","61A","61B","61C","61D","67","69"]}},{"type":"Feature","geometry":{"type":"Point","coordinates":[-79.942291,40.444458]},"properties":{"stop_id":"7117","name":"FORBES AVE + MOREWOOD (CARNEGIE MELLON)","weekday_trips":289,"routes":["61A","61B","61C","61D","67","69"]}},{"type":"Feature","geometry":{"type":"Point","coordinates":[-79.938933,40.443865]},"properties":{"stop_id":"7119","name":"FORBES AVE + BEELER","weekday_trips":242,"routes":["61A","61B","61C","61D"]}},{"type":"Feature","geometry":{"type":"Point","coordinates":[-79.935719,40.440575]},"properties":{"stop_id":"7121","name":"FORBES AVE + PLAINFIELD","weekday_trips":242,"routes":["61A","61B","61C","61D"]}},{"type":"Feature","geometry":{"type":"Point","coordinates":[-79.930837,40.437806]},"properties":{"stop_id":"7124","name":"FORBES AVE + MURDOCH","weekday_trips":242,"routes":["61A","61B","61C","61D"]}},{"type":"Feature","geometry":{"type":"Point","coordinates":[-79.927988,40.437986]},"properties":{"stop_id":"7125","name":"FORBES AVE + WIGHTMAN","weekday_trips":242,"routes":["61A","61B","61C","61D"]}},{"type":"Feature","geometry":{"type":"Point","coordinates":[-79.923198,40.43801]},"properties":{"stop_id":"7126","name":"FORBES AVE + MURRAY AVE","weekday_trips":242,"routes":["61A","61B","61C","61D"]}},{"type":"Feature","geometry":{"type":"Point","coordinates":[-79.919581,40.438]},"properties":{"stop_id":"7127","name":"FORBES AVE + SHADY AVE","weekday_trips":157,"routes":["61A","61B","64"]}},{"type":"Feature","geometry":{"type":"Point","coordinates":[-79.918058,40.438005]},"properties":{"stop_id":"7128","name":"FORBES AVE + DENNISTON","weekday_trips":121,"routes":["61A","61B"]}},{"type":"Feature","geometry":{"type":"Point","coordinates":[-79.916373,40.438003]},"properties":{"stop_id":"7129","name":"FORBES AVE + BEECHWOOD","weekday_trips":121,"routes":["61A","61B"]}},{"type":"Feature","geometry":{"type":"Point","coordinates":[-79.913232,40.437994]},"properties":{"stop_id":"7130","name":"FORBES AVE + DALLAS","weekday_trips":121,"routes":["61A","61B"]}},{"type":"Feature","geometry":{"type":"Point","coordinates":[-79.89666,40.439716]},"properties":{"stop_id":"7133","name":"FORBES AVE + EAST END AVE","weekday_trips":60,"routes":["61A"]}},{"type":"Feature","geometry":{"type":"Point","coordinates":[-79.895012,40.439354]},"properties":{"stop_id":"7134","name":"FORBES AVE + PEEBLES","weekday_trips":60,"routes":["61A"]}},{"type":"Feature","geometry":{"type":"Point","coordinates":[-79.894652,40.439758]},"properties":{"stop_id":"7135","name":"PEEBLES ST + FORBES","weekday_trips":73,"routes":["61A","71","P71"]}},{"type":"Feature","geometry":{"type":"Point","coordinates":[-79.894316,40.441162]},"properties":{"stop_id":"7136","name":"PEEBLES ST + KELLY","weekday_trips":73,"routes":["61A","71","P71"]}},{"type":"Feature","geometry":{"type":"Point","coordinates":[-79.892502,40.441217]},"properties":{"stop_id":"7137","name":"KELLY AVE + TRENTON AVE","weekday_trips":73,"routes":["61A","71","P71"]}},{"type":"Feature","geometry":{"type":"Point","coordinates":[-79.891419,40.441169]},"properties":{"stop_id":"7138","name":"KELLY ST + WEST","weekday_trips":73,"routes":["61A","71","P71"]}},{"type":"Feature","geometry":{"type":"Point","coordinates":[-79.889636,40.440568]},"properties":{"stop_id":"7139","name":"KELLY ST + PITT","weekday_trips":73,"routes":["61A","71","P71"]}},{"type":"Feature","geometry":{"type":"Point","coordinates":[-79.88829,40.440118]},"properties":{"stop_id":"7140","name":"KELLY ST + HAY","weekday_trips":73,"routes":["61A","71","P71"]}},{"type":"Feature","geometry":{"type":"Point","coordinates":[-79.887099,40.440555]},"properties":{"stop_id":"7141","name":"ROWLAND CONNECTOR + PENNWOOD","weekday_trips":73,"routes":["61A","71","P71"]}},{"type":"Feature","geometry":{"type":"Point","coordinates":[-79.879136,40.438012]},"properties":{"stop_id":"7146","name":"REBECCA ST + SWISSVALE FS","weekday_trips":49,"routes":["69","P68","P69"]}},{"type":"Feature","geometry":{"type":"Point","coordinates":[-79.880608,40.436793]},"properties":{"stop_id":"7147","name":"SWISSVALE AVE + #441(MERCY GRANDVIEW MANOR)","weekday_trips":60,"routes":["61A"]}},{"type":"Feature","geometry":{"type":"Point","coordinates":[-79.884601,40.431873]},"properties":{"stop_id":"7150","name":"EDGEWOOD AVE + ELM ST","weekday_trips":72,"routes":["61A","P7"]}},{"type":"Feature","geometry":{"type":"Point","coordinates":[-79.885278,40.426817]},"properties":{"stop_id":"7152","name":"EDGEWOOD AVE + LACROSSE","weekday_trips":72,"routes":["61A","P7"]}},{"type":"Feature","geometry":{"type":"Point","coordinates":[-79.885681,40.425625]},"properties":{"stop_id":"7153","name":"EDGEWOOD AVE + DELAWARE","weekday_trips":72,"routes":["61A","P7"]}},{"type":"Feature","geometry":{"type":"Point","coordinates":[-79.885998,40.424655]},"properties":{"stop_id":"7154","name":"EDGEWOOD AVE + COLUMBIA","weekday_trips":72,"routes":["61A","P7"]}},{"type":"Feature","geometry":{"type":"Point","coordinates":[-79.886253,40.422234]},"properties":{"stop_id":"7156","name":"WAVERLY AVE + BRADDOCK FS","weekday_trips":98,"routes":["59","61A","P7"]}},{"type":"Feature","geometry":{"type":"Point","coordinates":[-79.886291,40.421473]},"properties":{"stop_id":"7157","name":"NOBLE AVE + WASHINGTON ST","weekday_trips":98,"routes":["59","61A","P7"]}},{"type":"Feature","geometry":{"type":"Point","coordinates":[-79.884408,40.419126]},"properties":{"stop_id":"7159","name":"WOODSTOCK AVE + ARDMORE","weekday_trips":98,"routes":["59","61A","P7"]}},{"type":"Feature","geometry":{"type":"Point","coordinates":[-79.882763,40.418155]},"properties":{"stop_id":"7160","name":"WOODSTOCK AVE + ORMOND","weekday_trips":98,"routes":["59","61A","P7"]}},{"type":"Feature","geometry":{"type":"Point","coordinates":[-79.881084,40.417158]},"properties":{"stop_id":"7161","name":"WOODSTOCK AVE + MELROSE","weekday_trips":98,"routes":["59","61A","P7"]}},{"type":"Feature","geometry":{"type":"Point","coordinates":[-79.876907,40.415389]},"properties":{"stop_id":"7163","name":"WOODSTOCK AVE + BRADDOCK","weekday_trips":98,"routes":["59","61A","P7"]}},{"type":"Feature","geometry":{"type":"Point","coordinates":[-79.874385,40.414847]},"properties":{"stop_id":"7165","name":"WOODSTOCK AVE + WOODSTOCK TERRACE","weekday_trips":86,"routes":["59","61A"]}},{"type":"Feature","geometry":{"type":"Point","coordinates":[-79.871225,40.413345]},"properties":{"stop_id":"7167","name":"WOODSTOCK AVE + WILKINS","weekday_trips":86,"routes":["59","61A"]}},{"type":"Feature","geometry":{"type":"Point","coordinates":[-79.869939,40.41191]},"properties":{"stop_id":"7168","name":"HAWKINS AVE + 2ND","weekday_trips":86,"routes":["59","61A"]}},{"type":"Feature","geometry":{"type":"Point","coordinates":[-79.868915,40.41105]},"properties":{"stop_id":"7169","name":"HAWKINS AVE + OVERLAND","weekday_trips":86,"routes":["59","61A"]}},{"type":"Feature","geometry":{"type":"Point","coordinates":[-79.866944,40.409409]},"properties":{"stop_id":"7170","name":"HAWKINS AVE + 4TH","weekday_trips":86,"routes":["59","61A"]}},{"type":"Feature","geometry":{"type":"Point","coordinates":[-79.861839,40.405536]},"properties":{"stop_id":"7173","name":"HAWKINS AVE + MIDDLE ST","weekday_trips":60,"routes":["61A"]}},{"type":"Feature","geometry":{"type":"Point","coordinates":[-79.861069,40.402073]},"properties":{"stop_id":"7177","name":"BELL AVE + VERONA","weekday_trips":60,"routes":["61A"]}},{"type":"Feature","geometry":{"type":"Point","coordinates":[-80.008222,40.420363]},"properties":{"stop_id":"72","name":"SOUTH HILLS JUNCTION STATION","weekday_trips":146,"routes":["BLUE","RED","SLVR"]}},{"type":"Feature","geometry":{"type":"Point","coordinates":[-79.881089,40.412138]},"properties":{"stop_id":"7210","name":"HAWKINS AVE + RANKIN BLVD","weekday_trips":39,"routes":["59","71","P71"]}},{"type":"Feature","geometry":{"type":"Point","coordinates":[-79.883043,40.413062]},"properties":{"stop_id":"7211","name":"RANKIN BLVD + BLDG #5","weekday_trips":100,"routes":["59","61B","71","P71"]}},{"type":"Feature","geometry":{"type":"Point","coordinates":[-79.883657,40.413906]},"properties":{"stop_id":"7212","name":"HARRIETT ST + BLDG #2","weekday_trips":100,"routes":["59","61B","71","P71"]}},{"type":"Feature","geometry":{"type":"Point","coordinates":[-79.883319,40.414645]},"properties":{"stop_id":"7213","name":"HARRIETT ST + 5TH","weekday_trips":100,"routes":["59","61B","71","P71"]}},{"type":"Feature","geometry":{"type":"Point","coordinates":[-79.885251,40.416033]},"properties":{"stop_id":"7215","name":"MILLER ST + GAS ST","weekday_trips":100,"routes":["59","61B","71","P71"]}},{"type":"Feature","geometry":{"type":"Point","coordinates":[-79.888042,40.418161]},"properties":{"stop_id":"7217","name":"MONONGAHELA AVE + DUQUESNE","weekday_trips":100,"routes":["59","61B","71","P71"]}},{"type":"Feature","geometry":{"type":"Point","coordinates":[-79.889063,40.419829]},"properties":{"stop_id":"7218","name":"MONONGAHELA AVE + WASHINGTON","weekday_trips":100,"routes":["59","61B","71","P71"]}},{"type":"Feature","geometry":{"type":"Point","coordinates":[-79.889612,40.420721]},"properties":{"stop_id":"7219","name":"MONONGAHELA AVE + IRVINE","weekday_trips":100,"routes":["59","61B","71","P71"]}},{"type":"Feature","geometry":{"type":"Point","coordinates":[-79.890252,40.421751]},"properties":{"stop_id":"7220","name":"MONONGAHELA AVE + CHURCH","weekday_trips":100,"routes":["59","61B","71","P71"]}},{"type":"Feature","geometry":{"type":"Point","coordinates":[-79.891312,40.42348]},"properties":{"stop_id":"7222","name":"MONONGAHELA AVE + SCHOYER","weekday_trips":78,"routes":["61B","71","P71"]}},{"type":"Feature","geometry":{"type":"Point","coordinates":[-79.891606,40.425607]},"properties":{"stop_id":"7223","name":"MONONGAHELA AVE + WHIPPLE (#1641)","weekday_trips":66,"routes":["61B","P71"]}},{"type":"Feature","geometry":{"type":"Point","coordinates":[-79.89172,40.428848]},"properties":{"stop_id":"7225","name":"BRADDOCK AVE + GREENDALE FS","weekday_trips":74,"routes":["61B","71","P71"]}},{"type":"Feature","geometry":{"type":"Point","coordinates":[-79.892494,40.43065]},"properties":{"stop_id":"7226","name":"BRADDOCK AVE + CHARLESTON","weekday_trips":74,"routes":["61B","71","P71"]}},{"type":"Feature","geometry":{"type":"Point","coordinates":[-79.893161,40.431687]},"properties":{"stop_id":"7227","name":"BRADDOCK AVE + SANDERS","weekday_trips":74,"routes":["61B","71","P71"]}},{"type":"Feature","geometry":{"type":"Point","coordinates":[-79.893884,40.432681]},"properties":{"stop_id":"7228","name":"BRADDOCK AVE + HUTCHINSON","weekday_trips":74,"routes":["61B","71","P71"]}},{"type":"Feature","geometry":{"type":"Point","coordinates":[-79.894935,40.434136]},"properties":{"stop_id":"7229","name":"BRADDOCK AVE + OVERTON","weekday_trips":61,"routes":["61B"]}},{"type":"Feature","geometry":{"type":"Point","coordinates":[-79.895891,40.435761]},"properties":{"stop_id":"7230","name":"BRADDOCK AVE + HENRIETTA","weekday_trips":61,"routes":["61B"]}},{"type":"Feature","geometry":{"type":"Point","coordinates":[-79.896331,40.43677]},"properties":{"stop_id":"7231","name":"BRADDOCK AVE + BIDDLE","weekday_trips":61,"routes":["61B"]}},{"type":"Feature","geometry":{"type":"Point","coordinates":[-79.898376,40.439692]},"properties":{"stop_id":"7233","name":"FORBES AVE + BRADDOCK FS","weekday_trips":121,"routes":["61A","61B"]}},{"type":"Feature","geometry":{"type":"Point","coordinates":[-79.897924,40.43958]},"properties":{"stop_id":"7234","name":"FORBES AVE + BRADDOCK","weekday_trips":61,"routes":["61B"]}},{"type":"Feature","geometry":{"type":"Point","coordinates":[-79.897147,40.438383]},"properties":{"stop_id":"7235","name":"BRADDOCK AVE + GUTHRIE","weekday_trips":61,"routes":["61B"]}},{"type":"Feature","geometry":{"type":"Point","coordinates":[-79.896544,40.437008]},"properties":{"stop_id":"7236","name":"BRADDOCK AVE + BIDDLE","weekday_trips":61,"routes":["61B"]}},{"type":"Feature","geometry":{"type":"Point","coordinates":[-79.896104,40.435986]},"properties":{"stop_id":"7237","name":"BRADDOCK AVE + HENRIETTA","weekday_trips":61,"routes":["61B"]}},{"type":"Feature","geometry":{"type":"Point","coordinates":[-79.895169,40.434301]},"properties":{"stop_id":"7238","name":"BRADDOCK AVE + OVERTON","weekday_trips":61,"routes":["61B"]}},{"type":"Feature","geometry":{"type":"Point","coordinates":[-79.894287,40.433041]},"properties":{"stop_id":"7239","name":"BRADDOCK AVE + HUTCHINSON","weekday_trips":61,"routes":["61B"]}},{"type":"Feature","geometry":{"type":"Point","coordinates":[-79.893451,40.431927]},"properties":{"stop_id":"7240","name":"BRADDOCK AVE + SANDERS","weekday_trips":74,"routes":["61B","71","P71"]}},{"type":"Feature","geometry":{"type":"Point","coordinates":[-79.892618,40.430695]},"properties":{"stop_id":"7241","name":"BRADDOCK AVE + CHARLESTON","weekday_trips":74,"routes":["61B","71","P71"]}},{"type":"Feature","geometry":{"type":"Point","coordinates":[-79.891808,40.428734]},"properties":{"stop_id":"7242","name":"BRADDOCK AVE + GREENDALE","weekday_trips":74,"routes":["61B","71","P71"]}},{"type":"Feature","geometry":{"type":"Point","coordinates":[-79.891175,40.423057]},"properties":{"stop_id":"7245","name":"MONONGAHELA AVE + MCCLURE","weekday_trips":78,"routes":["61B","71","P71"]}},{"type":"Feature","geometry":{"type":"Point","coordinates":[-79.890516,40.421986]},"properties":{"stop_id":"7246","name":"MONONGAHELA AVE + CHURCH","weekday_trips":78,"routes":["61B","71","P71"]}},{"type":"Feature","geometry":{"type":"Point","coordinates":[-79.889764,40.420772]},"properties":{"stop_id":"7247","name":"MONONGAHELA AVE + SCHLEY","weekday_trips":100,"routes":["59","61B","71","P71"]}},{"type":"Feature","geometry":{"type":"Point","coordinates":[-79.889346,40.420107]},"properties":{"stop_id":"7248","name":"MONONGAHELA AVE + WASHINGTON","weekday_trips":100,"routes":["59","61B","71","P71"]}},{"type":"Feature","geometry":{"type":"Point","coordinates":[-79.888292,40.418393]},"properties":{"stop_id":"7249","name":"MONONGAHELA AVE + DUQUESNE","weekday_trips":100,"routes":["59","61B","71","P71"]}},{"type":"Feature","geometry":{"type":"Point","coordinates":[-79.887697,40.417416]},"properties":{"stop_id":"7250","name":"MONONGAHELA AVE + #2130","weekday_trips":100,"routes":["59","61B","71","P71"]}},{"type":"Feature","geometry":{"type":"Point","coordinates":[-79.885384,40.416013]},"properties":{"stop_id":"7252","name":"MILLER ST + GAS ST","weekday_trips":100,"routes":["59","61B","71","P71"]}},{"type":"Feature","geometry":{"type":"Point","coordinates":[-79.883181,40.415509]},"properties":{"stop_id":"7253","name":"MILLER ST + HARRIETT","weekday_trips":100,"routes":["59","61B","71","P71"]}},{"type":"Feature","geometry":{"type":"Point","coordinates":[-79.883297,40.414827]},"properties":{"stop_id":"7254","name":"HARRIETT ST + 5TH","weekday_trips":100,"routes":["59","61B","71","P71"]}},{"type":"Feature","geometry":{"type":"Point","coordinates":[-79.883782,40.413944]},"properties":{"stop_id":"7255","name":"HARRIETT ST + BLDG #2","weekday_trips":100,"routes":["59","61B","71","P71"]}},{"type":"Feature","geometry":{"type":"Point","coordinates":[-79.883151,40.413005]},"properties":{"stop_id":"7256","name":"RANKIN BLVD + BLDG #5","weekday_trips":100,"routes":["59","61B","71","P71"]}},{"type":"Feature","geometry":{"type":"Point","coordinates":[-79.881276,40.412011]},"properties":{"stop_id":"7257","name":"RANKIN BLVD + HAWKINS","weekday_trips":100,"routes":["59","61B","71","P71"]}},{"type":"Feature","geometry":{"type":"Point","coordinates":[-79.880137,40.41142]},"properties":{"stop_id":"7258","name":"RANKIN BLVD + #211","weekday_trips":100,"routes":["59","61B","71","P71"]}},{"type":"Feature","geometry":{"type":"Point","coordinates":[-79.877843,40.410202]},"properties":{"stop_id":"7259","name":"RANKIN BLVD + KENMAWR","weekday_trips":100,"routes":["59","61B","71","P71"]}},{"type":"Feature","geometry":{"type":"Point","coordinates":[-79.862896,40.40334]},"properties":{"stop_id":"7272","name":"JONES AVE + BELL AVE","weekday_trips":26,"routes":["59"]}},{"type":"Feature","geometry":{"type":"Point","coordinates":[-79.880264,40.440222]},"properties":{"stop_id":"7273","name":"COAL ST + SOUTH","weekday_trips":60,"routes":["61A"]}},{"type":"Feature","geometry":{"type":"Point","coordinates":[-79.884122,40.44162]},"properties":{"stop_id":"7276","name":"SOUTH AVE + MULBERRY","weekday_trips":85,"routes":["61A","P68","P69"]}},{"type":"Feature","geometry":{"type":"Point","coordinates":[-79.994892,40.44381]},"properties":{"stop_id":"7279","name":"LIBERTY AVE + 10TH ST NS","weekday_trips":427,"routes":["1","11","12","15","2","39","40","41","44","6","P10","P12","P16","P17","P67","P68","P69","P7","P71","P76","P78"]}},{"type":"Feature","geometry":{"type":"Point","coordinates":[-79.997611,40.441684]},"properties":{"stop_id":"7280","name":"SMITHFIELD ST + SIXTH AVE","weekday_trips":175,"routes":["39","40","41","44","P12","P16","P67","P68","P71"]}},{"type":"Feature","geometry":{"type":"Point","coordinates":[-79.885895,40.442123]},"properties":{"stop_id":"7282","name":"SOUTH AVE + WOOD","weekday_trips":21,"routes":["P68"]}},{"type":"Feature","geometry":{"type":"Point","coordinates":[-79.884348,40.441622]},"properties":{"stop_id":"7283","name":"SOUTH AVE + MULBERRY","weekday_trips":21,"routes":["P68"]}},{"type":"Feature","geometry":{"type":"Point","coordinates":[-79.883133,40.441212]},"properties":{"stop_id":"7284","name":"SOUTH AVE + CENTER","weekday_trips":21,"routes":["P68"]}},{"type":"Feature","geometry":{"type":"Point","coordinates":[-79.881726,40.44075]},"properties":{"stop_id":"7285","name":"SOUTH AVE + MILL","weekday_trips":21,"routes":["P68"]}},{"type":"Feature","geometry":{"type":"Point","coordinates":[-79.880417,40.4403]},"properties":{"stop_id":"7286","name":"SOUTH AVE + COAL","weekday_trips":21,"routes":["P68"]}},{"type":"Feature","geometry":{"type":"Point","coordinates":[-79.879028,40.43985]},"properties":{"stop_id":"7287","name":"SOUTH AVE + SWISSVALE","weekday_trips":21,"routes":["P68"]}},{"type":"Feature","geometry":{"type":"Point","coordinates":[-79.879097,40.439083]},"properties":{"stop_id":"7288","name":"SWISSVALE AVE + FRANKLIN","weekday_trips":109,"routes":["61A","69","P68","P69"]}},{"type":"Feature","geometry":{"type":"Point","coordinates":[-79.87957,40.438319]},"properties":{"stop_id":"7289","name":"SWISSVALE AVE + REBECCA","weekday_trips":60,"routes":["61A"]}},{"type":"Feature","geometry":{"type":"Point","coordinates":[-79.866861,40.404333]},"properties":{"stop_id":"7291","name":"6TH ST + MARGARETTA ST","weekday_trips":96,"routes":["61A","61B"]}},{"type":"Feature","geometry":{"type":"Point","coordinates":[-79.868556,40.403337]},"properties":{"stop_id":"7292","name":"6TH ST + BRADDOCK AVE","weekday_trips":96,"routes":["61A","61B"]}},{"type":"Feature","geometry":{"type":"Point","coordinates":[-79.867557,40.402484]},"properties":{"stop_id":"7293","name":"BRADDOCK AVE + 7TH","weekday_trips":86,"routes":["59","61A"]}},{"type":"Feature","geometry":{"type":"Point","coordinates":[-79.899143,40.423001]},"properties":{"stop_id":"7300","name":"WHIPPLE ST + NEVADA","weekday_trips":22,"routes":["71","P71"]}},{"type":"Feature","geometry":{"type":"Point","coordinates":[-79.896312,40.424602]},"properties":{"stop_id":"7302","name":"WHIPPLE ST + AURELIUS","weekday_trips":22,"routes":["71","P71"]}},{"type":"Feature","geometry":{"type":"Point","coordinates":[-79.895854,40.422964]},"properties":{"stop_id":"7303","name":"AURELIUS ST + HARRISON","weekday_trips":22,"routes":["71","P71"]}},{"type":"Feature","geometry":{"type":"Point","coordinates":[-79.894821,40.422535]},"properties":{"stop_id":"7304","name":"SCHOYER AVE + TONETTE","weekday_trips":12,"routes":["71"]}},{"type":"Feature","geometry":{"type":"Point","coordinates":[-79.892755,40.423157]},"properties":{"stop_id":"7305","name":"SCHOYER AVE + MONROE","weekday_trips":22,"routes":["71","P71"]}},{"type":"Feature","geometry":{"type":"Point","coordinates":[-79.891594,40.42355]},"properties":{"stop_id":"7306","name":"SCHOYER AVE + MONONGAHELA","weekday_trips":22,"routes":["71","P71"]}},{"type":"Feature","geometry":{"type":"Point","coordinates":[-79.894731,40.422629]},"properties":{"stop_id":"7312","name":"SCHOYER AVE + TONETTE","weekday_trips":22,"routes":["71","P71"]}},{"type":"Feature","geometry":{"type":"Point","coordinates":[-79.89521,40.421196]},"properties":{"stop_id":"7314","name":"AURELIUS AVE + MCCLURE","weekday_trips":22,"routes":["71","P71"]}},{"type":"Feature","geometry":{"type":"Point","coordinates":[-79.896484,40.420573]},"properties":{"stop_id":"7315","name":"MCCLURE ST + NEVADA","weekday_trips":22,"routes":["71","P71"]}},{"type":"Feature","geometry":{"type":"Point","coordinates":[-79.893181,40.433182]},"properties":{"stop_id":"7320","name":"HUTCHINSON AVE + EAST END","weekday_trips":13,"routes":["71","P71"]}},{"type":"Feature","geometry":{"type":"Point","coordinates":[-79.892198,40.433611]},"properties":{"stop_id":"7321","name":"HUTCHINSON AVE + SAVANNAH","weekday_trips":13,"routes":["71","P71"]}},{"type":"Feature","geometry":{"type":"Point","coordinates":[-79.892986,40.434972]},"properties":{"stop_id":"7322","name":"SAVANNAH AVE + OVERTON","weekday_trips":13,"routes":["71","P71"]}},{"type":"Feature","geometry":{"type":"Point","coordinates":[-79.893772,40.43631]},"properties":{"stop_id":"7323","name":"SAVANNAH AVE + WHITNEY","weekday_trips":13,"routes":["71","P71"]}},{"type":"Feature","geometry":{"type":"Point","coordinates":[-79.894215,40.437349]},"properties":{"stop_id":"7324","name":"SAVANNAH AVE + BIDDLE","weekday_trips":13,"routes":["71","P71"]}},{"type":"Feature","geometry":{"type":"Point","coordinates":[-79.894798,40.438659]},"properties":{"stop_id":"7325","name":"SAVANNAH AVE + UNION","weekday_trips":13,"routes":["71","P71"]}},{"type":"Feature","geometry":{"type":"Point","coordinates":[-79.89061,40.443714]},"properties":{"stop_id":"7329","name":"SOUTH AVE + WEST","weekday_trips":62,"routes":["71C"]}},{"type":"Feature","geometry":{"type":"Point","coordinates":[-80.033563,40.516855]},"properties":{"stop_id":"733","name":"WEST VIEW PARK DR + WEST VIEW TOWER","weekday_trips":92,"routes":["13","8"]}},{"type":"Feature","geometry":{"type":"Point","coordinates":[-79.888318,40.442946]},"properties":{"stop_id":"7330","name":"SOUTH AVE + PITT","weekday_trips":62,"routes":["71C"]}},{"type":"Feature","geometry":{"type":"Point","coordinates":[-79.894956,40.438905]},"properties":{"stop_id":"7334","name":"PEEBLES ST + GREEN","weekday_trips":13,"routes":["71","P71"]}},{"type":"Feature","geometry":{"type":"Point","coordinates":[-79.894371,40.437467]},"properties":{"stop_id":"7335","name":"SAVANNAH AVE + BIDDLE","weekday_trips":13,"routes":["71","P71"]}},{"type":"Feature","geometry":{"type":"Point","coordinates":[-79.893977,40.436564]},"properties":{"stop_id":"7336","name":"SAVANNAH AVE + WHITNEY","weekday_trips":13,"routes":["71","P71"]}},{"type":"Feature","geometry":{"type":"Point","coordinates":[-79.893153,40.435077]},"properties":{"stop_id":"7337","name":"SAVANNAH AVE + OVERTON","weekday_trips":13,"routes":["71","P71"]}},{"type":"Feature","geometry":{"type":"Point","coordinates":[-79.892269,40.433849]},"properties":{"stop_id":"7338","name":"SAVANNAH AVE + HUTCHINSON","weekday_trips":13,"routes":["71","P71"]}},{"type":"Feature","geometry":{"type":"Point","coordinates":[-79.893523,40.433122]},"properties":{"stop_id":"7339","name":"HUTCHINSON AVE + BRADDOCK","weekday_trips":13,"routes":["71","P71"]}},{"type":"Feature","geometry":{"type":"Point","coordinates":[-80.030472,40.506752]},"properties":{"stop_id":"734","name":"ROSS PARK AND RIDE AT SHELTERS (MIDDLE UPPER LOT)","weekday_trips":20,"routes":["O1"]}},{"type":"Feature","geometry":{"type":"Point","coordinates":[-79.866768,40.422958]},"properties":{"stop_id":"7347","name":"BRINTON RD + #1246","weekday_trips":21,"routes":["P68"]}},{"type":"Feature","geometry":{"type":"Point","coordinates":[-79.864288,40.422505]},"properties":{"stop_id":"7348","name":"BRINTON RD + WILKINS (BRADDOCK)","weekday_trips":21,"routes":["P68"]}},{"type":"Feature","geometry":{"type":"Point","coordinates":[-79.852425,40.421055]},"properties":{"stop_id":"7351","name":"ARDMORE BLVD + PARKWAY CENTER EAST","weekday_trips":35,"routes":["69","P69","P76"]}},{"type":"Feature","geometry":{"type":"Point","coordinates":[-79.850324,40.419799]},"properties":{"stop_id":"7352","name":"ARDMORE BLVD + BERKLEY","weekday_trips":35,"routes":["69","P69","P76"]}},{"type":"Feature","geometry":{"type":"Point","coordinates":[-79.848662,40.417437]},"properties":{"stop_id":"7353","name":"ARDMORE BLVD + KENMORE","weekday_trips":35,"routes":["69","P69","P76"]}},{"type":"Feature","geometry":{"type":"Point","coordinates":[-79.84803,40.415474]},"properties":{"stop_id":"7354","name":"YOST BLVD + ARDMORE F S","weekday_trips":26,"routes":["59"]}},{"type":"Feature","geometry":{"type":"Point","coordinates":[-79.855219,40.414495]},"properties":{"stop_id":"7357","name":"BRADDOCK HILLS SHOPPING CENTER + GIANT EAGLE","weekday_trips":293,"routes":["59","61A","61B","P68"]}},{"type":"Feature","geometry":{"type":"Point","coordinates":[-79.887434,40.424797]},"properties":{"stop_id":"7374","name":"EDGEWOOD TOWNE CENTRE + TOWNE CENTRE OFFICES","weekday_trips":8,"routes":["71","P71"]}},{"type":"Feature","geometry":{"type":"Point","coordinates":[-79.886398,40.427403]},"properties":{"stop_id":"7376","name":"EDGEWOOD TOWNE CENTRE + DOLLAR TREE","weekday_trips":16,"routes":["71","P71"]}},{"type":"Feature","geometry":{"type":"Point","coordinates":[-79.887289,40.42789]},"properties":{"stop_id":"7378","name":"EDGEWOOD TOWNE CENTRE + LAUNDRY ROOM","weekday_trips":16,"routes":["71","P71"]}},{"type":"Feature","geometry":{"type":"Point","coordinates":[-79.890305,40.421993]},"properties":{"stop_id":"7382","name":"CHURCH ST + MONONGAHELA","weekday_trips":34,"routes":["59","71","P71"]}},{"type":"Feature","geometry":{"type":"Point","coordinates":[-79.875153,40.407063]},"properties":{"stop_id":"7391","name":"BRADDOCK AVE + LINE","weekday_trips":61,"routes":["61B"]}},{"type":"Feature","geometry":{"type":"Point","coordinates":[-79.87165,40.405088]},"properties":{"stop_id":"7394","name":"BRADDOCK AVE + 4TH","weekday_trips":61,"routes":["61B"]}},{"type":"Feature","geometry":{"type":"Point","coordinates":[-79.869499,40.40388]},"properties":{"stop_id":"7396","name":"BRADDOCK AVE + COREY","weekday_trips":61,"routes":["61B"]}},{"type":"Feature","geometry":{"type":"Point","coordinates":[-79.864251,40.400063]},"properties":{"stop_id":"7399","name":"BRADDOCK AVE + 9TH","weekday_trips":60,"routes":["61A"]}},{"type":"Feature","geometry":{"type":"Point","coordinates":[-79.847828,40.406892]},"properties":{"stop_id":"7415","name":"BRINTON RD + MARY","weekday_trips":21,"routes":["P68"]}},{"type":"Feature","geometry":{"type":"Point","coordinates":[-79.849121,40.407733]},"properties":{"stop_id":"7416","name":"BRINTON RD + TURNER","weekday_trips":21,"routes":["P68"]}},{"type":"Feature","geometry":{"type":"Point","coordinates":[-79.850683,40.410093]},"properties":{"stop_id":"7418","name":"BRINTON RD + GENERAL BRADDOCK","weekday_trips":21,"routes":["P68"]}},{"type":"Feature","geometry":{"type":"Point","coordinates":[-79.85244,40.409817]},"properties":{"stop_id":"7419","name":"PRIVATE DR + BRINTON TOWERS","weekday_trips":42,"routes":["P68"]}},{"type":"Feature","geometry":{"type":"Point","coordinates":[-79.85611,40.412552]},"properties":{"stop_id":"7424","name":"BRINTON RD + YOST","weekday_trips":21,"routes":["P68"]}},{"type":"Feature","geometry":{"type":"Point","coordinates":[-79.848,40.415329]},"properties":{"stop_id":"7426","name":"YOST BLVD + ARDMORE","weekday_trips":26,"routes":["59"]}},{"type":"Feature","geometry":{"type":"Point","coordinates":[-79.848222,40.417161]},"properties":{"stop_id":"7429","name":"ARDMORE BLVD + SUMNER","weekday_trips":36,"routes":["69","P69","P76"]}},{"type":"Feature","geometry":{"type":"Point","coordinates":[-79.850124,40.419945]},"properties":{"stop_id":"7430","name":"ARDMORE BLVD + MARION FS","weekday_trips":36,"routes":["69","P69","P76"]}},{"type":"Feature","geometry":{"type":"Point","coordinates":[-79.852283,40.421244]},"properties":{"stop_id":"7431","name":"ARDMORE BLVD + 2 PARKWAY CENTER EAST","weekday_trips":36,"routes":["69","P69","P76"]}},{"type":"Feature","geometry":{"type":"Point","coordinates":[-79.854122,40.422156]},"properties":{"stop_id":"7432","name":"ARDMORE BLVD + CENTURION DR","weekday_trips":36,"routes":["69","P69","P76"]}},{"type":"Feature","geometry":{"type":"Point","coordinates":[-79.852257,40.41132]},"properties":{"stop_id":"7443","name":"BRINTON RD + BRINTON MANOR","weekday_trips":21,"routes":["P68"]}},{"type":"Feature","geometry":{"type":"Point","coordinates":[-79.849861,40.408711]},"properties":{"stop_id":"7447","name":"BRINTON RD + GENERAL BRADDOCK FS","weekday_trips":21,"routes":["P68"]}},{"type":"Feature","geometry":{"type":"Point","coordinates":[-79.847914,40.406878]},"properties":{"stop_id":"7449","name":"WOLFE AVE + MARY","weekday_trips":21,"routes":["P68"]}},{"type":"Feature","geometry":{"type":"Point","coordinates":[-79.865502,40.401087]},"properties":{"stop_id":"7466","name":"BRADDOCK AVE + LIBRARY","weekday_trips":60,"routes":["61A"]}},{"type":"Feature","geometry":{"type":"Point","coordinates":[-79.86645,40.401779]},"properties":{"stop_id":"7467","name":"BRADDOCK AVE + TURTLE CRK MENTAL HEALTH CTR","weekday_trips":86,"routes":["59","61A"]}},{"type":"Feature","geometry":{"type":"Point","coordinates":[-79.869163,40.403771]},"properties":{"stop_id":"7469","name":"BRADDOCK AVE + COREY","weekday_trips":74,"routes":["59","61B"]}},{"type":"Feature","geometry":{"type":"Point","coordinates":[-79.87114,40.404923]},"properties":{"stop_id":"7471","name":"BRADDOCK AVE + 4TH","weekday_trips":61,"routes":["61B"]}},{"type":"Feature","geometry":{"type":"Point","coordinates":[-79.873303,40.406126]},"properties":{"stop_id":"7473","name":"BRADDOCK AVE + 2ND","weekday_trips":61,"routes":["61B"]}},{"type":"Feature","geometry":{"type":"Point","coordinates":[-80.029244,40.360892]},"properties":{"stop_id":"75","name":"ST ANNE'S","weekday_trips":146,"routes":["BLUE","RED","SLVR"]}},{"type":"Feature","geometry":{"type":"Point","coordinates":[-79.857999,40.408289]},"properties":{"stop_id":"7533","name":"YOST BLVD + MAIN","weekday_trips":122,"routes":["59","61A","61B"]}},{"type":"Feature","geometry":{"type":"Point","coordinates":[-79.862579,40.403664]},"properties":{"stop_id":"7538","name":"JONES AVE + PARKVIEW","weekday_trips":86,"routes":["59","61A"]}},{"type":"Feature","geometry":{"type":"Point","coordinates":[-79.8655,40.401399]},"properties":{"stop_id":"7541","name":"LIBRARY ST + BRADDOCK","weekday_trips":26,"routes":["59"]}},{"type":"Feature","geometry":{"type":"Point","coordinates":[-79.867691,40.404901]},"properties":{"stop_id":"7542","name":"COREY AVE + MARGARETTA","weekday_trips":26,"routes":["59"]}},{"type":"Feature","geometry":{"type":"Point","coordinates":[-79.866276,40.406104]},"properties":{"stop_id":"7543","name":"COREY AVE + CENTER","weekday_trips":26,"routes":["59"]}},{"type":"Feature","geometry":{"type":"Point","coordinates":[-79.867125,40.40818]},"properties":{"stop_id":"7545","name":"COREY AVE + AJAX WAY","weekday_trips":26,"routes":["59"]}},{"type":"Feature","geometry":{"type":"Point","coordinates":[-79.866268,40.406372]},"properties":{"stop_id":"7555","name":"COREY AVE + CENTER","weekday_trips":26,"routes":["59"]}},{"type":"Feature","geometry":{"type":"Point","coordinates":[-79.867432,40.405158]},"properties":{"stop_id":"7556","name":"COREY AVE + MILLS","weekday_trips":26,"routes":["59"]}},{"type":"Feature","geometry":{"type":"Point","coordinates":[-79.869218,40.403976]},"properties":{"stop_id":"7557","name":"COREY AVE + BRADDOCK","weekday_trips":26,"routes":["59"]}},{"type":"Feature","geometry":{"type":"Point","coordinates":[-79.860882,40.404807]},"properties":{"stop_id":"7558","name":"JONES AVE + HAWKINS","weekday_trips":26,"routes":["59"]}},{"type":"Feature","geometry":{"type":"Point","coordinates":[-79.859516,40.405669]},"properties":{"stop_id":"7559","name":"JONES AVE + MILLER","weekday_trips":26,"routes":["59"]}},{"type":"Feature","geometry":{"type":"Point","coordinates":[-79.858462,40.406036]},"properties":{"stop_id":"7560","name":"JONES AVE + ZUERNER","weekday_trips":26,"routes":["59"]}},{"type":"Feature","geometry":{"type":"Point","coordinates":[-79.856384,40.412504]},"properties":{"stop_id":"7564","name":"YOST BLVD + BRINTON","weekday_trips":129,"routes":["59","61A","61B"]}},{"type":"Feature","geometry":{"type":"Point","coordinates":[-79.849412,40.408021]},"properties":{"stop_id":"7566","name":"WOLFE AVE + TURNER","weekday_trips":21,"routes":["P68"]}},{"type":"Feature","geometry":{"type":"Point","coordinates":[-80.029385,40.360648]},"properties":{"stop_id":"76","name":"ST ANNE'S","weekday_trips":146,"routes":["BLUE","RED","SLVR"]}},{"type":"Feature","geometry":{"type":"Point","coordinates":[-79.846274,40.458489]},"properties":{"stop_id":"7601","name":"LAKETON RD + LINDBERG","weekday_trips":22,"routes":["P78"]}},{"type":"Feature","geometry":{"type":"Point","coordinates":[-79.850183,40.457737]},"properties":{"stop_id":"7602","name":"LAKETON RD + CHURCHILL","weekday_trips":22,"routes":["P78"]}},{"type":"Feature","geometry":{"type":"Point","coordinates":[-79.851537,40.457986]},"properties":{"stop_id":"7603","name":"LAKETON RD + SOUTHERN","weekday_trips":22,"routes":["P78"]}},{"type":"Feature","geometry":{"type":"Point","coordinates":[-79.8554,40.45824]},"properties":{"stop_id":"7604","name":"LAKETON RD + HOWARD","weekday_trips":22,"routes":["P78"]}},{"type":"Feature","geometry":{"type":"Point","coordinates":[-79.857299,40.457142]},"properties":{"stop_id":"7605","name":"LAKETON RD + GRAHAM","weekday_trips":22,"routes":["P78"]}},{"type":"Feature","geometry":{"type":"Point","coordinates":[-79.860324,40.452656]},"properties":{"stop_id":"7609","name":"LAKETON RD + TURNER","weekday_trips":22,"routes":["P78"]}},{"type":"Feature","geometry":{"type":"Point","coordinates":[-79.862051,40.451068]},"properties":{"stop_id":"7610","name":"LAKETON RD + WINTON","weekday_trips":22,"routes":["P78"]}},{"type":"Feature","geometry":{"type":"Point","coordinates":[-79.86395,40.449238]},"properties":{"stop_id":"7611","name":"LAKETON RD + TURNER SCHOOL","weekday_trips":22,"routes":["P78"]}},{"type":"Feature","geometry":{"type":"Point","coordinates":[-79.865981,40.449168]},"properties":{"stop_id":"7612","name":"LAKETON RD + #1753","weekday_trips":22,"routes":["P78"]}},{"type":"Feature","geometry":{"type":"Point","coordinates":[-79.867791,40.448865]},"properties":{"stop_id":"7613","name":"MONTIER ST + LAKETON FS","weekday_trips":53,"routes":["79","P17","P78"]}},{"type":"Feature","geometry":{"type":"Point","coordinates":[-79.868676,40.448171]},"properties":{"stop_id":"7614","name":"MONTIER ST + #1823","weekday_trips":53,"routes":["79","P17","P78"]}},{"type":"Feature","geometry":{"type":"Point","coordinates":[-79.869738,40.447336]},"properties":{"stop_id":"7615","name":"MONTIER ST + HERR","weekday_trips":53,"routes":["79","P17","P78"]}},{"type":"Feature","geometry":{"type":"Point","coordinates":[-79.871115,40.446248]},"properties":{"stop_id":"7616","name":"MONTIER ST + BESSICA","weekday_trips":53,"routes":["79","P17","P78"]}},{"type":"Feature","geometry":{"type":"Point","coordinates":[-79.873897,40.445346]},"properties":{"stop_id":"7617","name":"MONTIER ST + #1449","weekday_trips":53,"routes":["79","P17","P78"]}},{"type":"Feature","geometry":{"type":"Point","coordinates":[-79.875496,40.444752]},"properties":{"stop_id":"7618","name":"PARK AVE + SWISSVALE","weekday_trips":53,"routes":["79","P17","P78"]}},{"type":"Feature","geometry":{"type":"Point","coordinates":[-79.876389,40.443817]},"properties":{"stop_id":"7619","name":"SWISSVALE AVE + HILL","weekday_trips":53,"routes":["79","P17","P78"]}},{"type":"Feature","geometry":{"type":"Point","coordinates":[-79.876846,40.443043]},"properties":{"stop_id":"7620","name":"SWISSVALE AVE + NORTH","weekday_trips":53,"routes":["79","P17","P78"]}},{"type":"Feature","geometry":{"type":"Point","coordinates":[-79.878797,40.442701]},"properties":{"stop_id":"7621","name":"WALLACE AVE + COAL","weekday_trips":109,"routes":["67","69","79","P17","P67","P78"]}},{"type":"Feature","geometry":{"type":"Point","coordinates":[-79.880181,40.443157]},"properties":{"stop_id":"7622","name":"WALLACE AVE + MILL","weekday_trips":109,"routes":["67","69","79","P17","P67","P78"]}},{"type":"Feature","geometry":{"type":"Point","coordinates":[-79.881346,40.443551]},"properties":{"stop_id":"7623","name":"WALLACE AVE + CENTER","weekday_trips":109,"routes":["67","69","79","P17","P67","P78"]}},{"type":"Feature","geometry":{"type":"Point","coordinates":[-79.884162,40.444485]},"properties":{"stop_id":"7624","name":"WALLACE AVE + WOOD","weekday_trips":120,"routes":["67","69","79","P16","P17","P67","P78"]}},{"type":"Feature","geometry":{"type":"Point","coordinates":[-79.885783,40.444335]},"properties":{"stop_id":"7625","name":"HAY ST + PENN AVE","weekday_trips":50,"routes":["67","69"]}},{"type":"Feature","geometry":{"type":"Point","coordinates":[-79.889183,40.445175]},"properties":{"stop_id":"7626","name":"PENN AVE + WEST","weekday_trips":50,"routes":["67","69"]}},{"type":"Feature","geometry":{"type":"Point","coordinates":[-79.893367,40.4466]},"properties":{"stop_id":"7628","name":"PENN AVE + BRUSHTON","weekday_trips":112,"routes":["67","69","71C"]}},{"type":"Feature","geometry":{"type":"Point","coordinates":[-79.894918,40.447112]},"properties":{"stop_id":"7629","name":"PENN AVE + BRADDOCK","weekday_trips":112,"routes":["67","69","71C"]}},{"type":"Feature","geometry":{"type":"Point","coordinates":[-79.898021,40.448143]},"properties":{"stop_id":"7630","name":"PENN AVE + CARNEGIE","weekday_trips":112,"routes":["67","69","71C"]}},{"type":"Feature","geometry":{"type":"Point","coordinates":[-79.899627,40.448678]},"properties":{"stop_id":"7631","name":"PENN AVE + LEXINGTON","weekday_trips":112,"routes":["67","69","71C"]}},{"type":"Feature","geometry":{"type":"Point","coordinates":[-79.90102,40.449141]},"properties":{"stop_id":"7632","name":"PENN AVE + HOMEWOOD","weekday_trips":112,"routes":["67","69","71C"]}},{"type":"Feature","geometry":{"type":"Point","coordinates":[-79.90346,40.449958]},"properties":{"stop_id":"7633","name":"PENN AVE + LANG","weekday_trips":112,"routes":["67","69","71C"]}},{"type":"Feature","geometry":{"type":"Point","coordinates":[-79.908455,40.45113]},"properties":{"stop_id":"7635","name":"DALLAS AVE + PENHAM","weekday_trips":50,"routes":["67","69"]}},{"type":"Feature","geometry":{"type":"Point","coordinates":[-79.910072,40.448921]},"properties":{"stop_id":"7637","name":"DALLAS AVE + REYNOLDS ST","weekday_trips":50,"routes":["67","69"]}},{"type":"Feature","geometry":{"type":"Point","coordinates":[-79.910794,40.447921]},"properties":{"stop_id":"7638","name":"DALLAS AVE + EDGERTON","weekday_trips":75,"routes":["67","69","74"]}},{"type":"Feature","geometry":{"type":"Point","coordinates":[-79.912966,40.446652]},"properties":{"stop_id":"7639","name":"WILKINS AVE + WORTH","weekday_trips":75,"routes":["67","69","74"]}},{"type":"Feature","geometry":{"type":"Point","coordinates":[-79.914378,40.446231]},"properties":{"stop_id":"7640","name":"WILKINS AVE + #6647","weekday_trips":75,"routes":["67","69","74"]}},{"type":"Feature","geometry":{"type":"Point","coordinates":[-79.91565,40.444862]},"properties":{"stop_id":"7641","name":"WILKINS AVE + BARNSDALE","weekday_trips":75,"routes":["67","69","74"]}},{"type":"Feature","geometry":{"type":"Point","coordinates":[-79.917577,40.444427]},"properties":{"stop_id":"7642","name":"WILKINS AVE + BEECHWOOD","weekday_trips":75,"routes":["67","69","74"]}},{"type":"Feature","geometry":{"type":"Point","coordinates":[-79.922085,40.443936]},"properties":{"stop_id":"7644","name":"WILKINS AVE + WOODLAND","weekday_trips":75,"routes":["67","69","74"]}},{"type":"Feature","geometry":{"type":"Point","coordinates":[-79.924123,40.44401]},"properties":{"stop_id":"7645","name":"WILKINS AVE + MURRAY","weekday_trips":50,"routes":["67","69"]}},{"type":"Feature","geometry":{"type":"Point","coordinates":[-79.925887,40.444065]},"properties":{"stop_id":"7646","name":"WILKINS AVE + NEGLEY","weekday_trips":50,"routes":["67","69"]}},{"type":"Feature","geometry":{"type":"Point","coordinates":[-79.927666,40.4441]},"properties":{"stop_id":"7647","name":"WILKINS AVE + WIGHTMAN","weekday_trips":50,"routes":["67","69"]}},{"type":"Feature","geometry":{"type":"Point","coordinates":[-79.929084,40.444708]},"properties":{"stop_id":"7648","name":"WILKINS AVE + BELLEROCK","weekday_trips":50,"routes":["67","69"]}},{"type":"Feature","geometry":{"type":"Point","coordinates":[-79.933291,40.44551]},"properties":{"stop_id":"7651","name":"BEELER ST + BEELERMONT","weekday_trips":50,"routes":["67","69"]}},{"type":"Feature","geometry":{"type":"Point","coordinates":[-79.936546,40.444969]},"properties":{"stop_id":"7653","name":"BEELER ST + UNGER","weekday_trips":50,"routes":["67","69"]}},{"type":"Feature","geometry":{"type":"Point","coordinates":[-79.938608,40.444045]},"properties":{"stop_id":"7654","name":"BEELER ST + FORBES","weekday_trips":50,"routes":["67","69"]}},{"type":"Feature","geometry":{"type":"Point","coordinates":[-79.938416,40.444042]},"properties":{"stop_id":"7672","name":"BEELER ST + FORBES FS","weekday_trips":47,"routes":["67","69"]}},{"type":"Feature","geometry":{"type":"Point","coordinates":[-79.936356,40.444956]},"properties":{"stop_id":"7673","name":"BEELER ST + UNGER FS","weekday_trips":47,"routes":["67","69"]}},{"type":"Feature","geometry":{"type":"Point","coordinates":[-79.933369,40.445417]},"properties":{"stop_id":"7675","name":"BEELER ST + BEELERMONT","weekday_trips":47,"routes":["67","69"]}},{"type":"Feature","geometry":{"type":"Point","coordinates":[-79.931889,40.44554]},"properties":{"stop_id":"7676","name":"BEELER ST + #5362","weekday_trips":47,"routes":["67","69"]}},{"type":"Feature","geometry":{"type":"Point","coordinates":[-79.92937,40.44476]},"properties":{"stop_id":"7678","name":"WILKINS AVE + BELLEROCK","weekday_trips":47,"routes":["67","69"]}},{"type":"Feature","geometry":{"type":"Point","coordinates":[-79.928063,40.444145]},"properties":{"stop_id":"7679","name":"WILKINS AVE + WIGHTMAN","weekday_trips":47,"routes":["67","69"]}},{"type":"Feature","geometry":{"type":"Point","coordinates":[-79.926113,40.444004]},"properties":{"stop_id":"7680","name":"WILKINS AVE + NEGLEY","weekday_trips":47,"routes":["67","69"]}},{"type":"Feature","geometry":{"type":"Point","coordinates":[-79.924156,40.443947]},"properties":{"stop_id":"7681","name":"WILKINS AVE + MURRAY","weekday_trips":47,"routes":["67","69"]}},{"type":"Feature","geometry":{"type":"Point","coordinates":[-79.922165,40.443894]},"properties":{"stop_id":"7682","name":"WILKINS AVE + WOODLAND","weekday_trips":72,"routes":["67","69","74"]}},{"type":"Feature","geometry":{"type":"Point","coordinates":[-79.920075,40.44389]},"properties":{"stop_id":"7683","name":"WILKINS AVE + SHADY FS","weekday_trips":72,"routes":["67","69","74"]}},{"type":"Feature","geometry":{"type":"Point","coordinates":[-79.917918,40.444284]},"properties":{"stop_id":"7684","name":"WILKINS AVE + BEECHWOOD","weekday_trips":72,"routes":["67","69","74"]}},{"type":"Feature","geometry":{"type":"Point","coordinates":[-79.915685,40.444777]},"properties":{"stop_id":"7685","name":"WILKINS AVE + BARNSDALE","weekday_trips":72,"routes":["67","69","74"]}},{"type":"Feature","geometry":{"type":"Point","coordinates":[-79.914475,40.446049]},"properties":{"stop_id":"7686","name":"WILKINS AVE + #6640","weekday_trips":72,"routes":["67","69","74"]}},{"type":"Feature","geometry":{"type":"Point","coordinates":[-79.912842,40.446621]},"properties":{"stop_id":"7687","name":"WILKINS AVE + WORTH","weekday_trips":72,"routes":["67","69","74"]}},{"type":"Feature","geometry":{"type":"Point","coordinates":[-79.910896,40.44764]},"properties":{"stop_id":"7688","name":"DALLAS AVE + EDGERTON","weekday_trips":72,"routes":["67","69","74"]}},{"type":"Feature","geometry":{"type":"Point","coordinates":[-79.910179,40.448649]},"properties":{"stop_id":"7689","name":"DALLAS AVE + REYNOLDS ST","weekday_trips":73,"routes":["67","69","74"]}},{"type":"Feature","geometry":{"type":"Point","coordinates":[-79.908302,40.451229]},"properties":{"stop_id":"7691","name":"DALLAS AVE + PENN","weekday_trips":48,"routes":["67","69"]}},{"type":"Feature","geometry":{"type":"Point","coordinates":[-79.906082,40.450745]},"properties":{"stop_id":"7692","name":"PENN AVE + MURTLAND","weekday_trips":110,"routes":["67","69","71C"]}},{"type":"Feature","geometry":{"type":"Point","coordinates":[-79.903908,40.450016]},"properties":{"stop_id":"7693","name":"PENN AVE + LANG","weekday_trips":110,"routes":["67","69","71C"]}},{"type":"Feature","geometry":{"type":"Point","coordinates":[-79.901458,40.449179]},"properties":{"stop_id":"7694","name":"PENN AVE + HOMEWOOD","weekday_trips":110,"routes":["67","69","71C"]}},{"type":"Feature","geometry":{"type":"Point","coordinates":[-79.899721,40.448606]},"properties":{"stop_id":"7695","name":"PENN AVE + LEXINGTON","weekday_trips":110,"routes":["67","69","71C"]}},{"type":"Feature","geometry":{"type":"Point","coordinates":[-79.895355,40.447144]},"properties":{"stop_id":"7697","name":"PENN AVE + BRADDOCK","weekday_trips":110,"routes":["67","69","71C"]}},{"type":"Feature","geometry":{"type":"Point","coordinates":[-79.894096,40.446739]},"properties":{"stop_id":"7698","name":"PENN AVE + EAST END","weekday_trips":110,"routes":["67","69","71C"]}},{"type":"Feature","geometry":{"type":"Point","coordinates":[-80.002671,40.431324]},"properties":{"stop_id":"77","name":"STATION SQUARE STATION","weekday_trips":146,"routes":["BLUE","RED","SLVR"]}},{"type":"Feature","geometry":{"type":"Point","coordinates":[-79.889755,40.445282]},"properties":{"stop_id":"7700","name":"PENN AVE + WEST","weekday_trips":48,"routes":["67","69"]}},{"type":"Feature","geometry":{"type":"Point","coordinates":[-79.886971,40.443813]},"properties":{"stop_id":"7701","name":"SAWYER WAY + EAST BUSWAY STEPS","weekday_trips":48,"routes":["67","69"]}},{"type":"Feature","geometry":{"type":"Point","coordinates":[-79.882529,40.44196]},"properties":{"stop_id":"7703","name":"ROSS AVE + CENTER","weekday_trips":172,"routes":["61A","67","69","79","P17","P67","P69","P78"]}},{"type":"Feature","geometry":{"type":"Point","coordinates":[-79.881394,40.441581]},"properties":{"stop_id":"7704","name":"ROSS AVE + MILL","weekday_trips":172,"routes":["61A","67","69","79","P17","P67","P69","P78"]}},{"type":"Feature","geometry":{"type":"Point","coordinates":[-79.877937,40.44088]},"properties":{"stop_id":"7707","name":"SWISSVALE AVE + STONER WAY","weekday_trips":54,"routes":["79","P17","P78"]}},{"type":"Feature","geometry":{"type":"Point","coordinates":[-79.87748,40.441654]},"properties":{"stop_id":"7708","name":"SWISSVALE AVE + PENN FS","weekday_trips":54,"routes":["79","P17","P78"]}},{"type":"Feature","geometry":{"type":"Point","coordinates":[-79.876816,40.442848]},"properties":{"stop_id":"7709","name":"SWISSVALE AVE + NORTH","weekday_trips":54,"routes":["79","P17","P78"]}},{"type":"Feature","geometry":{"type":"Point","coordinates":[-79.876358,40.44363]},"properties":{"stop_id":"7710","name":"SWISSVALE AVE + HILL","weekday_trips":54,"routes":["79","P17","P78"]}},{"type":"Feature","geometry":{"type":"Point","coordinates":[-79.875846,40.444534]},"properties":{"stop_id":"7711","name":"SWISSVALE AVE + PARK","weekday_trips":54,"routes":["79","P17","P78"]}},{"type":"Feature","geometry":{"type":"Point","coordinates":[-79.87391,40.445206]},"properties":{"stop_id":"7713","name":"MONTIER ST + #1438","weekday_trips":54,"routes":["79","P17","P78"]}},{"type":"Feature","geometry":{"type":"Point","coordinates":[-79.871688,40.4459]},"properties":{"stop_id":"7714","name":"MONTIER ST + PARK","weekday_trips":54,"routes":["79","P17","P78"]}},{"type":"Feature","geometry":{"type":"Point","coordinates":[-79.870451,40.446617]},"properties":{"stop_id":"7715","name":"MONTIER ST + LABELLE","weekday_trips":54,"routes":["79","P17","P78"]}},{"type":"Feature","geometry":{"type":"Point","coordinates":[-79.869739,40.447187]},"properties":{"stop_id":"7716","name":"MONTIER ST + HERR","weekday_trips":54,"routes":["79","P17","P78"]}},{"type":"Feature","geometry":{"type":"Point","coordinates":[-79.868626,40.448069]},"properties":{"stop_id":"7717","name":"MONTIER ST + #1824","weekday_trips":54,"routes":["79","P17","P78"]}},{"type":"Feature","geometry":{"type":"Point","coordinates":[-79.866019,40.449086]},"properties":{"stop_id":"7719","name":"LAKETON RD + #1746","weekday_trips":22,"routes":["P78"]}},{"type":"Feature","geometry":{"type":"Point","coordinates":[-79.860411,40.452484]},"properties":{"stop_id":"7723","name":"LAKETON RD + TURNER","weekday_trips":22,"routes":["P78"]}},{"type":"Feature","geometry":{"type":"Point","coordinates":[-79.859048,40.453389]},"properties":{"stop_id":"7724","name":"LAKETON RD + COLLINS","weekday_trips":22,"routes":["P78"]}},{"type":"Feature","geometry":{"type":"Point","coordinates":[-79.85837,40.454609]},"properties":{"stop_id":"7725","name":"LAKETON RD + DOUGLAS PLAZA APTS","weekday_trips":22,"routes":["P78"]}},{"type":"Feature","geometry":{"type":"Point","coordinates":[-79.8552,40.458224]},"properties":{"stop_id":"7726","name":"LAKETON RD + WOODGATE","weekday_trips":22,"routes":["P78"]}},{"type":"Feature","geometry":{"type":"Point","coordinates":[-79.851529,40.457923]},"properties":{"stop_id":"7727","name":"LAKETON RD + SOUTHERN","weekday_trips":22,"routes":["P78"]}},{"type":"Feature","geometry":{"type":"Point","coordinates":[-79.850241,40.457677]},"properties":{"stop_id":"7728","name":"LAKETON RD + CHURCHILL","weekday_trips":22,"routes":["P78"]}},{"type":"Feature","geometry":{"type":"Point","coordinates":[-79.846344,40.458387]},"properties":{"stop_id":"7729","name":"LAKETON RD + LINDBERG","weekday_trips":22,"routes":["P78"]}},{"type":"Feature","geometry":{"type":"Point","coordinates":[-79.847354,40.415731]},"properties":{"stop_id":"7786","name":"ARDMORE BLVD + YOST","weekday_trips":36,"routes":["69","P69","P76"]}},{"type":"Feature","geometry":{"type":"Point","coordinates":[-79.859163,40.424638]},"properties":{"stop_id":"7787","name":"ARDMORE BLVD + BRADDOCK","weekday_trips":36,"routes":["69","P69","P76"]}},{"type":"Feature","geometry":{"type":"Point","coordinates":[-79.861445,40.425796]},"properties":{"stop_id":"7788","name":"ARDMORE BLVD + NEWPORT","weekday_trips":36,"routes":["69","P69","P76"]}},{"type":"Feature","geometry":{"type":"Point","coordinates":[-79.862778,40.427036]},"properties":{"stop_id":"7789","name":"ARDMORE BLVD + BEVINGTON","weekday_trips":36,"routes":["69","P69","P76"]}},{"type":"Feature","geometry":{"type":"Point","coordinates":[-79.864037,40.431347]},"properties":{"stop_id":"7791","name":"ARDMORE BLVD + BRYN MAWR NS","weekday_trips":36,"routes":["69","P69","P76"]}},{"type":"Feature","geometry":{"type":"Point","coordinates":[-79.873154,40.43681]},"properties":{"stop_id":"7793","name":"ARDMORE BLVD + REBECCA FS","weekday_trips":49,"routes":["69","P68","P69"]}},{"type":"Feature","geometry":{"type":"Point","coordinates":[-79.87835,40.439703]},"properties":{"stop_id":"7796","name":"SOUTH AVE + SWISSVALE","weekday_trips":59,"routes":["69","P12","P68","P69"]}},{"type":"Feature","geometry":{"type":"Point","coordinates":[-80.003158,40.431606]},"properties":{"stop_id":"78","name":"STATION SQUARE STATION","weekday_trips":146,"routes":["BLUE","RED","SLVR"]}},{"type":"Feature","geometry":{"type":"Point","coordinates":[-79.877883,40.437594]},"properties":{"stop_id":"7805","name":"REBECCA ST + ELLA","weekday_trips":49,"routes":["69","P68","P69"]}},{"type":"Feature","geometry":{"type":"Point","coordinates":[-79.876099,40.437095]},"properties":{"stop_id":"7806","name":"REBECCA ST + CRAFT","weekday_trips":49,"routes":["69","P68","P69"]}},{"type":"Feature","geometry":{"type":"Point","coordinates":[-79.873568,40.436802]},"properties":{"stop_id":"7807","name":"REBECCA ST + ARDMORE","weekday_trips":49,"routes":["69","P68","P69"]}},{"type":"Feature","geometry":{"type":"Point","coordinates":[-79.871733,40.43563]},"properties":{"stop_id":"7808","name":"ARDMORE BLVD + BRINTON","weekday_trips":56,"routes":["69","P68","P69","P76"]}},{"type":"Feature","geometry":{"type":"Point","coordinates":[-79.863869,40.429678]},"properties":{"stop_id":"7810","name":"ARDMORE BLVD + LAFAYETTE","weekday_trips":35,"routes":["69","P69","P76"]}},{"type":"Feature","geometry":{"type":"Point","coordinates":[-79.862889,40.426767]},"properties":{"stop_id":"7811","name":"ARDMORE BLVD + BEVINGTON FS","weekday_trips":35,"routes":["69","P69","P76"]}},{"type":"Feature","geometry":{"type":"Point","coordinates":[-79.861761,40.425711]},"properties":{"stop_id":"7812","name":"ARDMORE BLVD + NEWPORT","weekday_trips":35,"routes":["69","P69","P76"]}},{"type":"Feature","geometry":{"type":"Point","coordinates":[-79.859664,40.424643]},"properties":{"stop_id":"7813","name":"ARDMORE BLVD + BRADDOCK","weekday_trips":35,"routes":["69","P69","P76"]}},{"type":"Feature","geometry":{"type":"Point","coordinates":[-79.854668,40.422174]},"properties":{"stop_id":"7814","name":"ARDMORE BLVD + FAIRFAX","weekday_trips":35,"routes":["69","P69","P76"]}},{"type":"Feature","geometry":{"type":"Point","coordinates":[-79.847515,40.415479]},"properties":{"stop_id":"7815","name":"ARDMORE BLVD + YOST FS","weekday_trips":35,"routes":["69","P69","P76"]}},{"type":"Feature","geometry":{"type":"Point","coordinates":[-79.995472,40.441557]},"properties":{"stop_id":"7874","name":"GRANT ST + STRAWBERRY WAY (US STEEL TOWER)","weekday_trips":101,"routes":["P1"]}},{"type":"Feature","geometry":{"type":"Point","coordinates":[-79.853103,40.446023]},"properties":{"stop_id":"7897","name":"WM PENN HWY + #2295","weekday_trips":43,"routes":["67","P16","P67"]}},{"type":"Feature","geometry":{"type":"Point","coordinates":[-80.03364,40.399491]},"properties":{"stop_id":"79","name":"STEVENSON","weekday_trips":62,"routes":["RED"]}},{"type":"Feature","geometry":{"type":"Point","coordinates":[-79.863172,40.444409]},"properties":{"stop_id":"7900","name":"PENN AVE + FINDLEY DR EAST","weekday_trips":43,"routes":["67","P16","P67"]}},{"type":"Feature","geometry":{"type":"Point","coordinates":[-79.864586,40.444028]},"properties":{"stop_id":"7901","name":"PENN AVE + FINDLEY DR WEST (BEACON HILL)","weekday_trips":43,"routes":["67","P16","P67"]}},{"type":"Feature","geometry":{"type":"Point","coordinates":[-79.864417,40.443978]},"properties":{"stop_id":"7902","name":"PENN AVE + BEACON HILL DR FS","weekday_trips":41,"routes":["67","P16","P67"]}},{"type":"Feature","geometry":{"type":"Point","coordinates":[-79.863396,40.444267]},"properties":{"stop_id":"7903","name":"PENN AVE + FINDLEY DR EAST","weekday_trips":41,"routes":["67","P16","P67"]}},{"type":"Feature","geometry":{"type":"Point","coordinates":[-79.861177,40.444677]},"properties":{"stop_id":"7904","name":"PENN AVE + GREENSBURG PIKE","weekday_trips":41,"routes":["67","P16","P67"]}},{"type":"Feature","geometry":{"type":"Point","coordinates":[-79.858649,40.445107]},"properties":{"stop_id":"7905","name":"WM PENN HWY + GRAHAM","weekday_trips":41,"routes":["67","P16","P67"]}},{"type":"Feature","geometry":{"type":"Point","coordinates":[-79.855523,40.445553]},"properties":{"stop_id":"7906","name":"WM PENN HWY + MCCREA","weekday_trips":41,"routes":["67","P16","P67"]}},{"type":"Feature","geometry":{"type":"Point","coordinates":[-79.850201,40.446052]},"properties":{"stop_id":"7907","name":"WILLIAM PENN HWY + CHURCHILL BORO BLDG","weekday_trips":41,"routes":["67","P16","P67"]}},{"type":"Feature","geometry":{"type":"Point","coordinates":[-79.865893,40.443665]},"properties":{"stop_id":"7946","name":"PENN AVE + BRITTANY APTS (#1717)","weekday_trips":43,"routes":["67","P16","P67"]}},{"type":"Feature","geometry":{"type":"Point","coordinates":[-79.867678,40.442679]},"properties":{"stop_id":"7948","name":"PENN AVE + AMBASSADOR APTS","weekday_trips":32,"routes":["67","P67"]}},{"type":"Feature","geometry":{"type":"Point","coordinates":[-79.871589,40.440823]},"properties":{"stop_id":"7950","name":"PENN AVE + PRINCETON","weekday_trips":32,"routes":["67","P67"]}},{"type":"Feature","geometry":{"type":"Point","coordinates":[-79.874687,40.439571]},"properties":{"stop_id":"7951","name":"PENN AVE + ANGELA","weekday_trips":32,"routes":["67","P67"]}},{"type":"Feature","geometry":{"type":"Point","coordinates":[-79.877391,40.44129]},"properties":{"stop_id":"7952","name":"PENN AVE + SWISSVALE (DISCH ONLY)","weekday_trips":32,"routes":["67","P67"]}},{"type":"Feature","geometry":{"type":"Point","coordinates":[-79.874949,40.439489]},"properties":{"stop_id":"7965","name":"PENN AVE + MIDLAND","weekday_trips":30,"routes":["67","P67"]}},{"type":"Feature","geometry":{"type":"Point","coordinates":[-79.87188,40.440518]},"properties":{"stop_id":"7966","name":"PENN AVE + PRINCETON","weekday_trips":30,"routes":["67","P67"]}},{"type":"Feature","geometry":{"type":"Point","coordinates":[-79.869064,40.441915]},"properties":{"stop_id":"7967","name":"PENN AVE + WEBER","weekday_trips":1,"routes":["67"]}},{"type":"Feature","geometry":{"type":"Point","coordinates":[-79.867884,40.442463]},"properties":{"stop_id":"7968","name":"PENN AVE + SUPERIOR","weekday_trips":30,"routes":["67","P67"]}},{"type":"Feature","geometry":{"type":"Point","coordinates":[-79.866739,40.4431]},"properties":{"stop_id":"7969","name":"PENN AVE + SUMMIT","weekday_trips":1,"routes":["67"]}},{"type":"Feature","geometry":{"type":"Point","coordinates":[-79.865578,40.443661]},"properties":{"stop_id":"7970","name":"PENN AVE + FAIRMONT","weekday_trips":41,"routes":["67","P16","P67"]}},{"type":"Feature","geometry":{"type":"Point","coordinates":[-80.023183,40.498387]},"properties":{"stop_id":"798","name":"CONNIE DR + MULKERIN","weekday_trips":33,"routes":["17"]}},{"type":"Feature","geometry":{"type":"Point","coordinates":[-80.024634,40.499406]},"properties":{"stop_id":"799","name":"CONNIE DR + MERWOOD","weekday_trips":33,"routes":["17"]}},{"type":"Feature","geometry":{"type":"Point","coordinates":[-79.922059,40.434827]},"properties":{"stop_id":"7993","name":"BEACON ST + MURRAY FS","weekday_trips":33,"routes":["65","74"]}},{"type":"Feature","geometry":{"type":"Point","coordinates":[-79.91908,40.435268]},"properties":{"stop_id":"7994","name":"BEACON ST + SHADY","weekday_trips":33,"routes":["65","74"]}},{"type":"Feature","geometry":{"type":"Point","coordinates":[-79.916228,40.436351]},"properties":{"stop_id":"7996","name":"MULHATTON ST + DARLINGTON","weekday_trips":8,"routes":["65"]}},{"type":"Feature","geometry":{"type":"Point","coordinates":[-79.913774,40.436193]},"properties":{"stop_id":"7997","name":"DARLINGTON RD + BEACON","weekday_trips":8,"routes":["65"]}},{"type":"Feature","geometry":{"type":"Point","coordinates":[-79.912188,40.434269]},"properties":{"stop_id":"7999","name":"BEECHWOOD BLVD + FOREST GLEN","weekday_trips":8,"routes":["65"]}},{"type":"Feature","geometry":{"type":"Point","coordinates":[-80.015516,40.450237]},"properties":{"stop_id":"8","name":"RIDGE AVE + GALVESTON","weekday_trips":12,"routes":["18"]}},{"type":"Feature","geometry":{"type":"Point","coordinates":[-80.033939,40.399293]},"properties":{"stop_id":"80","name":"STEVENSON","weekday_trips":62,"routes":["RED"]}},{"type":"Feature","geometry":{"type":"Point","coordinates":[-79.915624,40.429335]},"properties":{"stop_id":"8004","name":"BEECHWOOD BLVD + #2530","weekday_trips":9,"routes":["65"]}},{"type":"Feature","geometry":{"type":"Point","coordinates":[-79.916127,40.42804]},"properties":{"stop_id":"8005","name":"BEECHWOOD BLVD + FORWARD","weekday_trips":9,"routes":["65"]}},{"type":"Feature","geometry":{"type":"Point","coordinates":[-79.916849,40.4262]},"properties":{"stop_id":"8006","name":"BEECHWOOD BLVD + ANITA AVE (MONITOR)","weekday_trips":34,"routes":["65","74"]}},{"type":"Feature","geometry":{"type":"Point","coordinates":[-79.919099,40.426646]},"properties":{"stop_id":"8007","name":"BEECHWOOD BLVD + TILBURY","weekday_trips":59,"routes":["65","74"]}},{"type":"Feature","geometry":{"type":"Point","coordinates":[-79.918504,40.428336]},"properties":{"stop_id":"8009","name":"TILBURY AVE + FORWARD","weekday_trips":34,"routes":["65","74"]}},{"type":"Feature","geometry":{"type":"Point","coordinates":[-79.920907,40.429144]},"properties":{"stop_id":"8010","name":"FORWARD AVE + SHADY","weekday_trips":9,"routes":["65"]}},{"type":"Feature","geometry":{"type":"Point","coordinates":[-79.923314,40.429792]},"properties":{"stop_id":"8011","name":"FORWARD AVE + MURRAY","weekday_trips":9,"routes":["65"]}},{"type":"Feature","geometry":{"type":"Point","coordinates":[-79.927243,40.429316]},"properties":{"stop_id":"8012","name":"POCUSSETT ST + WIGHTMAN","weekday_trips":9,"routes":["65"]}},{"type":"Feature","geometry":{"type":"Point","coordinates":[-79.92745,40.431402]},"properties":{"stop_id":"8014","name":"WIGHTMAN ST + PHILLIPS FS","weekday_trips":9,"routes":["65"]}},{"type":"Feature","geometry":{"type":"Point","coordinates":[-79.927492,40.432455]},"properties":{"stop_id":"8015","name":"WIGHTMAN ST + HOBART","weekday_trips":9,"routes":["65"]}},{"type":"Feature","geometry":{"type":"Point","coordinates":[-79.927551,40.433976]},"properties":{"stop_id":"8016","name":"WIGHTMAN ST + BEACON","weekday_trips":9,"routes":["65"]}},{"type":"Feature","geometry":{"type":"Point","coordinates":[-79.928991,40.434009]},"properties":{"stop_id":"8017","name":"BEACON ST + WENDOVER","weekday_trips":38,"routes":["65","93"]}},{"type":"Feature","geometry":{"type":"Point","coordinates":[-79.932093,40.433615]},"properties":{"stop_id":"8019","name":"BEACON ST + #5414","weekday_trips":38,"routes":["65","93"]}},{"type":"Feature","geometry":{"type":"Point","coordinates":[-80.02814,40.50015]},"properties":{"stop_id":"802","name":"CONNIE DR + #110","weekday_trips":33,"routes":["17"]}},{"type":"Feature","geometry":{"type":"Point","coordinates":[-79.95856,40.435976]},"properties":{"stop_id":"8025","name":"BLVD OF ALLIES + HALKET FS","weekday_trips":38,"routes":["65","93"]}},{"type":"Feature","geometry":{"type":"Point","coordinates":[-79.96137,40.4359]},"properties":{"stop_id":"8026","name":"BLVD OF ALLIES + CRAFT","weekday_trips":38,"routes":["65","93"]}},{"type":"Feature","geometry":{"type":"Point","coordinates":[-80.029161,40.499214]},"properties":{"stop_id":"803","name":"CONNIE DR + JACKS RUN","weekday_trips":33,"routes":["17"]}},{"type":"Feature","geometry":{"type":"Point","coordinates":[-79.960915,40.435781]},"properties":{"stop_id":"8033","name":"BLVD OF ALLIES + CRAFT FS","weekday_trips":57,"routes":["58","65","93"]}},{"type":"Feature","geometry":{"type":"Point","coordinates":[-79.958325,40.435796]},"properties":{"stop_id":"8034","name":"BLVD OF ALLIES + HALKET ST","weekday_trips":57,"routes":["58","65","93"]}},{"type":"Feature","geometry":{"type":"Point","coordinates":[-79.932488,40.433452]},"properties":{"stop_id":"8039","name":"BEACON ST + #5414","weekday_trips":37,"routes":["65","93"]}},{"type":"Feature","geometry":{"type":"Point","coordinates":[-79.930687,40.433678]},"properties":{"stop_id":"8040","name":"BEACON ST + MURDOCH","weekday_trips":37,"routes":["65","93"]}},{"type":"Feature","geometry":{"type":"Point","coordinates":[-79.929223,40.433866]},"properties":{"stop_id":"8041","name":"BEACON ST + WENDOVER","weekday_trips":37,"routes":["65","93"]}},{"type":"Feature","geometry":{"type":"Point","coordinates":[-79.928029,40.434014]},"properties":{"stop_id":"8042","name":"BEACON ST + WIGHTMAN","weekday_trips":37,"routes":["65","93"]}},{"type":"Feature","geometry":{"type":"Point","coordinates":[-79.924881,40.434444]},"properties":{"stop_id":"8043","name":"BEACON ST + MUNHALL","weekday_trips":37,"routes":["65","93"]}},{"type":"Feature","geometry":{"type":"Point","coordinates":[-79.852124,40.411363]},"properties":{"stop_id":"8047","name":"BRINTON RD + BRINTON MANOR","weekday_trips":21,"routes":["P68"]}},{"type":"Feature","geometry":{"type":"Point","coordinates":[-79.857638,40.412794]},"properties":{"stop_id":"8048","name":"BRINTON RD + #1584","weekday_trips":21,"routes":["P68"]}},{"type":"Feature","geometry":{"type":"Point","coordinates":[-79.858935,40.419935]},"properties":{"stop_id":"8050","name":"BRINTON RD + RIDGE","weekday_trips":21,"routes":["P68"]}},{"type":"Feature","geometry":{"type":"Point","coordinates":[-79.861297,40.421573]},"properties":{"stop_id":"8051","name":"BRINTON RD + FAIRFAX","weekday_trips":21,"routes":["P68"]}},{"type":"Feature","geometry":{"type":"Point","coordinates":[-79.863913,40.422472]},"properties":{"stop_id":"8052","name":"BRINTON RD + BRADDOCK","weekday_trips":21,"routes":["P68"]}},{"type":"Feature","geometry":{"type":"Point","coordinates":[-79.868521,40.424572]},"properties":{"stop_id":"8053","name":"BRINTON RD + COLUMBIA","weekday_trips":21,"routes":["P68"]}},{"type":"Feature","geometry":{"type":"Point","coordinates":[-79.869124,40.42544]},"properties":{"stop_id":"8054","name":"BRINTON RD + MCKELVEY","weekday_trips":21,"routes":["P68"]}},{"type":"Feature","geometry":{"type":"Point","coordinates":[-79.872985,40.427647]},"properties":{"stop_id":"8056","name":"BRINTON RD + KINGS","weekday_trips":21,"routes":["P68"]}},{"type":"Feature","geometry":{"type":"Point","coordinates":[-79.874237,40.429009]},"properties":{"stop_id":"8057","name":"BRINTON RD + WESTINGHOUSE COMPUTER CTR","weekday_trips":21,"routes":["P68"]}},{"type":"Feature","geometry":{"type":"Point","coordinates":[-79.871658,40.435371]},"properties":{"stop_id":"8061","name":"BRINTON RD + ARDMORE","weekday_trips":21,"routes":["P68"]}},{"type":"Feature","geometry":{"type":"Point","coordinates":[-79.880105,40.440284]},"properties":{"stop_id":"8062","name":"SOUTH AVE + COAL","weekday_trips":25,"routes":["P68","P69"]}},{"type":"Feature","geometry":{"type":"Point","coordinates":[-80.018034,40.489052]},"properties":{"stop_id":"809","name":"PERRYSVILLE AVE + PERRY ACADEMY","weekday_trips":84,"routes":["15","8"]}},{"type":"Feature","geometry":{"type":"Point","coordinates":[-80.028173,40.353933]},"properties":{"stop_id":"81","name":"WASHINGTON JUNCTION","weekday_trips":161,"routes":["BLUE","RED","SLVR"]}},{"type":"Feature","geometry":{"type":"Point","coordinates":[-80.016822,40.488237]},"properties":{"stop_id":"810","name":"PERRYSVILLE AVE + #3835","weekday_trips":84,"routes":["15","8"]}},{"type":"Feature","geometry":{"type":"Point","coordinates":[-80.016344,40.487333]},"properties":{"stop_id":"811","name":"PERRYSVILLE AVE + SEMICIR","weekday_trips":84,"routes":["15","8"]}},{"type":"Feature","geometry":{"type":"Point","coordinates":[-79.874301,40.428987]},"properties":{"stop_id":"8110","name":"BRINTON RD + #1001","weekday_trips":21,"routes":["P68"]}},{"type":"Feature","geometry":{"type":"Point","coordinates":[-79.873035,40.427615]},"properties":{"stop_id":"8111","name":"BRINTON RD + KINGS","weekday_trips":21,"routes":["P68"]}},{"type":"Feature","geometry":{"type":"Point","coordinates":[-79.869246,40.425455]},"properties":{"stop_id":"8113","name":"BRINTON RD + MCKELVEY","weekday_trips":21,"routes":["P68"]}},{"type":"Feature","geometry":{"type":"Point","coordinates":[-79.868618,40.424634]},"properties":{"stop_id":"8114","name":"BRINTON RD + COLUMBIA","weekday_trips":21,"routes":["P68"]}},{"type":"Feature","geometry":{"type":"Point","coordinates":[-79.861324,40.421522]},"properties":{"stop_id":"8115","name":"BRINTON RD + FAIRFAX","weekday_trips":21,"routes":["P68"]}},{"type":"Feature","geometry":{"type":"Point","coordinates":[-79.858995,40.419919]},"properties":{"stop_id":"8116","name":"BRINTON RD + RIDGE","weekday_trips":21,"routes":["P68"]}},{"type":"Feature","geometry":{"type":"Point","coordinates":[-79.857734,40.41279]},"properties":{"stop_id":"8118","name":"BRINTON RD + #1584","weekday_trips":21,"routes":["P68"]}},{"type":"Feature","geometry":{"type":"Point","coordinates":[-80.015689,40.485043]},"properties":{"stop_id":"813","name":"PERRYSVILLE AVE + CHERRYFIELD","weekday_trips":84,"routes":["15","8"]}},{"type":"Feature","geometry":{"type":"Point","coordinates":[-80.013342,40.483943]},"properties":{"stop_id":"815","name":"PERRYSVILLE AVE + WATSON BLVD FS","weekday_trips":84,"routes":["15","8"]}},{"type":"Feature","geometry":{"type":"Point","coordinates":[-79.887025,40.442845]},"properties":{"stop_id":"8153","name":"EAST BUSWAY + HAY ST RAMP OUTBOUND SHELTER","weekday_trips":198,"routes":["69","71","71C","79","P12","P16","P17","P67","P68","P69","P7","P71","P76","P78"]}},{"type":"Feature","geometry":{"type":"Point","coordinates":[-79.899342,40.453102]},"properties":{"stop_id":"8154","name":"EAST BUSWAY + HOMEWOOD STATION C","weekday_trips":173,"routes":["P1","P3","P68","P71"]}},{"type":"Feature","geometry":{"type":"Point","coordinates":[-80.013405,40.482768]},"properties":{"stop_id":"816","name":"PERRYSVILLE AVE + #3418","weekday_trips":84,"routes":["15","8"]}},{"type":"Feature","geometry":{"type":"Point","coordinates":[-79.898925,40.452819]},"properties":{"stop_id":"8160","name":"EAST BUSWAY + HOMEWOOD STATION A","weekday_trips":146,"routes":["P1","P3"]}},{"type":"Feature","geometry":{"type":"Point","coordinates":[-79.923137,40.459448]},"properties":{"stop_id":"8161","name":"EAST BUSWAY + EAST LIBERTY STATION C","weekday_trips":190,"routes":["P1","P17","P3","P68","P71"]}},{"type":"Feature","geometry":{"type":"Point","coordinates":[-79.932912,40.456536]},"properties":{"stop_id":"8162","name":"EAST BUSWAY + NEGLEY STATION C","weekday_trips":190,"routes":["P1","P17","P3","P68","P71"]}},{"type":"Feature","geometry":{"type":"Point","coordinates":[-79.967085,40.459235]},"properties":{"stop_id":"8163","name":"EAST BUSWAY + HERRON STATION C","weekday_trips":143,"routes":["P1","P17","P68","P71"]}},{"type":"Feature","geometry":{"type":"Point","coordinates":[-79.922535,40.459475]},"properties":{"stop_id":"8165","name":"EAST BUSWAY + EAST LIBERTY STATION A","weekday_trips":148,"routes":["P1","P3"]}},{"type":"Feature","geometry":{"type":"Point","coordinates":[-79.947517,40.447689]},"properties":{"stop_id":"8169","name":"NEVILLE ST + ELLSWORTH NS","weekday_trips":93,"routes":["75","P3"]}},{"type":"Feature","geometry":{"type":"Point","coordinates":[-80.013406,40.480935]},"properties":{"stop_id":"817","name":"PERRYSVILLE AVE + #3358","weekday_trips":84,"routes":["15","8"]}},{"type":"Feature","geometry":{"type":"Point","coordinates":[-79.948651,40.450315]},"properties":{"stop_id":"8170","name":"NEVILLE ST + BAYARD","weekday_trips":47,"routes":["P3"]}},{"type":"Feature","geometry":{"type":"Point","coordinates":[-79.924549,40.475563]},"properties":{"stop_id":"8177","name":"NEGLEY AVE + HAMPTON","weekday_trips":63,"routes":["71A"]}},{"type":"Feature","geometry":{"type":"Point","coordinates":[-79.925102,40.474306]},"properties":{"stop_id":"8178","name":"NEGLEY AVE + WELLESLEY","weekday_trips":63,"routes":["71A"]}},{"type":"Feature","geometry":{"type":"Point","coordinates":[-79.925875,40.472561]},"properties":{"stop_id":"8179","name":"NEGLEY AVE + JACKSON","weekday_trips":63,"routes":["71A"]}},{"type":"Feature","geometry":{"type":"Point","coordinates":[-80.012065,40.479917]},"properties":{"stop_id":"818","name":"PERRYSVILLE AVE + DELAWARE","weekday_trips":84,"routes":["15","8"]}},{"type":"Feature","geometry":{"type":"Point","coordinates":[-79.926263,40.471697]},"properties":{"stop_id":"8180","name":"NEGLEY AVE + STANTON AVE","weekday_trips":63,"routes":["71A"]}},{"type":"Feature","geometry":{"type":"Point","coordinates":[-79.927067,40.46988]},"properties":{"stop_id":"8181","name":"NEGLEY AVE + HAYS ST","weekday_trips":102,"routes":["71A","87"]}},{"type":"Feature","geometry":{"type":"Point","coordinates":[-79.92749,40.468903]},"properties":{"stop_id":"8182","name":"NEGLEY AVE + BLACK ST","weekday_trips":102,"routes":["71A","87"]}},{"type":"Feature","geometry":{"type":"Point","coordinates":[-79.928116,40.467857]},"properties":{"stop_id":"8183","name":"NEGLEY AVE + MARGARETTA ST","weekday_trips":102,"routes":["71A","87"]}},{"type":"Feature","geometry":{"type":"Point","coordinates":[-79.928721,40.466863]},"properties":{"stop_id":"8184","name":"NEGLEY AVE + RIPPEY ST FS","weekday_trips":102,"routes":["71A","87"]}},{"type":"Feature","geometry":{"type":"Point","coordinates":[-79.930093,40.464603]},"properties":{"stop_id":"8186","name":"NEGLEY AVE + BROAD ST","weekday_trips":102,"routes":["71A","87"]}},{"type":"Feature","geometry":{"type":"Point","coordinates":[-79.931625,40.46204]},"properties":{"stop_id":"8188","name":"NEGLEY AVE + CORAL ST","weekday_trips":189,"routes":["71A","71C","77","87"]}},{"type":"Feature","geometry":{"type":"Point","coordinates":[-79.932366,40.460808]},"properties":{"stop_id":"8189","name":"NEGLEY AVE + FRIENDSHIP AVE","weekday_trips":150,"routes":["71A","71C","77"]}},{"type":"Feature","geometry":{"type":"Point","coordinates":[-80.012114,40.47825]},"properties":{"stop_id":"819","name":"PERRYSVILLE AVE + MARSHALL RD","weekday_trips":84,"routes":["15","8"]}},{"type":"Feature","geometry":{"type":"Point","coordinates":[-79.933468,40.459043]},"properties":{"stop_id":"8190","name":"NEGLEY AVE + #370 (BAUM BLVD)","weekday_trips":150,"routes":["71A","71C","77"]}},{"type":"Feature","geometry":{"type":"Point","coordinates":[-79.934247,40.457468]},"properties":{"stop_id":"8191","name":"NEGLEY AVE + CENTRE","weekday_trips":125,"routes":["71A","71C"]}},{"type":"Feature","geometry":{"type":"Point","coordinates":[-79.936379,40.456622]},"properties":{"stop_id":"8192","name":"CENTRE AVE + GRAHAM","weekday_trips":254,"routes":["64","71A","71C","82","86"]}},{"type":"Feature","geometry":{"type":"Point","coordinates":[-79.938178,40.456089]},"properties":{"stop_id":"8193","name":"CENTRE AVE + AIKEN","weekday_trips":254,"routes":["64","71A","71C","82","86"]}},{"type":"Feature","geometry":{"type":"Point","coordinates":[-79.940461,40.455398]},"properties":{"stop_id":"8194","name":"CENTRE AVE + SHADYSIDE HOSPITAL","weekday_trips":183,"routes":["71A","71C","82"]}},{"type":"Feature","geometry":{"type":"Point","coordinates":[-79.941395,40.45512]},"properties":{"stop_id":"8195","name":"CENTRE AVE + CYPRESS","weekday_trips":183,"routes":["71A","71C","82"]}},{"type":"Feature","geometry":{"type":"Point","coordinates":[-79.944368,40.454235]},"properties":{"stop_id":"8196","name":"CENTRE AVE + MOREWOOD","weekday_trips":183,"routes":["71A","71C","82"]}},{"type":"Feature","geometry":{"type":"Point","coordinates":[-79.94721,40.453387]},"properties":{"stop_id":"8197","name":"CENTRE AVE + MILLVALE","weekday_trips":183,"routes":["71A","71C","82"]}},{"type":"Feature","geometry":{"type":"Point","coordinates":[-79.947453,40.453217]},"properties":{"stop_id":"8198","name":"CENTRE AVE + MILLVALE","weekday_trips":183,"routes":["71A","71C","82"]}},{"type":"Feature","geometry":{"type":"Point","coordinates":[-79.944553,40.454091]},"properties":{"stop_id":"8199","name":"CENTRE AVE + MOREWOOD","weekday_trips":183,"routes":["71A","71C","82"]}},{"type":"Feature","geometry":{"type":"Point","coordinates":[-80.028117,40.353447]},"properties":{"stop_id":"82","name":"WASHINGTON JUNCTION","weekday_trips":161,"routes":["BLUE","RED","SLVR"]}},{"type":"Feature","geometry":{"type":"Point","coordinates":[-80.012407,40.47611]},"properties":{"stop_id":"820","name":"PERRYSVILLE AVE + #3000","weekday_trips":84,"routes":["15","8"]}},{"type":"Feature","geometry":{"type":"Point","coordinates":[-79.941567,40.454968]},"properties":{"stop_id":"8201","name":"CENTRE AVE + CYPRESS","weekday_trips":183,"routes":["71A","71C","82"]}},{"type":"Feature","geometry":{"type":"Point","coordinates":[-79.939653,40.455549]},"properties":{"stop_id":"8202","name":"CENTRE AVE + SHADYSIDE HOSPITAL","weekday_trips":183,"routes":["71A","71C","82"]}},{"type":"Feature","geometry":{"type":"Point","coordinates":[-79.93874,40.455835]},"properties":{"stop_id":"8203","name":"CENTRE AVE + AIKEN","weekday_trips":183,"routes":["71A","71C","82"]}},{"type":"Feature","geometry":{"type":"Point","coordinates":[-79.936554,40.456475]},"properties":{"stop_id":"8204","name":"CENTRE AVE + GRAHAM","weekday_trips":254,"routes":["64","71A","71C","82","86"]}},{"type":"Feature","geometry":{"type":"Point","coordinates":[-79.934679,40.457029]},"properties":{"stop_id":"8205","name":"CENTRE AVE + NEGLEY (MARKET DISTRICT)","weekday_trips":254,"routes":["64","71A","71C","82","86"]}},{"type":"Feature","geometry":{"type":"Point","coordinates":[-79.933818,40.458245]},"properties":{"stop_id":"8206","name":"NEGLEY AVE + BAUM","weekday_trips":125,"routes":["71A","71C"]}},{"type":"Feature","geometry":{"type":"Point","coordinates":[-79.932404,40.46056]},"properties":{"stop_id":"8207","name":"NEGLEY AVE + FRIENDSHIP AVE","weekday_trips":148,"routes":["71A","71C","77"]}},{"type":"Feature","geometry":{"type":"Point","coordinates":[-79.931552,40.461982]},"properties":{"stop_id":"8208","name":"NEGLEY AVE + CORAL ST","weekday_trips":187,"routes":["71A","71C","77","87"]}},{"type":"Feature","geometry":{"type":"Point","coordinates":[-79.930756,40.463207]},"properties":{"stop_id":"8209","name":"NEGLEY AVE + PENN AVE","weekday_trips":187,"routes":["71A","71C","77","87"]}},{"type":"Feature","geometry":{"type":"Point","coordinates":[-80.011597,40.475117]},"properties":{"stop_id":"821","name":"PERRYSVILLE AVE + MARSHALL AVE","weekday_trips":84,"routes":["15","8"]}},{"type":"Feature","geometry":{"type":"Point","coordinates":[-79.929957,40.464592]},"properties":{"stop_id":"8210","name":"NEGLEY AVE + PENNLEY PARK APTS","weekday_trips":102,"routes":["71A","87"]}},{"type":"Feature","geometry":{"type":"Point","coordinates":[-79.929397,40.465544]},"properties":{"stop_id":"8211","name":"NEGLEY AVE + RURAL ST","weekday_trips":102,"routes":["71A","87"]}},{"type":"Feature","geometry":{"type":"Point","coordinates":[-79.928798,40.466532]},"properties":{"stop_id":"8212","name":"NEGLEY AVE + RIPPEY ST","weekday_trips":102,"routes":["71A","87"]}},{"type":"Feature","geometry":{"type":"Point","coordinates":[-79.928196,40.467518]},"properties":{"stop_id":"8213","name":"NEGLEY AVE + EAST LIBERTY BLVD","weekday_trips":102,"routes":["71A","87"]}},{"type":"Feature","geometry":{"type":"Point","coordinates":[-79.927516,40.468642]},"properties":{"stop_id":"8214","name":"NEGLEY AVE + BLACK ST","weekday_trips":102,"routes":["71A","87"]}},{"type":"Feature","geometry":{"type":"Point","coordinates":[-79.926972,40.469639]},"properties":{"stop_id":"8215","name":"NEGLEY AVE + HAYS ST","weekday_trips":102,"routes":["71A","87"]}},{"type":"Feature","geometry":{"type":"Point","coordinates":[-79.926314,40.471324]},"properties":{"stop_id":"8216","name":"NEGLEY AVE + STANTON AVE","weekday_trips":63,"routes":["71A"]}},{"type":"Feature","geometry":{"type":"Point","coordinates":[-79.925083,40.474102]},"properties":{"stop_id":"8218","name":"NEGLEY AVE + WELLESLEY NS","weekday_trips":63,"routes":["71A"]}},{"type":"Feature","geometry":{"type":"Point","coordinates":[-79.924549,40.475307]},"properties":{"stop_id":"8219","name":"NEGLEY AVE + HAMPTON","weekday_trips":63,"routes":["71A"]}},{"type":"Feature","geometry":{"type":"Point","coordinates":[-79.920899,40.476112]},"properties":{"stop_id":"8222","name":"BRYANT ST + ST CLAIR","weekday_trips":61,"routes":["71B"]}},{"type":"Feature","geometry":{"type":"Point","coordinates":[-79.892357,40.441944]},"properties":{"stop_id":"8224","name":"TRENTON AVE + REBECCA","weekday_trips":62,"routes":["71C"]}},{"type":"Feature","geometry":{"type":"Point","coordinates":[-79.892365,40.443292]},"properties":{"stop_id":"8225","name":"TRENTON AVE + FRANKLIN","weekday_trips":62,"routes":["71C"]}},{"type":"Feature","geometry":{"type":"Point","coordinates":[-79.892114,40.444033]},"properties":{"stop_id":"8226","name":"TRENTON AVE + SOUTH","weekday_trips":62,"routes":["71C"]}},{"type":"Feature","geometry":{"type":"Point","coordinates":[-79.891373,40.445685]},"properties":{"stop_id":"8227","name":"TRENTON AVE + PENN","weekday_trips":62,"routes":["71C"]}},{"type":"Feature","geometry":{"type":"Point","coordinates":[-79.910125,40.452524]},"properties":{"stop_id":"8229","name":"PENN AVE + LINDEN","weekday_trips":62,"routes":["71C"]}},{"type":"Feature","geometry":{"type":"Point","coordinates":[-79.91213,40.453915]},"properties":{"stop_id":"8230","name":"PENN AVE + 5TH","weekday_trips":62,"routes":["71C"]}},{"type":"Feature","geometry":{"type":"Point","coordinates":[-79.918378,40.458198]},"properties":{"stop_id":"8233","name":"PENN AVE + VILLAGE OF EASTSIDE SHOPPING CENTER","weekday_trips":302,"routes":["71C","74","75","77","82","86","88","89"]}},{"type":"Feature","geometry":{"type":"Point","coordinates":[-80.010063,40.471776]},"properties":{"stop_id":"824","name":"PERRYSVILLE AVE + ELLZEY","weekday_trips":84,"routes":["15","8"]}},{"type":"Feature","geometry":{"type":"Point","coordinates":[-79.930721,40.45623]},"properties":{"stop_id":"8244","name":"ELLSWORTH AVE + MARYLAND","weekday_trips":46,"routes":["75"]}},{"type":"Feature","geometry":{"type":"Point","coordinates":[-79.932391,40.454871]},"properties":{"stop_id":"8246","name":"ELLSWORTH AVE + NEGLEY","weekday_trips":46,"routes":["75"]}},{"type":"Feature","geometry":{"type":"Point","coordinates":[-79.936579,40.45286]},"properties":{"stop_id":"8249","name":"ELLSWORTH AVE + AIKEN AVE","weekday_trips":46,"routes":["75"]}},{"type":"Feature","geometry":{"type":"Point","coordinates":[-80.008709,40.471083]},"properties":{"stop_id":"825","name":"PERRYSVILLE AVE + CHARLES","weekday_trips":84,"routes":["15","8"]}},{"type":"Feature","geometry":{"type":"Point","coordinates":[-79.940849,40.45139]},"properties":{"stop_id":"8251","name":"ELLSWORTH AVE + AMBERSON","weekday_trips":46,"routes":["75"]}},{"type":"Feature","geometry":{"type":"Point","coordinates":[-79.942875,40.450959]},"properties":{"stop_id":"8252","name":"ELLSWORTH AVE + MOREWOOD","weekday_trips":46,"routes":["75"]}},{"type":"Feature","geometry":{"type":"Point","coordinates":[-79.946762,40.448918]},"properties":{"stop_id":"8254","name":"ELLSWORTH AVE + CLYDE","weekday_trips":46,"routes":["75"]}},{"type":"Feature","geometry":{"type":"Point","coordinates":[-79.947031,40.448528]},"properties":{"stop_id":"8256","name":"ELLSWORTH AVE + CATHEDRAL MANSIONS","weekday_trips":46,"routes":["75"]}},{"type":"Feature","geometry":{"type":"Point","coordinates":[-79.943188,40.450821]},"properties":{"stop_id":"8258","name":"ELLSWORTH AVE + MOREWOOD","weekday_trips":46,"routes":["75"]}},{"type":"Feature","geometry":{"type":"Point","coordinates":[-79.941055,40.45125]},"properties":{"stop_id":"8259","name":"ELLSWORTH AVE + AMBERSON","weekday_trips":46,"routes":["75"]}},{"type":"Feature","geometry":{"type":"Point","coordinates":[-79.936836,40.452654]},"properties":{"stop_id":"8261","name":"ELLSWORTH AVE + AIKEN","weekday_trips":46,"routes":["75"]}},{"type":"Feature","geometry":{"type":"Point","coordinates":[-79.934392,40.453832]},"properties":{"stop_id":"8263","name":"ELLSWORTH AVE + FILBERT","weekday_trips":46,"routes":["75"]}},{"type":"Feature","geometry":{"type":"Point","coordinates":[-79.932657,40.454662]},"properties":{"stop_id":"8265","name":"ELLSWORTH AVE + NEGLEY","weekday_trips":46,"routes":["75"]}},{"type":"Feature","geometry":{"type":"Point","coordinates":[-79.930892,40.455959]},"properties":{"stop_id":"8267","name":"ELLSWORTH AVE + MARYLAND","weekday_trips":46,"routes":["75"]}},{"type":"Feature","geometry":{"type":"Point","coordinates":[-80.00931,40.468921]},"properties":{"stop_id":"827","name":"PERRYSVILLE AVE + MCINTYRE","weekday_trips":53,"routes":["8"]}},{"type":"Feature","geometry":{"type":"Point","coordinates":[-79.920097,40.459236]},"properties":{"stop_id":"8276","name":"PENN AVE + SHADY AVE FS (GIANT EAGLE)","weekday_trips":300,"routes":["71C","74","75","77","82","86","88","89"]}},{"type":"Feature","geometry":{"type":"Point","coordinates":[-79.918793,40.458359]},"properties":{"stop_id":"8277","name":"PENN AVE + VILLAGE OF EASTSIDE SHOPPING CENTER","weekday_trips":300,"routes":["71C","74","75","77","82","86","88","89"]}},{"type":"Feature","geometry":{"type":"Point","coordinates":[-79.915602,40.456136]},"properties":{"stop_id":"8279","name":"PENN AVE + BAKERY SQUARE","weekday_trips":138,"routes":["71C","74","88","89"]}},{"type":"Feature","geometry":{"type":"Point","coordinates":[-80.009949,40.467682]},"properties":{"stop_id":"828","name":"PERRYSVILLE AVE + BURGESS","weekday_trips":53,"routes":["8"]}},{"type":"Feature","geometry":{"type":"Point","coordinates":[-79.912814,40.454221]},"properties":{"stop_id":"8280","name":"PENN AVE + 5TH","weekday_trips":62,"routes":["71C"]}},{"type":"Feature","geometry":{"type":"Point","coordinates":[-79.9105,40.452654]},"properties":{"stop_id":"8281","name":"PENN AVE + LINDEN","weekday_trips":62,"routes":["71C"]}},{"type":"Feature","geometry":{"type":"Point","coordinates":[-79.891593,40.445483]},"properties":{"stop_id":"8283","name":"TRENTON AVE + PENN FS","weekday_trips":62,"routes":["71C"]}},{"type":"Feature","geometry":{"type":"Point","coordinates":[-79.892103,40.444326]},"properties":{"stop_id":"8284","name":"TRENTON AVE + SOUTH","weekday_trips":62,"routes":["71C"]}},{"type":"Feature","geometry":{"type":"Point","coordinates":[-79.885658,40.441975]},"properties":{"stop_id":"8286","name":"WOOD ST + SOUTH","weekday_trips":73,"routes":["61A","71","P71"]}},{"type":"Feature","geometry":{"type":"Point","coordinates":[-79.885201,40.442783]},"properties":{"stop_id":"8287","name":"WOOD ST + ROSS","weekday_trips":13,"routes":["71","P71"]}},{"type":"Feature","geometry":{"type":"Point","coordinates":[-79.884293,40.444376]},"properties":{"stop_id":"8289","name":"WOOD ST + WALLACE","weekday_trips":13,"routes":["71","P71"]}},{"type":"Feature","geometry":{"type":"Point","coordinates":[-79.88337,40.44598]},"properties":{"stop_id":"8290","name":"WOOD ST + HILL","weekday_trips":96,"routes":["71D","86"]}},{"type":"Feature","geometry":{"type":"Point","coordinates":[-79.883496,40.446995]},"properties":{"stop_id":"8291","name":"WOOD ST + HOLMES","weekday_trips":96,"routes":["71D","86"]}},{"type":"Feature","geometry":{"type":"Point","coordinates":[-79.88378,40.4481]},"properties":{"stop_id":"8292","name":"WOOD ST + SUSQUEHANNA","weekday_trips":96,"routes":["71D","86"]}},{"type":"Feature","geometry":{"type":"Point","coordinates":[-79.887422,40.452376]},"properties":{"stop_id":"8297","name":"HAMILTON AVE + HALE","weekday_trips":61,"routes":["71D"]}},{"type":"Feature","geometry":{"type":"Point","coordinates":[-79.88891,40.452717]},"properties":{"stop_id":"8298","name":"HAMILTON AVE + BRUSHTON","weekday_trips":61,"routes":["71D"]}},{"type":"Feature","geometry":{"type":"Point","coordinates":[-79.890694,40.453121]},"properties":{"stop_id":"8299","name":"HAMILTON AVE + BRADDOCK","weekday_trips":61,"routes":["71D"]}},{"type":"Feature","geometry":{"type":"Point","coordinates":[-80.019964,40.410318]},"properties":{"stop_id":"83","name":"WESTFIELD","weekday_trips":62,"routes":["RED"]}},{"type":"Feature","geometry":{"type":"Point","coordinates":[-80.011618,40.466257]},"properties":{"stop_id":"830","name":"PERRYSVILLE AVE + CUTLER","weekday_trips":53,"routes":["8"]}},{"type":"Feature","geometry":{"type":"Point","coordinates":[-79.892823,40.453609]},"properties":{"stop_id":"8300","name":"HAMILTON AVE + COLLIER","weekday_trips":61,"routes":["71D"]}},{"type":"Feature","geometry":{"type":"Point","coordinates":[-79.895127,40.454129]},"properties":{"stop_id":"8301","name":"HAMILTON AVE + STERRETT","weekday_trips":61,"routes":["71D"]}},{"type":"Feature","geometry":{"type":"Point","coordinates":[-79.897391,40.454644]},"properties":{"stop_id":"8302","name":"HAMILTON AVE + HOMEWOOD","weekday_trips":61,"routes":["71D"]}},{"type":"Feature","geometry":{"type":"Point","coordinates":[-79.899498,40.455119]},"properties":{"stop_id":"8303","name":"HAMILTON AVE + LANG","weekday_trips":61,"routes":["71D"]}},{"type":"Feature","geometry":{"type":"Point","coordinates":[-79.902082,40.455711]},"properties":{"stop_id":"8304","name":"HAMILTON AVE + MURTLAND","weekday_trips":61,"routes":["71D"]}},{"type":"Feature","geometry":{"type":"Point","coordinates":[-79.904615,40.45629]},"properties":{"stop_id":"8305","name":"HAMILTON AVE + DALLAS","weekday_trips":61,"routes":["71D"]}},{"type":"Feature","geometry":{"type":"Point","coordinates":[-79.906307,40.456666]},"properties":{"stop_id":"8306","name":"HAMILTON AVE + LASCHALL","weekday_trips":61,"routes":["71D"]}},{"type":"Feature","geometry":{"type":"Point","coordinates":[-79.908405,40.457147]},"properties":{"stop_id":"8307","name":"HAMILTON AVE + FIFTH AVE","weekday_trips":61,"routes":["71D"]}},{"type":"Feature","geometry":{"type":"Point","coordinates":[-79.910881,40.455505]},"properties":{"stop_id":"8308","name":"FIFTH AVE + MCPHERSON FS","weekday_trips":175,"routes":["28X","71D","74","88","89"]}},{"type":"Feature","geometry":{"type":"Point","coordinates":[-80.011579,40.464931]},"properties":{"stop_id":"831","name":"PERRYSVILLE AVE + LAFAYETTE","weekday_trips":53,"routes":["8"]}},{"type":"Feature","geometry":{"type":"Point","coordinates":[-79.915207,40.453713]},"properties":{"stop_id":"8310","name":"FIFTH AVE + BEECHWOOD","weekday_trips":99,"routes":["28X","71D"]}},{"type":"Feature","geometry":{"type":"Point","coordinates":[-79.920585,40.452962]},"properties":{"stop_id":"8311","name":"FIFTH AVE + SHADY","weekday_trips":99,"routes":["28X","71D"]}},{"type":"Feature","geometry":{"type":"Point","coordinates":[-79.923842,40.452049]},"properties":{"stop_id":"8312","name":"FIFTH AVE + HIGHLAND","weekday_trips":135,"routes":["28X","64","71D"]}},{"type":"Feature","geometry":{"type":"Point","coordinates":[-79.884504,40.444522]},"properties":{"stop_id":"8314","name":"WALLACE AVE + WOOD","weekday_trips":96,"routes":["71D","86"]}},{"type":"Feature","geometry":{"type":"Point","coordinates":[-79.92406,40.451839]},"properties":{"stop_id":"8316","name":"FIFTH AVE + HIGHLAND","weekday_trips":135,"routes":["28X","64","71D"]}},{"type":"Feature","geometry":{"type":"Point","coordinates":[-79.920856,40.452829]},"properties":{"stop_id":"8317","name":"FIFTH AVE + SHADY","weekday_trips":135,"routes":["28X","64","71D"]}},{"type":"Feature","geometry":{"type":"Point","coordinates":[-79.915543,40.453542]},"properties":{"stop_id":"8318","name":"FIFTH AVE + BEECHWOOD","weekday_trips":99,"routes":["28X","71D"]}},{"type":"Feature","geometry":{"type":"Point","coordinates":[-79.91315,40.453872]},"properties":{"stop_id":"8319","name":"FIFTH AVE + HASTINGS ST FS (PENN)","weekday_trips":99,"routes":["28X","71D"]}},{"type":"Feature","geometry":{"type":"Point","coordinates":[-80.012195,40.463741]},"properties":{"stop_id":"832","name":"PERRYSVILLE AVE + WILSON AVE","weekday_trips":53,"routes":["8"]}},{"type":"Feature","geometry":{"type":"Point","coordinates":[-79.911464,40.45481]},"properties":{"stop_id":"8320","name":"FIFTH AVE + THOMAS BLVD","weekday_trips":175,"routes":["28X","71D","74","88","89"]}},{"type":"Feature","geometry":{"type":"Point","coordinates":[-79.906999,40.456745]},"properties":{"stop_id":"8324","name":"HAMILTON AVE + LASCHALL","weekday_trips":61,"routes":["71D"]}},{"type":"Feature","geometry":{"type":"Point","coordinates":[-79.9049,40.456269]},"properties":{"stop_id":"8325","name":"HAMILTON AVE + DALLAS","weekday_trips":61,"routes":["71D"]}},{"type":"Feature","geometry":{"type":"Point","coordinates":[-79.902364,40.455692]},"properties":{"stop_id":"8326","name":"HAMILTON AVE + MURTLAND","weekday_trips":61,"routes":["71D"]}},{"type":"Feature","geometry":{"type":"Point","coordinates":[-79.899767,40.455104]},"properties":{"stop_id":"8327","name":"HAMILTON AVE + LANG","weekday_trips":61,"routes":["71D"]}},{"type":"Feature","geometry":{"type":"Point","coordinates":[-79.897689,40.454631]},"properties":{"stop_id":"8328","name":"HAMILTON AVE + HOMEWOOD","weekday_trips":61,"routes":["71D"]}},{"type":"Feature","geometry":{"type":"Point","coordinates":[-79.895263,40.454076]},"properties":{"stop_id":"8329","name":"HAMILTON AVE + STERRETT","weekday_trips":61,"routes":["71D"]}},{"type":"Feature","geometry":{"type":"Point","coordinates":[-80.013807,40.463044]},"properties":{"stop_id":"833","name":"PERRYSVILLE AVE + MCCLINTOCK","weekday_trips":78,"routes":["11","8"]}},{"type":"Feature","geometry":{"type":"Point","coordinates":[-79.893116,40.453591]},"properties":{"stop_id":"8331","name":"HAMILTON AVE + COLLIER","weekday_trips":61,"routes":["71D"]}},{"type":"Feature","geometry":{"type":"Point","coordinates":[-79.891297,40.453171]},"properties":{"stop_id":"8332","name":"HAMILTON AVE + BRADDOCK","weekday_trips":61,"routes":["71D"]}},{"type":"Feature","geometry":{"type":"Point","coordinates":[-79.889339,40.452728]},"properties":{"stop_id":"8333","name":"HAMILTON AVE + BRUSHTON","weekday_trips":61,"routes":["71D"]}},{"type":"Feature","geometry":{"type":"Point","coordinates":[-79.887665,40.452353]},"properties":{"stop_id":"8334","name":"HAMILTON AVE + HALE","weekday_trips":61,"routes":["71D"]}},{"type":"Feature","geometry":{"type":"Point","coordinates":[-79.886188,40.452003]},"properties":{"stop_id":"8335","name":"HAMILTON AVE + MUTI WAY","weekday_trips":61,"routes":["71D"]}},{"type":"Feature","geometry":{"type":"Point","coordinates":[-79.88385,40.448033]},"properties":{"stop_id":"8339","name":"WOOD ST + SUSQUEHANNA FS","weekday_trips":96,"routes":["71D","86"]}},{"type":"Feature","geometry":{"type":"Point","coordinates":[-80.013643,40.461448]},"properties":{"stop_id":"834","name":"PERRYSVILLE AVE + #1923","weekday_trips":78,"routes":["11","8"]}},{"type":"Feature","geometry":{"type":"Point","coordinates":[-79.883679,40.447309]},"properties":{"stop_id":"8340","name":"WOOD ST + HOLMES","weekday_trips":96,"routes":["71D","86"]}},{"type":"Feature","geometry":{"type":"Point","coordinates":[-79.883411,40.446192]},"properties":{"stop_id":"8341","name":"WOOD ST + HILL","weekday_trips":96,"routes":["71D","86"]}},{"type":"Feature","geometry":{"type":"Point","coordinates":[-79.884218,40.444685]},"properties":{"stop_id":"8343","name":"WOOD ST + WALLACE","weekday_trips":96,"routes":["71D","86"]}},{"type":"Feature","geometry":{"type":"Point","coordinates":[-80.013187,40.460316]},"properties":{"stop_id":"835","name":"PERRYSVILLE AVE + OHERN","weekday_trips":78,"routes":["11","8"]}},{"type":"Feature","geometry":{"type":"Point","coordinates":[-79.918495,40.433464]},"properties":{"stop_id":"8363","name":"SHADY AVE + DOUGLAS","weekday_trips":25,"routes":["74"]}},{"type":"Feature","geometry":{"type":"Point","coordinates":[-79.918899,40.435215]},"properties":{"stop_id":"8364","name":"SHADY AVE + BEACON","weekday_trips":25,"routes":["74"]}},{"type":"Feature","geometry":{"type":"Point","coordinates":[-79.923007,40.439579]},"properties":{"stop_id":"8367","name":"MURRAY AVE + AYLESBORO","weekday_trips":25,"routes":["74"]}},{"type":"Feature","geometry":{"type":"Point","coordinates":[-79.923307,40.441325]},"properties":{"stop_id":"8368","name":"MURRAY AVE + NORTHUMBERLAND","weekday_trips":25,"routes":["74"]}},{"type":"Feature","geometry":{"type":"Point","coordinates":[-79.923592,40.442791]},"properties":{"stop_id":"8369","name":"MURRAY AVE + SOLWAY","weekday_trips":25,"routes":["74"]}},{"type":"Feature","geometry":{"type":"Point","coordinates":[-80.008894,40.461155]},"properties":{"stop_id":"837","name":"PERRYSVILLE AVE + FEDERAL","weekday_trips":78,"routes":["11","8"]}},{"type":"Feature","geometry":{"type":"Point","coordinates":[-79.923811,40.443864]},"properties":{"stop_id":"8370","name":"MURRAY AVE + WILKINS","weekday_trips":25,"routes":["74"]}},{"type":"Feature","geometry":{"type":"Point","coordinates":[-79.907917,40.447984]},"properties":{"stop_id":"8371","name":"REYNOLDS ST + MURTLAND","weekday_trips":25,"routes":["74"]}},{"type":"Feature","geometry":{"type":"Point","coordinates":[-79.905737,40.447246]},"properties":{"stop_id":"8372","name":"REYNOLDS ST + LANG","weekday_trips":25,"routes":["74"]}},{"type":"Feature","geometry":{"type":"Point","coordinates":[-79.902065,40.448104]},"properties":{"stop_id":"8374","name":"HOMEWOOD AVE + ROYCREST","weekday_trips":25,"routes":["74"]}},{"type":"Feature","geometry":{"type":"Point","coordinates":[-79.901395,40.449025]},"properties":{"stop_id":"8375","name":"HOMEWOOD AVE + PENN","weekday_trips":25,"routes":["74"]}},{"type":"Feature","geometry":{"type":"Point","coordinates":[-79.900146,40.450779]},"properties":{"stop_id":"8376","name":"HOMEWOOD AVE + THOMAS","weekday_trips":25,"routes":["74"]}},{"type":"Feature","geometry":{"type":"Point","coordinates":[-79.898624,40.452946]},"properties":{"stop_id":"8377","name":"HOMEWOOD AVE + FINANCE (BUSWAY)","weekday_trips":25,"routes":["74"]}},{"type":"Feature","geometry":{"type":"Point","coordinates":[-79.897553,40.454534]},"properties":{"stop_id":"8378","name":"HOMEWOOD AVE + HAMILTON","weekday_trips":25,"routes":["74"]}},{"type":"Feature","geometry":{"type":"Point","coordinates":[-79.897035,40.455404]},"properties":{"stop_id":"8379","name":"HOMEWOOD AVE + KELLY","weekday_trips":25,"routes":["74"]}},{"type":"Feature","geometry":{"type":"Point","coordinates":[-79.896663,40.456356]},"properties":{"stop_id":"8380","name":"HOMEWOOD AVE + BENNETT","weekday_trips":25,"routes":["74"]}},{"type":"Feature","geometry":{"type":"Point","coordinates":[-79.895722,40.45877]},"properties":{"stop_id":"8382","name":"HOMEWOOD AVE + RACE","weekday_trips":25,"routes":["74"]}},{"type":"Feature","geometry":{"type":"Point","coordinates":[-79.895206,40.460095]},"properties":{"stop_id":"8384","name":"HOMEWOOD AVE + HERMITAGE","weekday_trips":25,"routes":["74"]}},{"type":"Feature","geometry":{"type":"Point","coordinates":[-79.894734,40.461303]},"properties":{"stop_id":"8386","name":"HOMEWOOD AVE + MT VERNON","weekday_trips":25,"routes":["74"]}},{"type":"Feature","geometry":{"type":"Point","coordinates":[-80.007857,40.458938]},"properties":{"stop_id":"839","name":"FEDERAL ST + ALPINE","weekday_trips":78,"routes":["11","8"]}},{"type":"Feature","geometry":{"type":"Point","coordinates":[-79.906534,40.46844]},"properties":{"stop_id":"8396","name":"LARIMER AVE + APPLE","weekday_trips":25,"routes":["74"]}},{"type":"Feature","geometry":{"type":"Point","coordinates":[-79.905838,40.469139]},"properties":{"stop_id":"8397","name":"LARIMER AVE + DEAN","weekday_trips":25,"routes":["74"]}},{"type":"Feature","geometry":{"type":"Point","coordinates":[-79.903725,40.468033]},"properties":{"stop_id":"8398","name":"DEAN ST + PAULSON","weekday_trips":25,"routes":["74"]}},{"type":"Feature","geometry":{"type":"Point","coordinates":[-80.020113,40.410544]},"properties":{"stop_id":"84","name":"WESTFIELD","weekday_trips":62,"routes":["RED"]}},{"type":"Feature","geometry":{"type":"Point","coordinates":[-80.007458,40.457744]},"properties":{"stop_id":"840","name":"FEDERAL ST + SAMPSONIA","weekday_trips":78,"routes":["11","8"]}},{"type":"Feature","geometry":{"type":"Point","coordinates":[-79.901901,40.468572]},"properties":{"stop_id":"8400","name":"PAULSON AVE + BRAINARD","weekday_trips":25,"routes":["74"]}},{"type":"Feature","geometry":{"type":"Point","coordinates":[-79.899515,40.469466]},"properties":{"stop_id":"8401","name":"PAULSON AVE + OLIVANT","weekday_trips":25,"routes":["74"]}},{"type":"Feature","geometry":{"type":"Point","coordinates":[-79.897249,40.470014]},"properties":{"stop_id":"8402","name":"PAULSON AVE + LEMINGTON","weekday_trips":25,"routes":["74"]}},{"type":"Feature","geometry":{"type":"Point","coordinates":[-79.898108,40.471383]},"properties":{"stop_id":"8403","name":"LEMINGTON AVE + WARDSONS","weekday_trips":50,"routes":["74"]}},{"type":"Feature","geometry":{"type":"Point","coordinates":[-79.896703,40.472498]},"properties":{"stop_id":"8405","name":"WARDSONS RD + WILTSIE","weekday_trips":50,"routes":["74"]}},{"type":"Feature","geometry":{"type":"Point","coordinates":[-79.897653,40.473847]},"properties":{"stop_id":"8406","name":"WILTSIE RD + #6903","weekday_trips":50,"routes":["74"]}},{"type":"Feature","geometry":{"type":"Point","coordinates":[-79.898975,40.478217]},"properties":{"stop_id":"8407","name":"HIGHLAND DR + JOB CORPS DR","weekday_trips":50,"routes":["74"]}},{"type":"Feature","geometry":{"type":"Point","coordinates":[-79.897653,40.473733]},"properties":{"stop_id":"8418","name":"WILTSIE RD + #6903","weekday_trips":50,"routes":["74"]}},{"type":"Feature","geometry":{"type":"Point","coordinates":[-79.896726,40.472594]},"properties":{"stop_id":"8419","name":"WILTSIE RD + WARDSONS","weekday_trips":50,"routes":["74"]}},{"type":"Feature","geometry":{"type":"Point","coordinates":[-80.0311,40.517688]},"properties":{"stop_id":"842","name":"WEST VIEW PARK DR + PERRY","weekday_trips":53,"routes":["8"]}},{"type":"Feature","geometry":{"type":"Point","coordinates":[-79.898132,40.471498]},"properties":{"stop_id":"8421","name":"WARDSONS RD + LEMINGTON","weekday_trips":50,"routes":["74"]}},{"type":"Feature","geometry":{"type":"Point","coordinates":[-79.897221,40.47015]},"properties":{"stop_id":"8422","name":"LEMINGTON AVE + PAULSON","weekday_trips":50,"routes":["74"]}},{"type":"Feature","geometry":{"type":"Point","coordinates":[-79.896196,40.468895]},"properties":{"stop_id":"8423","name":"LEMINGTON AVE + LINCOLN","weekday_trips":25,"routes":["74"]}},{"type":"Feature","geometry":{"type":"Point","coordinates":[-79.893747,40.466909]},"properties":{"stop_id":"8424","name":"LEMINGTON AVE + WESTMORELAND","weekday_trips":25,"routes":["74"]}},{"type":"Feature","geometry":{"type":"Point","coordinates":[-79.891747,40.467026]},"properties":{"stop_id":"8425","name":"LEMINGTON AVE + #7249","weekday_trips":25,"routes":["74"]}},{"type":"Feature","geometry":{"type":"Point","coordinates":[-79.890228,40.467114]},"properties":{"stop_id":"8426","name":"LEMINGTON AVE + OBERLIN","weekday_trips":25,"routes":["74"]}},{"type":"Feature","geometry":{"type":"Point","coordinates":[-79.890083,40.464863]},"properties":{"stop_id":"8428","name":"OBERLIN ST + MINGO","weekday_trips":25,"routes":["74"]}},{"type":"Feature","geometry":{"type":"Point","coordinates":[-80.025409,40.518907]},"properties":{"stop_id":"843","name":"CENTER AVE + TOWNSHIP RD","weekday_trips":53,"routes":["8"]}},{"type":"Feature","geometry":{"type":"Point","coordinates":[-79.891618,40.462797]},"properties":{"stop_id":"8433","name":"EVERTON ST + SILVERTON ST","weekday_trips":25,"routes":["74"]}},{"type":"Feature","geometry":{"type":"Point","coordinates":[-79.89006,40.466438]},"properties":{"stop_id":"8440","name":"OBERLIN ST + OAKDENE","weekday_trips":25,"routes":["74"]}},{"type":"Feature","geometry":{"type":"Point","coordinates":[-79.890073,40.467051]},"properties":{"stop_id":"8441","name":"OBERLIN ST + LEMINGTON","weekday_trips":25,"routes":["74"]}},{"type":"Feature","geometry":{"type":"Point","coordinates":[-79.89171,40.467089]},"properties":{"stop_id":"8442","name":"LEMINGTON AVE + #7249","weekday_trips":25,"routes":["74"]}},{"type":"Feature","geometry":{"type":"Point","coordinates":[-79.893436,40.466966]},"properties":{"stop_id":"8443","name":"LEMINGTON AVE + WESTMORELAND","weekday_trips":25,"routes":["74"]}},{"type":"Feature","geometry":{"type":"Point","coordinates":[-79.895957,40.468713]},"properties":{"stop_id":"8444","name":"LEMINGTON AVE + LINCOLN","weekday_trips":25,"routes":["74"]}},{"type":"Feature","geometry":{"type":"Point","coordinates":[-79.897029,40.47004]},"properties":{"stop_id":"8445","name":"LEMINGTON AVE + PAULSON","weekday_trips":25,"routes":["74"]}},{"type":"Feature","geometry":{"type":"Point","coordinates":[-79.899188,40.469617]},"properties":{"stop_id":"8446","name":"PAULSON AVE + OLIVANT","weekday_trips":25,"routes":["74"]}},{"type":"Feature","geometry":{"type":"Point","coordinates":[-79.90178,40.468689]},"properties":{"stop_id":"8447","name":"PAULSON AVE + BRAINARD","weekday_trips":25,"routes":["74"]}},{"type":"Feature","geometry":{"type":"Point","coordinates":[-79.90284,40.468288]},"properties":{"stop_id":"8448","name":"PAULSON AVE + NAVARRO","weekday_trips":25,"routes":["74"]}},{"type":"Feature","geometry":{"type":"Point","coordinates":[-79.903493,40.468037]},"properties":{"stop_id":"8449","name":"PAULSON AVE + DEAN","weekday_trips":25,"routes":["74"]}},{"type":"Feature","geometry":{"type":"Point","coordinates":[-79.905671,40.469236]},"properties":{"stop_id":"8450","name":"DEAN ST + LARIMER","weekday_trips":25,"routes":["74"]}},{"type":"Feature","geometry":{"type":"Point","coordinates":[-79.906449,40.468625]},"properties":{"stop_id":"8451","name":"LARIMER AVE + APPLE","weekday_trips":25,"routes":["74"]}},{"type":"Feature","geometry":{"type":"Point","coordinates":[-79.907125,40.467954]},"properties":{"stop_id":"8452","name":"LARIMER AVE + DEARY","weekday_trips":25,"routes":["74"]}},{"type":"Feature","geometry":{"type":"Point","coordinates":[-79.894724,40.461532]},"properties":{"stop_id":"8461","name":"HOMEWOOD AVE + MT VERNON","weekday_trips":25,"routes":["74"]}},{"type":"Feature","geometry":{"type":"Point","coordinates":[-79.895222,40.46029]},"properties":{"stop_id":"8462","name":"HOMEWOOD AVE + HERMITAGE","weekday_trips":25,"routes":["74"]}},{"type":"Feature","geometry":{"type":"Point","coordinates":[-79.895748,40.45893]},"properties":{"stop_id":"8463","name":"HOMEWOOD AVE + RACE","weekday_trips":25,"routes":["74"]}},{"type":"Feature","geometry":{"type":"Point","coordinates":[-79.896304,40.457505]},"properties":{"stop_id":"8464","name":"HOMEWOOD AVE + FRANKSTOWN","weekday_trips":25,"routes":["74"]}},{"type":"Feature","geometry":{"type":"Point","coordinates":[-79.89666,40.456576]},"properties":{"stop_id":"8465","name":"HOMEWOOD AVE + BENNETT","weekday_trips":25,"routes":["74"]}},{"type":"Feature","geometry":{"type":"Point","coordinates":[-79.897008,40.455679]},"properties":{"stop_id":"8466","name":"HOMEWOOD AVE + KELLY","weekday_trips":25,"routes":["74"]}},{"type":"Feature","geometry":{"type":"Point","coordinates":[-79.897505,40.454737]},"properties":{"stop_id":"8467","name":"HOMEWOOD AVE + HAMILTON","weekday_trips":25,"routes":["74"]}},{"type":"Feature","geometry":{"type":"Point","coordinates":[-79.900015,40.451085]},"properties":{"stop_id":"8469","name":"HOMEWOOD AVE + THOMAS","weekday_trips":25,"routes":["74"]}},{"type":"Feature","geometry":{"type":"Point","coordinates":[-80.023153,40.51513]},"properties":{"stop_id":"847","name":"CENTER AVE + RIDGEWOOD (STEPS)","weekday_trips":53,"routes":["8"]}},{"type":"Feature","geometry":{"type":"Point","coordinates":[-79.901241,40.449375]},"properties":{"stop_id":"8470","name":"HOMEWOOD AVE + PENN","weekday_trips":25,"routes":["74"]}},{"type":"Feature","geometry":{"type":"Point","coordinates":[-79.902048,40.448219]},"properties":{"stop_id":"8471","name":"HOMEWOOD AVE + ROYCREST","weekday_trips":25,"routes":["74"]}},{"type":"Feature","geometry":{"type":"Point","coordinates":[-79.903162,40.446598]},"properties":{"stop_id":"8472","name":"HOMEWOOD AVE + REYNOLDS","weekday_trips":25,"routes":["74"]}},{"type":"Feature","geometry":{"type":"Point","coordinates":[-79.905533,40.447238]},"properties":{"stop_id":"8473","name":"REYNOLDS ST + LANG","weekday_trips":25,"routes":["74"]}},{"type":"Feature","geometry":{"type":"Point","coordinates":[-79.907598,40.447953]},"properties":{"stop_id":"8474","name":"REYNOLDS ST + MURTLAND","weekday_trips":25,"routes":["74"]}},{"type":"Feature","geometry":{"type":"Point","coordinates":[-79.909936,40.44873]},"properties":{"stop_id":"8475","name":"REYNOLDS ST + DALLAS","weekday_trips":25,"routes":["74"]}},{"type":"Feature","geometry":{"type":"Point","coordinates":[-79.923724,40.442982]},"properties":{"stop_id":"8477","name":"MURRAY AVE + SOLWAY ST","weekday_trips":25,"routes":["74"]}},{"type":"Feature","geometry":{"type":"Point","coordinates":[-80.023951,40.514524]},"properties":{"stop_id":"848","name":"CENTER AVE + OAKWOOD","weekday_trips":53,"routes":["8"]}},{"type":"Feature","geometry":{"type":"Point","coordinates":[-79.9186,40.433632]},"properties":{"stop_id":"8483","name":"SHADY AVE + DOUGLAS","weekday_trips":25,"routes":["74"]}},{"type":"Feature","geometry":{"type":"Point","coordinates":[-79.91781,40.430411]},"properties":{"stop_id":"8486","name":"TILBURY AVE + NICHOLSON","weekday_trips":25,"routes":["74"]}},{"type":"Feature","geometry":{"type":"Point","coordinates":[-79.918494,40.42857]},"properties":{"stop_id":"8487","name":"TILBURY AVE + FORWARD","weekday_trips":25,"routes":["74"]}},{"type":"Feature","geometry":{"type":"Point","coordinates":[-80.025531,40.513492]},"properties":{"stop_id":"849","name":"CENTER AVE + FRANKFORT AVE","weekday_trips":53,"routes":["8"]}},{"type":"Feature","geometry":{"type":"Point","coordinates":[-79.929271,40.419868]},"properties":{"stop_id":"8505","name":"GREENFIELD AVE + HAZELWOOD","weekday_trips":20,"routes":["58"]}},{"type":"Feature","geometry":{"type":"Point","coordinates":[-79.935958,40.419436]},"properties":{"stop_id":"8509","name":"BIGELOW ST + TESLA","weekday_trips":20,"routes":["58"]}},{"type":"Feature","geometry":{"type":"Point","coordinates":[-80.027499,40.511549]},"properties":{"stop_id":"851","name":"CENTER AVE + PARK","weekday_trips":53,"routes":["8"]}},{"type":"Feature","geometry":{"type":"Point","coordinates":[-79.937813,40.419159]},"properties":{"stop_id":"8510","name":"BIGELOW ST + MCCASLIN","weekday_trips":20,"routes":["58"]}},{"type":"Feature","geometry":{"type":"Point","coordinates":[-79.939703,40.418997]},"properties":{"stop_id":"8511","name":"BIGELOW ST + WINTERBURN","weekday_trips":20,"routes":["58"]}},{"type":"Feature","geometry":{"type":"Point","coordinates":[-79.939781,40.420403]},"properties":{"stop_id":"8512","name":"WINTERBURN AVE + CONNOR","weekday_trips":20,"routes":["58"]}},{"type":"Feature","geometry":{"type":"Point","coordinates":[-79.939797,40.423122]},"properties":{"stop_id":"8513","name":"WINTERBURN AVE + FARNSWORTH","weekday_trips":20,"routes":["58"]}},{"type":"Feature","geometry":{"type":"Point","coordinates":[-79.939754,40.425188]},"properties":{"stop_id":"8515","name":"WINTERBURN AVE + MINNESOTA","weekday_trips":20,"routes":["58"]}},{"type":"Feature","geometry":{"type":"Point","coordinates":[-79.933739,40.428213]},"properties":{"stop_id":"8519","name":"BEECHWOOD BLVD + #3911","weekday_trips":26,"routes":["52L","53L"]}},{"type":"Feature","geometry":{"type":"Point","coordinates":[-80.028263,40.50995]},"properties":{"stop_id":"852","name":"CENTER AVE + PERRYSVILLE RD","weekday_trips":53,"routes":["8"]}},{"type":"Feature","geometry":{"type":"Point","coordinates":[-79.93088,40.428298]},"properties":{"stop_id":"8520","name":"BEECHWOOD BLVD + #3825","weekday_trips":26,"routes":["52L","53L"]}},{"type":"Feature","geometry":{"type":"Point","coordinates":[-79.927605,40.423152]},"properties":{"stop_id":"8524","name":"BEECHWOOD BLVD + LILAC","weekday_trips":26,"routes":["52L","53L"]}},{"type":"Feature","geometry":{"type":"Point","coordinates":[-79.928915,40.422036]},"properties":{"stop_id":"8526","name":"MURRAY AVE + LORETTA","weekday_trips":187,"routes":["61C","61D","64","93"]}},{"type":"Feature","geometry":{"type":"Point","coordinates":[-79.920303,40.442978]},"properties":{"stop_id":"8528","name":"SHADY AVE + SOLWAY","weekday_trips":36,"routes":["64"]}},{"type":"Feature","geometry":{"type":"Point","coordinates":[-79.920036,40.442082]},"properties":{"stop_id":"8529","name":"SHADY AVE + NORTHUMBERLAND","weekday_trips":36,"routes":["64"]}},{"type":"Feature","geometry":{"type":"Point","coordinates":[-80.002302,40.454959]},"properties":{"stop_id":"853","name":"CEDAR AVE + SUISMON ST","weekday_trips":220,"routes":["11","12","15","17","54","8"]}},{"type":"Feature","geometry":{"type":"Point","coordinates":[-79.919628,40.440088]},"properties":{"stop_id":"8530","name":"SHADY AVE + AYLESBORO","weekday_trips":36,"routes":["64"]}},{"type":"Feature","geometry":{"type":"Point","coordinates":[-79.919434,40.438191]},"properties":{"stop_id":"8531","name":"SHADY AVE + FORBES","weekday_trips":36,"routes":["64"]}},{"type":"Feature","geometry":{"type":"Point","coordinates":[-79.912113,40.466259]},"properties":{"stop_id":"8533","name":"LARIMER AVE + SHETLAND","weekday_trips":25,"routes":["74"]}},{"type":"Feature","geometry":{"type":"Point","coordinates":[-79.913391,40.465761]},"properties":{"stop_id":"8534","name":"LARIMER AVE + WINSLOW","weekday_trips":25,"routes":["74"]}},{"type":"Feature","geometry":{"type":"Point","coordinates":[-79.915982,40.464396]},"properties":{"stop_id":"8536","name":"LARIMER AVE + MAYFLOWER","weekday_trips":25,"routes":["74"]}},{"type":"Feature","geometry":{"type":"Point","coordinates":[-79.916916,40.463776]},"properties":{"stop_id":"8537","name":"LARIMER AVE + AUBURN","weekday_trips":25,"routes":["74"]}},{"type":"Feature","geometry":{"type":"Point","coordinates":[-79.923099,40.465361]},"properties":{"stop_id":"8539","name":"HIGHLAND AVE + VINTAGE SR CENTER","weekday_trips":102,"routes":["71B","74","89"]}},{"type":"Feature","geometry":{"type":"Point","coordinates":[-79.915828,40.459669]},"properties":{"stop_id":"8542","name":"EAST LIBERTY BLVD + HAMILTON AVE","weekday_trips":162,"routes":["75","77","82","86"]}},{"type":"Feature","geometry":{"type":"Point","coordinates":[-79.915665,40.460617]},"properties":{"stop_id":"8543","name":"EAST LIBERTY BLVD + FRANKSTOWN AVE","weekday_trips":163,"routes":["75","77","82","86","P17"]}},{"type":"Feature","geometry":{"type":"Point","coordinates":[-79.907257,40.467793]},"properties":{"stop_id":"8553","name":"LARIMER AVE + DEARY","weekday_trips":25,"routes":["74"]}},{"type":"Feature","geometry":{"type":"Point","coordinates":[-79.930879,40.451995]},"properties":{"stop_id":"8564","name":"NEGLEY AVE + WALNUT","weekday_trips":36,"routes":["64"]}},{"type":"Feature","geometry":{"type":"Point","coordinates":[-79.932481,40.454689]},"properties":{"stop_id":"8566","name":"NEGLEY AVE + ELLSWORTH","weekday_trips":36,"routes":["64"]}},{"type":"Feature","geometry":{"type":"Point","coordinates":[-79.954833,40.456575]},"properties":{"stop_id":"8578","name":"CRAIG ST + BIGELOW BLVD","weekday_trips":55,"routes":["77","93"]}},{"type":"Feature","geometry":{"type":"Point","coordinates":[-79.958193,40.458849]},"properties":{"stop_id":"8579","name":"BIGELOW BLVD + BLOOMFLD BRDGE FS","weekday_trips":25,"routes":["77"]}},{"type":"Feature","geometry":{"type":"Point","coordinates":[-80.031822,40.499943]},"properties":{"stop_id":"858","name":"JACKS RUN RD + YORK DR","weekday_trips":33,"routes":["17"]}},{"type":"Feature","geometry":{"type":"Point","coordinates":[-79.960388,40.458077]},"properties":{"stop_id":"8580","name":"BIGELOW BLVD + FINLAND ST","weekday_trips":25,"routes":["77"]}},{"type":"Feature","geometry":{"type":"Point","coordinates":[-79.963642,40.456732]},"properties":{"stop_id":"8581","name":"BIGELOW BLVD + HARDING WAY","weekday_trips":25,"routes":["77"]}},{"type":"Feature","geometry":{"type":"Point","coordinates":[-79.96616,40.455737]},"properties":{"stop_id":"8582","name":"BIGELOW BLVD + HERRON AVE FS","weekday_trips":25,"routes":["77"]}},{"type":"Feature","geometry":{"type":"Point","coordinates":[-80.029366,40.499146]},"properties":{"stop_id":"859","name":"JACKS RUN RD + CONNIE","weekday_trips":33,"routes":["17"]}},{"type":"Feature","geometry":{"type":"Point","coordinates":[-79.963534,40.456624]},"properties":{"stop_id":"8591","name":"BIGELOW BLVD + HARDING WAY","weekday_trips":23,"routes":["77"]}},{"type":"Feature","geometry":{"type":"Point","coordinates":[-79.957497,40.458614]},"properties":{"stop_id":"8593","name":"BIGELOW BLVD + BLOOMFIELD BRIDGE","weekday_trips":23,"routes":["77"]}},{"type":"Feature","geometry":{"type":"Point","coordinates":[-80.031517,40.499943]},"properties":{"stop_id":"860","name":"JACKS RUN RD EXT + YORK","weekday_trips":33,"routes":["17"]}},{"type":"Feature","geometry":{"type":"Point","coordinates":[-79.984087,40.4418]},"properties":{"stop_id":"8624","name":"CENTRE AVE + MILLER","weekday_trips":86,"routes":["82","83"]}},{"type":"Feature","geometry":{"type":"Point","coordinates":[-79.98264,40.442415]},"properties":{"stop_id":"8626","name":"CENTRE AVE + HELDMAN","weekday_trips":116,"routes":["81","82","83"]}},{"type":"Feature","geometry":{"type":"Point","coordinates":[-79.980741,40.44324]},"properties":{"stop_id":"8627","name":"CENTRE AVE + DINWIDDIE","weekday_trips":116,"routes":["81","82","83"]}},{"type":"Feature","geometry":{"type":"Point","coordinates":[-79.974197,40.440708]},"properties":{"stop_id":"8637","name":"BENTLEY DR + KIRKPATRICK","weekday_trips":30,"routes":["81"]}},{"type":"Feature","geometry":{"type":"Point","coordinates":[-79.966172,40.443291]},"properties":{"stop_id":"8642","name":"WADSWORTH ST + ROBINSON","weekday_trips":30,"routes":["81"]}},{"type":"Feature","geometry":{"type":"Point","coordinates":[-79.965834,40.4429]},"properties":{"stop_id":"8648","name":"ROBINSON ST + ALLEQUIPPA","weekday_trips":30,"routes":["81"]}},{"type":"Feature","geometry":{"type":"Point","coordinates":[-79.965234,40.443162]},"properties":{"stop_id":"8649","name":"ALLEQUIPPA ST + DARRAGH","weekday_trips":28,"routes":["83"]}},{"type":"Feature","geometry":{"type":"Point","coordinates":[-79.963465,40.4445]},"properties":{"stop_id":"8650","name":"ALLEQUIPPA ST + SUTHERLAND (PETERSEN CTR)","weekday_trips":28,"routes":["83"]}},{"type":"Feature","geometry":{"type":"Point","coordinates":[-79.963742,40.44437]},"properties":{"stop_id":"8653","name":"ALLEQUIPPA ST + SUTHERLAND DR FS","weekday_trips":28,"routes":["83"]}},{"type":"Feature","geometry":{"type":"Point","coordinates":[-79.965153,40.443342]},"properties":{"stop_id":"8654","name":"ALLEQUIPPA ST + DARRAGH","weekday_trips":28,"routes":["83"]}},{"type":"Feature","geometry":{"type":"Point","coordinates":[-79.974592,40.440608]},"properties":{"stop_id":"8660","name":"BENTLEY DR + KIRKPATRICK FS","weekday_trips":30,"routes":["81"]}},{"type":"Feature","geometry":{"type":"Point","coordinates":[-79.978193,40.440622]},"properties":{"stop_id":"8662","name":"BENTLEY DR + NIGH WAY","weekday_trips":30,"routes":["81"]}},{"type":"Feature","geometry":{"type":"Point","coordinates":[-79.976625,40.443855]},"properties":{"stop_id":"8666","name":"ELMORE ST + ROSE ST","weekday_trips":30,"routes":["81"]}},{"type":"Feature","geometry":{"type":"Point","coordinates":[-79.975683,40.444356]},"properties":{"stop_id":"8667","name":"ROSE ST + KIRKPATRICK","weekday_trips":30,"routes":["81"]}},{"type":"Feature","geometry":{"type":"Point","coordinates":[-79.976067,40.445153]},"properties":{"stop_id":"8668","name":"KIRKPATRICK ST + CENTRE","weekday_trips":30,"routes":["81"]}},{"type":"Feature","geometry":{"type":"Point","coordinates":[-79.977419,40.445012]},"properties":{"stop_id":"8669","name":"CENTRE AVE + ELMORE","weekday_trips":88,"routes":["81","82"]}},{"type":"Feature","geometry":{"type":"Point","coordinates":[-79.978661,40.44449]},"properties":{"stop_id":"8670","name":"CENTRE AVE + ERIN","weekday_trips":88,"routes":["81","82"]}},{"type":"Feature","geometry":{"type":"Point","coordinates":[-79.980277,40.443735]},"properties":{"stop_id":"8671","name":"CENTRE AVE + DEVILLIERS","weekday_trips":88,"routes":["81","82"]}},{"type":"Feature","geometry":{"type":"Point","coordinates":[-79.982461,40.442571]},"properties":{"stop_id":"8673","name":"CENTRE AVE + HELDMAN","weekday_trips":116,"routes":["81","82","83"]}},{"type":"Feature","geometry":{"type":"Point","coordinates":[-79.983136,40.442293]},"properties":{"stop_id":"8674","name":"CENTRE AVE + ROBERTS","weekday_trips":116,"routes":["81","82","83"]}},{"type":"Feature","geometry":{"type":"Point","coordinates":[-79.984913,40.441542]},"properties":{"stop_id":"8676","name":"CENTRE AVE + PROTECTORY PL","weekday_trips":86,"routes":["82","83"]}},{"type":"Feature","geometry":{"type":"Point","coordinates":[-79.985863,40.441138]},"properties":{"stop_id":"8677","name":"CENTRE AVE + CRAWFORD","weekday_trips":86,"routes":["82","83"]}},{"type":"Feature","geometry":{"type":"Point","coordinates":[-79.961475,40.454341]},"properties":{"stop_id":"8685","name":"ORION ST + MILWAUKEE","weekday_trips":28,"routes":["83"]}},{"type":"Feature","geometry":{"type":"Point","coordinates":[-79.96303,40.453217]},"properties":{"stop_id":"8686","name":"MILWAUKEE ST + BRYN MAWR","weekday_trips":28,"routes":["83"]}},{"type":"Feature","geometry":{"type":"Point","coordinates":[-79.964233,40.452403]},"properties":{"stop_id":"8687","name":"MILWAUKEE ST + HERRON","weekday_trips":28,"routes":["83"]}},{"type":"Feature","geometry":{"type":"Point","coordinates":[-79.980689,40.444159]},"properties":{"stop_id":"8707","name":"DEVILLIERS ST + WYLIE AVE","weekday_trips":28,"routes":["83"]}},{"type":"Feature","geometry":{"type":"Point","coordinates":[-79.981739,40.445613]},"properties":{"stop_id":"8708","name":"DEVILLIERS ST + WEBSTER AVE","weekday_trips":28,"routes":["83"]}},{"type":"Feature","geometry":{"type":"Point","coordinates":[-79.982401,40.446551]},"properties":{"stop_id":"8711","name":"BEDFORD AVE + DEVILLIERS","weekday_trips":28,"routes":["83"]}},{"type":"Feature","geometry":{"type":"Point","coordinates":[-79.986147,40.44497]},"properties":{"stop_id":"8713","name":"BEDFORD AVE + MANILLA","weekday_trips":30,"routes":["81"]}},{"type":"Feature","geometry":{"type":"Point","coordinates":[-79.98722,40.444521]},"properties":{"stop_id":"8714","name":"BEDFORD AVE + MERCER","weekday_trips":30,"routes":["81"]}},{"type":"Feature","geometry":{"type":"Point","coordinates":[-80.0067,40.455887]},"properties":{"stop_id":"873","name":"FEDERAL ST + NORTH AVE FS","weekday_trips":78,"routes":["11","8"]}},{"type":"Feature","geometry":{"type":"Point","coordinates":[-79.978422,40.448147]},"properties":{"stop_id":"8732","name":"BEDFORD AVE + KIRKPATRICK","weekday_trips":28,"routes":["83"]}},{"type":"Feature","geometry":{"type":"Point","coordinates":[-79.987316,40.444389]},"properties":{"stop_id":"8739","name":"BEDFORD AVE + MERCER","weekday_trips":30,"routes":["81"]}},{"type":"Feature","geometry":{"type":"Point","coordinates":[-79.980903,40.44432]},"properties":{"stop_id":"8745","name":"DEVILLIERS ST + WYLIE AVE","weekday_trips":28,"routes":["83"]}},{"type":"Feature","geometry":{"type":"Point","coordinates":[-79.983365,40.442285]},"properties":{"stop_id":"8748","name":"ROBERTS ST + CENTER AVE","weekday_trips":30,"routes":["81"]}},{"type":"Feature","geometry":{"type":"Point","coordinates":[-80.007621,40.458763]},"properties":{"stop_id":"875","name":"FEDERAL ST + HENDERSON","weekday_trips":78,"routes":["11","8"]}},{"type":"Feature","geometry":{"type":"Point","coordinates":[-79.963243,40.453993]},"properties":{"stop_id":"8763","name":"WEBSTER AVE + MCNEIL","weekday_trips":28,"routes":["83"]}},{"type":"Feature","geometry":{"type":"Point","coordinates":[-79.961966,40.454858]},"properties":{"stop_id":"8764","name":"WEBSTER AVE + ORION","weekday_trips":28,"routes":["83"]}},{"type":"Feature","geometry":{"type":"Point","coordinates":[-79.970034,40.445645]},"properties":{"stop_id":"8769","name":"CENTRE AVE + JUNILLAT ST STEPS FS","weekday_trips":58,"routes":["82"]}},{"type":"Feature","geometry":{"type":"Point","coordinates":[-80.009012,40.461227]},"properties":{"stop_id":"877","name":"PERRYSVILLE AVE + #1664","weekday_trips":53,"routes":["8"]}},{"type":"Feature","geometry":{"type":"Point","coordinates":[-79.968296,40.446494]},"properties":{"stop_id":"8770","name":"CENTRE AVE + WATT","weekday_trips":58,"routes":["82"]}},{"type":"Feature","geometry":{"type":"Point","coordinates":[-79.967533,40.447021]},"properties":{"stop_id":"8771","name":"CENTRE AVE + FRANCIS","weekday_trips":58,"routes":["82"]}},{"type":"Feature","geometry":{"type":"Point","coordinates":[-79.966764,40.447552]},"properties":{"stop_id":"8772","name":"CENTRE AVE + MORGAN","weekday_trips":58,"routes":["82"]}},{"type":"Feature","geometry":{"type":"Point","coordinates":[-79.965138,40.448674]},"properties":{"stop_id":"8773","name":"CENTRE AVE + ROBINSON ST EXT","weekday_trips":58,"routes":["82"]}},{"type":"Feature","geometry":{"type":"Point","coordinates":[-79.977671,40.428713]},"properties":{"stop_id":"8777","name":"S 20TH ST + E CARSON","weekday_trips":58,"routes":["81","83"]}},{"type":"Feature","geometry":{"type":"Point","coordinates":[-79.976341,40.445255]},"properties":{"stop_id":"8780","name":"CENTRE AVE + KIRKPATRICK","weekday_trips":88,"routes":["81","82"]}},{"type":"Feature","geometry":{"type":"Point","coordinates":[-79.974172,40.445149]},"properties":{"stop_id":"8781","name":"CENTRE AVE + SOHO","weekday_trips":58,"routes":["82"]}},{"type":"Feature","geometry":{"type":"Point","coordinates":[-79.971092,40.445424]},"properties":{"stop_id":"8782","name":"CENTRE AVE + REED","weekday_trips":58,"routes":["82"]}},{"type":"Feature","geometry":{"type":"Point","coordinates":[-79.961662,40.448725]},"properties":{"stop_id":"8783","name":"CENTRE AVE + AVALON","weekday_trips":58,"routes":["82"]}},{"type":"Feature","geometry":{"type":"Point","coordinates":[-79.958955,40.4483]},"properties":{"stop_id":"8784","name":"CENTRE AVE + ALLEQUIPPA","weekday_trips":58,"routes":["82"]}},{"type":"Feature","geometry":{"type":"Point","coordinates":[-79.957646,40.448958]},"properties":{"stop_id":"8785","name":"CENTRE AVE + BRYN MAWR","weekday_trips":58,"routes":["82"]}},{"type":"Feature","geometry":{"type":"Point","coordinates":[-79.955225,40.450642]},"properties":{"stop_id":"8786","name":"CENTRE AVE + BIGELOW","weekday_trips":58,"routes":["82"]}},{"type":"Feature","geometry":{"type":"Point","coordinates":[-79.952152,40.451825]},"properties":{"stop_id":"8788","name":"CENTRE AVE + CRAIG ST","weekday_trips":58,"routes":["82"]}},{"type":"Feature","geometry":{"type":"Point","coordinates":[-79.932084,40.457802]},"properties":{"stop_id":"8789","name":"CENTRE AVE + #5743","weekday_trips":93,"routes":["82","86"]}},{"type":"Feature","geometry":{"type":"Point","coordinates":[-80.01326,40.460411]},"properties":{"stop_id":"879","name":"PERRYSVILLE AVE + OHERN","weekday_trips":53,"routes":["8"]}},{"type":"Feature","geometry":{"type":"Point","coordinates":[-79.913985,40.460448]},"properties":{"stop_id":"8794","name":"FRANKSTOWN AVE + LINCOLN AVE","weekday_trips":58,"routes":["77","86"]}},{"type":"Feature","geometry":{"type":"Point","coordinates":[-79.911447,40.46068]},"properties":{"stop_id":"8795","name":"LINCOLN AVE + MAYFLOWER ST (#408)","weekday_trips":72,"routes":["82","P17"]}},{"type":"Feature","geometry":{"type":"Point","coordinates":[-79.909856,40.460999]},"properties":{"stop_id":"8796","name":"LINCOLN AVE + MEADOW","weekday_trips":72,"routes":["82","P17"]}},{"type":"Feature","geometry":{"type":"Point","coordinates":[-79.908014,40.461543]},"properties":{"stop_id":"8797","name":"LINCOLN AVE + SHETLAND","weekday_trips":72,"routes":["82","P17"]}},{"type":"Feature","geometry":{"type":"Point","coordinates":[-79.906402,40.462145]},"properties":{"stop_id":"8798","name":"LINCOLN AVE + RENFREW","weekday_trips":72,"routes":["82","P17"]}},{"type":"Feature","geometry":{"type":"Point","coordinates":[-79.904532,40.463126]},"properties":{"stop_id":"8799","name":"LINCOLN AVE + ATWELL","weekday_trips":72,"routes":["82","P17"]}},{"type":"Feature","geometry":{"type":"Point","coordinates":[-80.010357,40.416682]},"properties":{"stop_id":"88","name":"BOGGS STATION","weekday_trips":84,"routes":["BLUE","SLVR"]}},{"type":"Feature","geometry":{"type":"Point","coordinates":[-80.013489,40.461598]},"properties":{"stop_id":"880","name":"PERRYSVILLE AVE + #1923","weekday_trips":53,"routes":["8"]}},{"type":"Feature","geometry":{"type":"Point","coordinates":[-79.902115,40.463827]},"properties":{"stop_id":"8801","name":"LINCOLN AVE + UPLAND","weekday_trips":72,"routes":["82","P17"]}},{"type":"Feature","geometry":{"type":"Point","coordinates":[-79.899028,40.464625]},"properties":{"stop_id":"8803","name":"LINCOLN AVE + APPLE","weekday_trips":72,"routes":["82","P17"]}},{"type":"Feature","geometry":{"type":"Point","coordinates":[-79.897843,40.465964]},"properties":{"stop_id":"8804","name":"LINCOLN AVE + ARBOR","weekday_trips":72,"routes":["82","P17"]}},{"type":"Feature","geometry":{"type":"Point","coordinates":[-79.896891,40.467895]},"properties":{"stop_id":"8805","name":"LINCOLN AVE + VASSAR","weekday_trips":72,"routes":["82","P17"]}},{"type":"Feature","geometry":{"type":"Point","coordinates":[-79.896124,40.468661]},"properties":{"stop_id":"8806","name":"LINCOLN AVE + LEMINGTON","weekday_trips":72,"routes":["82","P17"]}},{"type":"Feature","geometry":{"type":"Point","coordinates":[-79.894493,40.469736]},"properties":{"stop_id":"8807","name":"LINCOLN AVE + CHURCHLAND","weekday_trips":72,"routes":["82","P17"]}},{"type":"Feature","geometry":{"type":"Point","coordinates":[-79.893735,40.470088]},"properties":{"stop_id":"8808","name":"LINCOLN AVE + WILTSIE","weekday_trips":72,"routes":["82","P17"]}},{"type":"Feature","geometry":{"type":"Point","coordinates":[-79.892873,40.47043]},"properties":{"stop_id":"8809","name":"LINCOLN AVE + JOSHUA","weekday_trips":72,"routes":["82","P17"]}},{"type":"Feature","geometry":{"type":"Point","coordinates":[-80.013306,40.462475]},"properties":{"stop_id":"881","name":"PERRYSVILLE AVE + LANGLEY","weekday_trips":53,"routes":["8"]}},{"type":"Feature","geometry":{"type":"Point","coordinates":[-79.892074,40.470965]},"properties":{"stop_id":"8810","name":"LINCOLN AVE + LEMINGTON HOME DRVWY","weekday_trips":72,"routes":["82","P17"]}},{"type":"Feature","geometry":{"type":"Point","coordinates":[-79.890909,40.472249]},"properties":{"stop_id":"8811","name":"LINCOLN AVE + CAMPANIA","weekday_trips":72,"routes":["82","P17"]}},{"type":"Feature","geometry":{"type":"Point","coordinates":[-79.88822,40.47315]},"properties":{"stop_id":"8812","name":"LINCOLN AVE + LINCOLN LOOP","weekday_trips":75,"routes":["79","82"]}},{"type":"Feature","geometry":{"type":"Point","coordinates":[-79.886773,40.46882]},"properties":{"stop_id":"8819","name":"MT CARMEL RD + HIGHLANDVIEW","weekday_trips":31,"routes":["79","P17"]}},{"type":"Feature","geometry":{"type":"Point","coordinates":[-79.882962,40.467613]},"properties":{"stop_id":"8822","name":"MT CARMEL RD + ELK","weekday_trips":31,"routes":["79","P17"]}},{"type":"Feature","geometry":{"type":"Point","coordinates":[-79.876441,40.465604]},"properties":{"stop_id":"8824","name":"MT CARMEL RD + PERSHING","weekday_trips":31,"routes":["79","P17"]}},{"type":"Feature","geometry":{"type":"Point","coordinates":[-79.874812,40.466287]},"properties":{"stop_id":"8825","name":"MT CARMEL RD + FAYBERN","weekday_trips":31,"routes":["79","P17"]}},{"type":"Feature","geometry":{"type":"Point","coordinates":[-79.873362,40.467296]},"properties":{"stop_id":"8826","name":"CALMAR DR + MT CARMEL FS","weekday_trips":31,"routes":["79","P17"]}},{"type":"Feature","geometry":{"type":"Point","coordinates":[-79.873797,40.468574]},"properties":{"stop_id":"8827","name":"CALMAR DR + #220","weekday_trips":63,"routes":["79","P17"]}},{"type":"Feature","geometry":{"type":"Point","coordinates":[-79.874239,40.469677]},"properties":{"stop_id":"8828","name":"MARK DR + CALMAR FS","weekday_trips":63,"routes":["79","P17"]}},{"type":"Feature","geometry":{"type":"Point","coordinates":[-79.872349,40.468744]},"properties":{"stop_id":"8829","name":"MARK DR + #7843","weekday_trips":63,"routes":["79","P17"]}},{"type":"Feature","geometry":{"type":"Point","coordinates":[-80.012351,40.46363]},"properties":{"stop_id":"883","name":"PERRYSVILLE AVE + WILSON AVE","weekday_trips":53,"routes":["8"]}},{"type":"Feature","geometry":{"type":"Point","coordinates":[-79.87112,40.469232]},"properties":{"stop_id":"8830","name":"MARK DR + #7865","weekday_trips":63,"routes":["79","P17"]}},{"type":"Feature","geometry":{"type":"Point","coordinates":[-79.868105,40.469971]},"properties":{"stop_id":"8831","name":"MARK DR + #7915","weekday_trips":63,"routes":["79","P17"]}},{"type":"Feature","geometry":{"type":"Point","coordinates":[-79.867119,40.470058]},"properties":{"stop_id":"8832","name":"MARK DR + GROVE","weekday_trips":63,"routes":["79","P17"]}},{"type":"Feature","geometry":{"type":"Point","coordinates":[-79.866867,40.470995]},"properties":{"stop_id":"8833","name":"GROVE RD + SUNCREST","weekday_trips":63,"routes":["79","P17"]}},{"type":"Feature","geometry":{"type":"Point","coordinates":[-79.867977,40.473207]},"properties":{"stop_id":"8834","name":"GROVE RD + WESTMINSTER","weekday_trips":63,"routes":["79","P17"]}},{"type":"Feature","geometry":{"type":"Point","coordinates":[-79.868673,40.473825]},"properties":{"stop_id":"8835","name":"GROVE RD + SELVIN","weekday_trips":63,"routes":["79","P17"]}},{"type":"Feature","geometry":{"type":"Point","coordinates":[-79.871544,40.474794]},"properties":{"stop_id":"8836","name":"GROVE RD + CHASKE","weekday_trips":63,"routes":["79","P17"]}},{"type":"Feature","geometry":{"type":"Point","coordinates":[-79.86924,40.475781]},"properties":{"stop_id":"8838","name":"CHASKE ST + CROSS","weekday_trips":63,"routes":["79","P17"]}},{"type":"Feature","geometry":{"type":"Point","coordinates":[-79.866941,40.474744]},"properties":{"stop_id":"8839","name":"CHASKE ST + #8168","weekday_trips":63,"routes":["79","P17"]}},{"type":"Feature","geometry":{"type":"Point","coordinates":[-80.011255,40.46406]},"properties":{"stop_id":"884","name":"PERRYSVILLE AVE + CLAYTON","weekday_trips":53,"routes":["8"]}},{"type":"Feature","geometry":{"type":"Point","coordinates":[-79.866036,40.474346]},"properties":{"stop_id":"8840","name":"CHASKE ST + BRAMBLE","weekday_trips":63,"routes":["79","P17"]}},{"type":"Feature","geometry":{"type":"Point","coordinates":[-79.86387,40.473912]},"properties":{"stop_id":"8841","name":"CHASKE ST + WESTMINSTER","weekday_trips":63,"routes":["79","P17"]}},{"type":"Feature","geometry":{"type":"Point","coordinates":[-79.861619,40.473329]},"properties":{"stop_id":"8843","name":"ABER RD + HARVEST","weekday_trips":63,"routes":["79","P17"]}},{"type":"Feature","geometry":{"type":"Point","coordinates":[-79.861244,40.471161]},"properties":{"stop_id":"8844","name":"ABER RD + #8141","weekday_trips":63,"routes":["79","P17"]}},{"type":"Feature","geometry":{"type":"Point","coordinates":[-79.862206,40.469151]},"properties":{"stop_id":"8845","name":"ABER RD + #8077","weekday_trips":63,"routes":["79","P17"]}},{"type":"Feature","geometry":{"type":"Point","coordinates":[-79.865285,40.46784]},"properties":{"stop_id":"8846","name":"ABER RD + GROVE","weekday_trips":63,"routes":["79","P17"]}},{"type":"Feature","geometry":{"type":"Point","coordinates":[-79.869403,40.467335]},"properties":{"stop_id":"8847","name":"ABER RD + URBAN","weekday_trips":63,"routes":["79","P17"]}},{"type":"Feature","geometry":{"type":"Point","coordinates":[-80.011426,40.464799]},"properties":{"stop_id":"885","name":"PERRYSVILLE AVE + LAFAYETTE","weekday_trips":53,"routes":["8"]}},{"type":"Feature","geometry":{"type":"Point","coordinates":[-79.890932,40.472355]},"properties":{"stop_id":"8859","name":"LINCOLN AVE + CAMPANIA","weekday_trips":72,"routes":["82","P17"]}},{"type":"Feature","geometry":{"type":"Point","coordinates":[-80.011206,40.466451]},"properties":{"stop_id":"886","name":"PERRYSVILLE AVE + KOERNER","weekday_trips":53,"routes":["8"]}},{"type":"Feature","geometry":{"type":"Point","coordinates":[-79.892066,40.471112]},"properties":{"stop_id":"8860","name":"LINCOLN AVE + LEMINGTON HOME DRVWY","weekday_trips":72,"routes":["82","P17"]}},{"type":"Feature","geometry":{"type":"Point","coordinates":[-79.892909,40.470497]},"properties":{"stop_id":"8861","name":"LINCOLN AVE + JOSHUA","weekday_trips":72,"routes":["82","P17"]}},{"type":"Feature","geometry":{"type":"Point","coordinates":[-79.893601,40.470227]},"properties":{"stop_id":"8862","name":"LINCOLN AVE + WILTSIE","weekday_trips":72,"routes":["82","P17"]}},{"type":"Feature","geometry":{"type":"Point","coordinates":[-79.894517,40.469816]},"properties":{"stop_id":"8863","name":"LINCOLN AVE + CHURCHLAND","weekday_trips":72,"routes":["82","P17"]}},{"type":"Feature","geometry":{"type":"Point","coordinates":[-79.895993,40.468845]},"properties":{"stop_id":"8864","name":"LINCOLN AVE + LEMINGTON","weekday_trips":72,"routes":["82","P17"]}},{"type":"Feature","geometry":{"type":"Point","coordinates":[-79.89701,40.46788]},"properties":{"stop_id":"8865","name":"LINCOLN AVE + MANNING","weekday_trips":72,"routes":["82","P17"]}},{"type":"Feature","geometry":{"type":"Point","coordinates":[-79.89777,40.466431]},"properties":{"stop_id":"8866","name":"LINCOLN AVE + ARBOR","weekday_trips":72,"routes":["82","P17"]}},{"type":"Feature","geometry":{"type":"Point","coordinates":[-79.8989,40.464776]},"properties":{"stop_id":"8867","name":"LINCOLN AVE + APPLE","weekday_trips":72,"routes":["82","P17"]}},{"type":"Feature","geometry":{"type":"Point","coordinates":[-79.900396,40.46435]},"properties":{"stop_id":"8868","name":"LINCOLN AVE + CHAUCER","weekday_trips":72,"routes":["82","P17"]}},{"type":"Feature","geometry":{"type":"Point","coordinates":[-79.902007,40.463924]},"properties":{"stop_id":"8869","name":"LINCOLN AVE + ROWAN","weekday_trips":72,"routes":["82","P17"]}},{"type":"Feature","geometry":{"type":"Point","coordinates":[-80.009839,40.467511]},"properties":{"stop_id":"887","name":"PERRYSVILLE AVE + BURGESS","weekday_trips":53,"routes":["8"]}},{"type":"Feature","geometry":{"type":"Point","coordinates":[-79.90326,40.463599]},"properties":{"stop_id":"8870","name":"LINCOLN AVE + LYRIC","weekday_trips":72,"routes":["82","P17"]}},{"type":"Feature","geometry":{"type":"Point","coordinates":[-79.906404,40.462233]},"properties":{"stop_id":"8872","name":"LINCOLN AVE + RENFREW","weekday_trips":72,"routes":["82","P17"]}},{"type":"Feature","geometry":{"type":"Point","coordinates":[-79.907853,40.461675]},"properties":{"stop_id":"8873","name":"LINCOLN AVE + SHETLAND","weekday_trips":72,"routes":["82","P17"]}},{"type":"Feature","geometry":{"type":"Point","coordinates":[-79.909727,40.461118]},"properties":{"stop_id":"8874","name":"LINCOLN AVE + MEADOW","weekday_trips":72,"routes":["82","P17"]}},{"type":"Feature","geometry":{"type":"Point","coordinates":[-79.911409,40.460755]},"properties":{"stop_id":"8875","name":"LINCOLN AVE + #409","weekday_trips":72,"routes":["82","P17"]}},{"type":"Feature","geometry":{"type":"Point","coordinates":[-79.913159,40.460503]},"properties":{"stop_id":"8876","name":"LINCOLN AVE + FRANKSTOWN","weekday_trips":72,"routes":["82","P17"]}},{"type":"Feature","geometry":{"type":"Point","coordinates":[-79.914969,40.460881]},"properties":{"stop_id":"8877","name":"FRANKSTOWN AVE + PAULSON AVE","weekday_trips":132,"routes":["77","82","86","P17"]}},{"type":"Feature","geometry":{"type":"Point","coordinates":[-79.915777,40.46001]},"properties":{"stop_id":"8878","name":"EAST LIBERTY BLVD + HAMILTON AVE","weekday_trips":151,"routes":["75","77","82","86"]}},{"type":"Feature","geometry":{"type":"Point","coordinates":[-79.916626,40.458507]},"properties":{"stop_id":"8879","name":"EAST LIBERTY BLVD + DAHLEM PL","weekday_trips":164,"routes":["75","77","82","86"]}},{"type":"Feature","geometry":{"type":"Point","coordinates":[-80.009447,40.468736]},"properties":{"stop_id":"888","name":"PERRYSVILLE AVE + MCINTYRE","weekday_trips":53,"routes":["8"]}},{"type":"Feature","geometry":{"type":"Point","coordinates":[-79.91732,40.457652]},"properties":{"stop_id":"8880","name":"EAST LIBERTY BLVD + PENN AVE","weekday_trips":164,"routes":["75","77","82","86"]}},{"type":"Feature","geometry":{"type":"Point","coordinates":[-79.923589,40.461031]},"properties":{"stop_id":"8881","name":"PENN AVE + SHERIDAN AVE","weekday_trips":256,"routes":["71C","74","77","82","86","88","89"]}},{"type":"Feature","geometry":{"type":"Point","coordinates":[-79.92463,40.461403]},"properties":{"stop_id":"8882","name":"PENN AVE + HIGHLAND AVE","weekday_trips":256,"routes":["71C","74","77","82","86","88","89"]}},{"type":"Feature","geometry":{"type":"Point","coordinates":[-79.931623,40.458038]},"properties":{"stop_id":"8888","name":"CENTRE AVE + #5803","weekday_trips":93,"routes":["82","86"]}},{"type":"Feature","geometry":{"type":"Point","coordinates":[-79.933883,40.457366]},"properties":{"stop_id":"8889","name":"CENTRE AVE + NEGLEY","weekday_trips":93,"routes":["82","86"]}},{"type":"Feature","geometry":{"type":"Point","coordinates":[-79.953205,40.45158]},"properties":{"stop_id":"8890","name":"CENTRE AVE + DITHRIDGE","weekday_trips":58,"routes":["82"]}},{"type":"Feature","geometry":{"type":"Point","coordinates":[-79.954473,40.4512]},"properties":{"stop_id":"8891","name":"CENTRE AVE + BIGELOW","weekday_trips":58,"routes":["82"]}},{"type":"Feature","geometry":{"type":"Point","coordinates":[-79.957543,40.449137]},"properties":{"stop_id":"8892","name":"CENTRE AVE + BRYN MAWR","weekday_trips":58,"routes":["82"]}},{"type":"Feature","geometry":{"type":"Point","coordinates":[-79.958832,40.44839]},"properties":{"stop_id":"8893","name":"CENTRE AVE + ALLEQUIPPA","weekday_trips":58,"routes":["82"]}},{"type":"Feature","geometry":{"type":"Point","coordinates":[-79.961412,40.448758]},"properties":{"stop_id":"8894","name":"CENTRE AVE + EWART","weekday_trips":58,"routes":["82"]}},{"type":"Feature","geometry":{"type":"Point","coordinates":[-79.96474,40.448917]},"properties":{"stop_id":"8895","name":"CENTRE AVE + HERRON","weekday_trips":58,"routes":["82"]}},{"type":"Feature","geometry":{"type":"Point","coordinates":[-79.966668,40.447724]},"properties":{"stop_id":"8896","name":"CENTRE AVE + MORGAN","weekday_trips":58,"routes":["82"]}},{"type":"Feature","geometry":{"type":"Point","coordinates":[-79.967411,40.447214]},"properties":{"stop_id":"8897","name":"CENTRE AVE + FRANCIS","weekday_trips":58,"routes":["82"]}},{"type":"Feature","geometry":{"type":"Point","coordinates":[-79.968435,40.446503]},"properties":{"stop_id":"8898","name":"CENTRE AVE + WATT","weekday_trips":58,"routes":["82"]}},{"type":"Feature","geometry":{"type":"Point","coordinates":[-79.970366,40.445604]},"properties":{"stop_id":"8899","name":"CENTRE AVE + JUNILLA","weekday_trips":58,"routes":["82"]}},{"type":"Feature","geometry":{"type":"Point","coordinates":[-80.010334,40.416499]},"properties":{"stop_id":"89","name":"BOGGS STATION","weekday_trips":84,"routes":["BLUE","SLVR"]}},{"type":"Feature","geometry":{"type":"Point","coordinates":[-80.008508,40.470914]},"properties":{"stop_id":"890","name":"PERRYSVILLE AVE + CHARLES","weekday_trips":53,"routes":["8"]}},{"type":"Feature","geometry":{"type":"Point","coordinates":[-79.972024,40.445733]},"properties":{"stop_id":"8900","name":"CENTRE AVE + CHAUNCEY","weekday_trips":58,"routes":["82"]}},{"type":"Feature","geometry":{"type":"Point","coordinates":[-79.973902,40.445244]},"properties":{"stop_id":"8901","name":"CENTRE AVE + SOHO","weekday_trips":58,"routes":["82"]}},{"type":"Feature","geometry":{"type":"Point","coordinates":[-79.975842,40.445311]},"properties":{"stop_id":"8902","name":"CENTRE AVE + KIRKPATRICK","weekday_trips":58,"routes":["82"]}},{"type":"Feature","geometry":{"type":"Point","coordinates":[-79.883969,40.448847]},"properties":{"stop_id":"8909","name":"WOOD ST + MOOSEHEART","weekday_trips":96,"routes":["71D","86"]}},{"type":"Feature","geometry":{"type":"Point","coordinates":[-80.009947,40.471837]},"properties":{"stop_id":"891","name":"PERRYSVILLE AVE + ELLZEY","weekday_trips":83,"routes":["15","8"]}},{"type":"Feature","geometry":{"type":"Point","coordinates":[-79.884522,40.45098]},"properties":{"stop_id":"8910","name":"OAKWOOD ST + INGLENOOK","weekday_trips":96,"routes":["71D","86"]}},{"type":"Feature","geometry":{"type":"Point","coordinates":[-79.885575,40.453925]},"properties":{"stop_id":"8913","name":"OAKWOOD ST + BENNETT","weekday_trips":35,"routes":["86"]}},{"type":"Feature","geometry":{"type":"Point","coordinates":[-80.010352,40.474245]},"properties":{"stop_id":"893","name":"PERRYSVILLE AVE + KENNEDY","weekday_trips":83,"routes":["15","8"]}},{"type":"Feature","geometry":{"type":"Point","coordinates":[-79.876343,40.465706]},"properties":{"stop_id":"8930","name":"MT CARMEL RD + PERSHING","weekday_trips":32,"routes":["79","P17"]}},{"type":"Feature","geometry":{"type":"Point","coordinates":[-79.878214,40.465484]},"properties":{"stop_id":"8931","name":"MT CARMEL + MASON RD","weekday_trips":32,"routes":["79","P17"]}},{"type":"Feature","geometry":{"type":"Point","coordinates":[-79.88319,40.467974]},"properties":{"stop_id":"8932","name":"MT CARMEL RD + TYLER","weekday_trips":32,"routes":["79","P17"]}},{"type":"Feature","geometry":{"type":"Point","coordinates":[-79.886569,40.468741]},"properties":{"stop_id":"8934","name":"MT CARMEL RD + HIGHLAND VIEW","weekday_trips":32,"routes":["79","P17"]}},{"type":"Feature","geometry":{"type":"Point","coordinates":[-79.887576,40.470534]},"properties":{"stop_id":"8935","name":"VERONA BLVD + RUNNETTE","weekday_trips":32,"routes":["79","P17"]}},{"type":"Feature","geometry":{"type":"Point","coordinates":[-79.888799,40.472891]},"properties":{"stop_id":"8937","name":"VERONA BLVD + LINCOLN","weekday_trips":39,"routes":["79","P17"]}},{"type":"Feature","geometry":{"type":"Point","coordinates":[-80.011113,40.474922]},"properties":{"stop_id":"894","name":"PERRYSVILLE AVE + MARSHALL AVE","weekday_trips":83,"routes":["15","8"]}},{"type":"Feature","geometry":{"type":"Point","coordinates":[-79.867054,40.45402]},"properties":{"stop_id":"8943","name":"WILNER DR + BRACEY","weekday_trips":63,"routes":["79","P17"]}},{"type":"Feature","geometry":{"type":"Point","coordinates":[-79.868445,40.454206]},"properties":{"stop_id":"8944","name":"WILNER DR + #2258","weekday_trips":63,"routes":["79","P17"]}},{"type":"Feature","geometry":{"type":"Point","coordinates":[-79.871014,40.455078]},"properties":{"stop_id":"8945","name":"WILNER DR + EAST HILLS DR","weekday_trips":63,"routes":["79","P17"]}},{"type":"Feature","geometry":{"type":"Point","coordinates":[-80.012273,40.476111]},"properties":{"stop_id":"895","name":"PERRYSVILLE AVE + #3000","weekday_trips":83,"routes":["15","8"]}},{"type":"Feature","geometry":{"type":"Point","coordinates":[-79.87189,40.456557]},"properties":{"stop_id":"8953","name":"PARK HILL DR + EAST HILLS DR","weekday_trips":32,"routes":["79","P17"]}},{"type":"Feature","geometry":{"type":"Point","coordinates":[-79.87001,40.461159]},"properties":{"stop_id":"8956","name":"FRANKSTOWN RD + EASTWOOD RD","weekday_trips":25,"routes":["77"]}},{"type":"Feature","geometry":{"type":"Point","coordinates":[-80.011957,40.478354]},"properties":{"stop_id":"896","name":"PERRYSVILLE AVE + WATSON BLVD","weekday_trips":83,"routes":["15","8"]}},{"type":"Feature","geometry":{"type":"Point","coordinates":[-79.869528,40.467141]},"properties":{"stop_id":"8960","name":"MT CARMEL RD + ABER","weekday_trips":32,"routes":["79","P17"]}},{"type":"Feature","geometry":{"type":"Point","coordinates":[-79.873134,40.466848]},"properties":{"stop_id":"8961","name":"MT CARMEL RD + CALMAR","weekday_trips":64,"routes":["79","P17"]}},{"type":"Feature","geometry":{"type":"Point","coordinates":[-79.874288,40.46657]},"properties":{"stop_id":"8963","name":"MT CARMEL RD + FAYBERN","weekday_trips":32,"routes":["79","P17"]}},{"type":"Feature","geometry":{"type":"Point","coordinates":[-80.011695,40.479644]},"properties":{"stop_id":"897","name":"PERRYSVILLE AVE + DELAWARE","weekday_trips":83,"routes":["15","8"]}},{"type":"Feature","geometry":{"type":"Point","coordinates":[-79.959898,40.453145]},"properties":{"stop_id":"8979","name":"CLARISSA ST + LYON","weekday_trips":28,"routes":["83"]}},{"type":"Feature","geometry":{"type":"Point","coordinates":[-80.013367,40.481119]},"properties":{"stop_id":"898","name":"PERRYSVILLE AVE + #3358","weekday_trips":83,"routes":["15","8"]}},{"type":"Feature","geometry":{"type":"Point","coordinates":[-79.958547,40.452687]},"properties":{"stop_id":"8980","name":"CLARISSA ST + CAMP","weekday_trips":28,"routes":["83"]}},{"type":"Feature","geometry":{"type":"Point","coordinates":[-80.013035,40.483082]},"properties":{"stop_id":"899","name":"PERRYSVILLE AVE + #3436","weekday_trips":83,"routes":["15","8"]}},{"type":"Feature","geometry":{"type":"Point","coordinates":[-79.995207,40.439841]},"properties":{"stop_id":"9","name":"STEEL PLAZA STATION","weekday_trips":146,"routes":["BLUE","RED","SLVR"]}},{"type":"Feature","geometry":{"type":"Point","coordinates":[-79.999029,40.399855]},"properties":{"stop_id":"90","name":"DENISE STATION","weekday_trips":84,"routes":["BLUE","SLVR"]}},{"type":"Feature","geometry":{"type":"Point","coordinates":[-80.013481,40.484191]},"properties":{"stop_id":"900","name":"PERRYSVILLE AVE + WATSON BLVD","weekday_trips":83,"routes":["15","8"]}},{"type":"Feature","geometry":{"type":"Point","coordinates":[-79.960494,40.454494]},"properties":{"stop_id":"9002","name":"ADELAIDE ST + MILWAUKEE","weekday_trips":28,"routes":["83"]}},{"type":"Feature","geometry":{"type":"Point","coordinates":[-79.972098,40.45092]},"properties":{"stop_id":"9007","name":"BEDFORD AVE + CHAUNCEY DR","weekday_trips":28,"routes":["83"]}},{"type":"Feature","geometry":{"type":"Point","coordinates":[-79.976469,40.449069]},"properties":{"stop_id":"9010","name":"BEDFORD AVE + SOMERS ST","weekday_trips":28,"routes":["83"]}},{"type":"Feature","geometry":{"type":"Point","coordinates":[-79.978277,40.448301]},"properties":{"stop_id":"9011","name":"BEDFORD AVE + MEMORY LN","weekday_trips":28,"routes":["83"]}},{"type":"Feature","geometry":{"type":"Point","coordinates":[-79.965703,40.441719]},"properties":{"stop_id":"9016","name":"ROBINSON ST + ELLERS","weekday_trips":30,"routes":["81"]}},{"type":"Feature","geometry":{"type":"Point","coordinates":[-79.965606,40.440422]},"properties":{"stop_id":"9017","name":"ROBINSON ST + TERRACE","weekday_trips":30,"routes":["81"]}},{"type":"Feature","geometry":{"type":"Point","coordinates":[-79.964965,40.440388]},"properties":{"stop_id":"9018","name":"TERRACE ST + DUNSEITH","weekday_trips":58,"routes":["81","83"]}},{"type":"Feature","geometry":{"type":"Point","coordinates":[-79.963844,40.440947]},"properties":{"stop_id":"9019","name":"TERRACE ST + CHESTERFIELD","weekday_trips":58,"routes":["81","83"]}},{"type":"Feature","geometry":{"type":"Point","coordinates":[-80.015549,40.485052]},"properties":{"stop_id":"902","name":"PERRYSVILLE AVE + CHERRYFIELD","weekday_trips":83,"routes":["15","8"]}},{"type":"Feature","geometry":{"type":"Point","coordinates":[-79.962883,40.441872]},"properties":{"stop_id":"9020","name":"TERRACE ST + DARRAGH","weekday_trips":58,"routes":["81","83"]}},{"type":"Feature","geometry":{"type":"Point","coordinates":[-79.961379,40.441153]},"properties":{"stop_id":"9021","name":"DARRAGH ST + VICTORIA","weekday_trips":58,"routes":["81","83"]}},{"type":"Feature","geometry":{"type":"Point","coordinates":[-79.960497,40.440692]},"properties":{"stop_id":"9022","name":"DARRAGH ST + FIFTH","weekday_trips":58,"routes":["81","83"]}},{"type":"Feature","geometry":{"type":"Point","coordinates":[-79.958405,40.440465]},"properties":{"stop_id":"9023","name":"FORBES AVE + MEYRAN","weekday_trips":485,"routes":["54","71A","71B","71C","71D","75","81","83","93","P3"]}},{"type":"Feature","geometry":{"type":"Point","coordinates":[-79.95704,40.441461]},"properties":{"stop_id":"9024","name":"FORBES AVE + OAKLAND","weekday_trips":485,"routes":["54","71A","71B","71C","71D","75","81","83","93","P3"]}},{"type":"Feature","geometry":{"type":"Point","coordinates":[-79.959714,40.443129]},"properties":{"stop_id":"9028","name":"DESOTO ST + OHARA","weekday_trips":58,"routes":["81","83"]}},{"type":"Feature","geometry":{"type":"Point","coordinates":[-79.962786,40.44209]},"properties":{"stop_id":"9030","name":"TERRACE ST + DARRAGH","weekday_trips":58,"routes":["81","83"]}},{"type":"Feature","geometry":{"type":"Point","coordinates":[-79.963867,40.441039]},"properties":{"stop_id":"9031","name":"TERRACE ST + CHESTERFIELD","weekday_trips":58,"routes":["81","83"]}},{"type":"Feature","geometry":{"type":"Point","coordinates":[-79.965411,40.440393]},"properties":{"stop_id":"9032","name":"TERRACE ST + ROBINSON","weekday_trips":58,"routes":["81","83"]}},{"type":"Feature","geometry":{"type":"Point","coordinates":[-79.965686,40.442756]},"properties":{"stop_id":"9034","name":"ROBINSON ST + ALLEQUIPPA","weekday_trips":30,"routes":["81"]}},{"type":"Feature","geometry":{"type":"Point","coordinates":[-80.016145,40.486722]},"properties":{"stop_id":"904","name":"PERRYSVILLE AVE + RICHEY","weekday_trips":83,"routes":["15","8"]}},{"type":"Feature","geometry":{"type":"Point","coordinates":[-79.97232,40.450739]},"properties":{"stop_id":"9044","name":"BEDFORD AVE + WATT LANE","weekday_trips":28,"routes":["83"]}},{"type":"Feature","geometry":{"type":"Point","coordinates":[-79.965257,40.452875]},"properties":{"stop_id":"9049","name":"BEDFORD AVE + HERRON AVE","weekday_trips":28,"routes":["83"]}},{"type":"Feature","geometry":{"type":"Point","coordinates":[-80.016424,40.488096]},"properties":{"stop_id":"905","name":"PERRYSVILLE AVE + #3820","weekday_trips":83,"routes":["15","8"]}},{"type":"Feature","geometry":{"type":"Point","coordinates":[-79.957995,40.453388]},"properties":{"stop_id":"9057","name":"ADELAIDE ST + CAMP","weekday_trips":28,"routes":["83"]}},{"type":"Feature","geometry":{"type":"Point","coordinates":[-80.018169,40.489284]},"properties":{"stop_id":"906","name":"PERRYSVILLE AVE + EAST ST","weekday_trips":83,"routes":["15","8"]}},{"type":"Feature","geometry":{"type":"Point","coordinates":[-79.962186,40.43632]},"properties":{"stop_id":"9074","name":"CRAFT AVE + HAMLET","weekday_trips":50,"routes":["58","93"]}},{"type":"Feature","geometry":{"type":"Point","coordinates":[-79.868185,40.451116]},"properties":{"stop_id":"9099","name":"ROBINSON BLVD + SUNRISE","weekday_trips":32,"routes":["79","P17"]}},{"type":"Feature","geometry":{"type":"Point","coordinates":[-79.998987,40.399416]},"properties":{"stop_id":"91","name":"DENISE STATION","weekday_trips":84,"routes":["BLUE","SLVR"]}},{"type":"Feature","geometry":{"type":"Point","coordinates":[-79.867401,40.460926]},"properties":{"stop_id":"9102","name":"FRANKSTOWN RD + OVERBROOK RD","weekday_trips":25,"routes":["77"]}},{"type":"Feature","geometry":{"type":"Point","coordinates":[-79.872337,40.460927]},"properties":{"stop_id":"9103","name":"FRANKSTOWN RD + #8881","weekday_trips":25,"routes":["77"]}},{"type":"Feature","geometry":{"type":"Point","coordinates":[-79.873744,40.460007]},"properties":{"stop_id":"9104","name":"FRANKSTOWN RD + WOODS RD","weekday_trips":25,"routes":["77"]}},{"type":"Feature","geometry":{"type":"Point","coordinates":[-79.875839,40.45821]},"properties":{"stop_id":"9105","name":"FRANKSTOWN AVE + WILKINSBURG AVE","weekday_trips":25,"routes":["77"]}},{"type":"Feature","geometry":{"type":"Point","coordinates":[-79.877624,40.457215]},"properties":{"stop_id":"9106","name":"FRANKSTOWN AVE + STANDARD AVE","weekday_trips":25,"routes":["77"]}},{"type":"Feature","geometry":{"type":"Point","coordinates":[-79.885869,40.455114]},"properties":{"stop_id":"9109","name":"FRANKSTOWN AVE + OAKWOOD ST","weekday_trips":25,"routes":["77"]}},{"type":"Feature","geometry":{"type":"Point","coordinates":[-79.887932,40.455527]},"properties":{"stop_id":"9110","name":"FRANKSTOWN AVE + BRUSHTON AVE","weekday_trips":60,"routes":["77","86"]}},{"type":"Feature","geometry":{"type":"Point","coordinates":[-79.889557,40.45591]},"properties":{"stop_id":"9111","name":"FRANKSTOWN AVE + BRADDOCK AVE","weekday_trips":60,"routes":["77","86"]}},{"type":"Feature","geometry":{"type":"Point","coordinates":[-79.891705,40.456394]},"properties":{"stop_id":"9112","name":"FRANKSTOWN AVE + COLLIER ST","weekday_trips":60,"routes":["77","86"]}},{"type":"Feature","geometry":{"type":"Point","coordinates":[-79.893952,40.456902]},"properties":{"stop_id":"9113","name":"FRANKSTOWN AVE + STERRETT ST","weekday_trips":60,"routes":["77","86"]}},{"type":"Feature","geometry":{"type":"Point","coordinates":[-79.89612,40.457396]},"properties":{"stop_id":"9114","name":"FRANKSTOWN AVE + HOMEWOOD AVE","weekday_trips":60,"routes":["77","86"]}},{"type":"Feature","geometry":{"type":"Point","coordinates":[-79.898244,40.457885]},"properties":{"stop_id":"9115","name":"FRANKSTOWN AVE + LANG AVE NS","weekday_trips":60,"routes":["77","86"]}},{"type":"Feature","geometry":{"type":"Point","coordinates":[-79.90094,40.458485]},"properties":{"stop_id":"9116","name":"FRANKSTOWN AVE + MURTLAND ST","weekday_trips":60,"routes":["77","86"]}},{"type":"Feature","geometry":{"type":"Point","coordinates":[-79.903634,40.458174]},"properties":{"stop_id":"9117","name":"FRANKSTOWN AVE + EAST VIEW ST","weekday_trips":60,"routes":["77","86"]}},{"type":"Feature","geometry":{"type":"Point","coordinates":[-79.905863,40.458329]},"properties":{"stop_id":"9119","name":"FRANKSTOWN AVE + LASCHALL ST","weekday_trips":60,"routes":["77","86"]}},{"type":"Feature","geometry":{"type":"Point","coordinates":[-79.907788,40.458667]},"properties":{"stop_id":"9120","name":"FRANKSTOWN AVE + WASHINGTON BLVD","weekday_trips":60,"routes":["77","86"]}},{"type":"Feature","geometry":{"type":"Point","coordinates":[-79.909511,40.459058]},"properties":{"stop_id":"9121","name":"FRANKSTOWN AVE + FINLEY ST NS","weekday_trips":60,"routes":["77","86"]}},{"type":"Feature","geometry":{"type":"Point","coordinates":[-79.911281,40.459623]},"properties":{"stop_id":"9122","name":"FRANKSTOWN AVE + JULIUS ST","weekday_trips":60,"routes":["77","86"]}},{"type":"Feature","geometry":{"type":"Point","coordinates":[-79.913294,40.460306]},"properties":{"stop_id":"9123","name":"FRANKSTOWN AVE + LINCOLN AVE","weekday_trips":60,"routes":["77","86"]}},{"type":"Feature","geometry":{"type":"Point","coordinates":[-79.93096,40.46318]},"properties":{"stop_id":"9125","name":"NEGLEY AVE + PENN AVE FS","weekday_trips":189,"routes":["71A","71C","77","87"]}},{"type":"Feature","geometry":{"type":"Point","coordinates":[-79.945061,40.459455]},"properties":{"stop_id":"9127","name":"LIBERTY AVE + GROSS","weekday_trips":71,"routes":["64","86"]}},{"type":"Feature","geometry":{"type":"Point","coordinates":[-79.927033,40.462162]},"properties":{"stop_id":"9128","name":"PENN AVE + BEATTY ST","weekday_trips":120,"routes":["71C","77","88"]}},{"type":"Feature","geometry":{"type":"Point","coordinates":[-80.028087,40.500124]},"properties":{"stop_id":"913","name":"CONNIE DR + #110","weekday_trips":33,"routes":["17"]}},{"type":"Feature","geometry":{"type":"Point","coordinates":[-79.912514,40.459953]},"properties":{"stop_id":"9130","name":"FRANKSTOWN AVE + PUTNAM ST","weekday_trips":58,"routes":["77","86"]}},{"type":"Feature","geometry":{"type":"Point","coordinates":[-79.911476,40.459618]},"properties":{"stop_id":"9131","name":"FRANKSTOWN AVE + JULIUS ST","weekday_trips":58,"routes":["77","86"]}},{"type":"Feature","geometry":{"type":"Point","coordinates":[-79.909648,40.459017]},"properties":{"stop_id":"9132","name":"FRANKSTOWN AVE + FINLEY ST FS","weekday_trips":58,"routes":["77","86"]}},{"type":"Feature","geometry":{"type":"Point","coordinates":[-79.908211,40.458678]},"properties":{"stop_id":"9133","name":"FRANKSTOWN AVE + 5TH AVE","weekday_trips":58,"routes":["77","86"]}},{"type":"Feature","geometry":{"type":"Point","coordinates":[-79.906265,40.458317]},"properties":{"stop_id":"9134","name":"FRANKSTOWN AVE + LASCHALL ST","weekday_trips":58,"routes":["77","86"]}},{"type":"Feature","geometry":{"type":"Point","coordinates":[-79.904995,40.458107]},"properties":{"stop_id":"9135","name":"FRANKSTOWN AVE + INWOOD ST","weekday_trips":58,"routes":["77","86"]}},{"type":"Feature","geometry":{"type":"Point","coordinates":[-79.903669,40.458086]},"properties":{"stop_id":"9136","name":"FRANKSTOWN AVE + BENNETT ST FS","weekday_trips":58,"routes":["77","86"]}},{"type":"Feature","geometry":{"type":"Point","coordinates":[-79.90125,40.458486]},"properties":{"stop_id":"9137","name":"FRANKSTOWN AVE + MURTLAND ST","weekday_trips":58,"routes":["77","86"]}},{"type":"Feature","geometry":{"type":"Point","coordinates":[-79.898687,40.4579]},"properties":{"stop_id":"9138","name":"FRANKSTOWN AVE + LANG AVE","weekday_trips":58,"routes":["77","86"]}},{"type":"Feature","geometry":{"type":"Point","coordinates":[-79.897454,40.457625]},"properties":{"stop_id":"9139","name":"FRANKSTOWN AVE + HOMEWOOD HOUSE","weekday_trips":58,"routes":["77","86"]}},{"type":"Feature","geometry":{"type":"Point","coordinates":[-79.896445,40.45739]},"properties":{"stop_id":"9140","name":"FRANKSTOWN AVE + HOMEWOOD AVE","weekday_trips":58,"routes":["77","86"]}},{"type":"Feature","geometry":{"type":"Point","coordinates":[-79.894269,40.456898]},"properties":{"stop_id":"9141","name":"FRANKSTOWN AVE + STERRETT ST","weekday_trips":58,"routes":["77","86"]}},{"type":"Feature","geometry":{"type":"Point","coordinates":[-79.892053,40.45639]},"properties":{"stop_id":"9142","name":"FRANKSTOWN AVE + COLLIER ST","weekday_trips":58,"routes":["77","86"]}},{"type":"Feature","geometry":{"type":"Point","coordinates":[-79.89016,40.455961]},"properties":{"stop_id":"9143","name":"FRANKSTOWN AVE + BRADDOCK AVE","weekday_trips":58,"routes":["77","86"]}},{"type":"Feature","geometry":{"type":"Point","coordinates":[-79.888214,40.455516]},"properties":{"stop_id":"9144","name":"FRANKSTOWN AVE + BRUSHTON AVE","weekday_trips":58,"routes":["77","86"]}},{"type":"Feature","geometry":{"type":"Point","coordinates":[-79.886238,40.455071]},"properties":{"stop_id":"9145","name":"FRANKSTOWN AVE + OAKWOOD ST","weekday_trips":58,"routes":["77","86"]}},{"type":"Feature","geometry":{"type":"Point","coordinates":[-79.879877,40.455089]},"properties":{"stop_id":"9149","name":"FRANKSTOWN AVE + DORNBUSH ST","weekday_trips":23,"routes":["77"]}},{"type":"Feature","geometry":{"type":"Point","coordinates":[-79.873906,40.459716]},"properties":{"stop_id":"9152","name":"FRANKSTOWN RD + WOODS RD","weekday_trips":23,"routes":["77"]}},{"type":"Feature","geometry":{"type":"Point","coordinates":[-79.872936,40.460521]},"properties":{"stop_id":"9153","name":"FRANKSTOWN RD + EYMARD ST FS","weekday_trips":23,"routes":["77"]}},{"type":"Feature","geometry":{"type":"Point","coordinates":[-79.867165,40.460865]},"properties":{"stop_id":"9155","name":"FRANKSTOWN RD + ROBINSON BLVD NS","weekday_trips":23,"routes":["77"]}},{"type":"Feature","geometry":{"type":"Point","coordinates":[-80.024817,40.499467]},"properties":{"stop_id":"916","name":"CONNIE DR + MERWOOD","weekday_trips":33,"routes":["17"]}},{"type":"Feature","geometry":{"type":"Point","coordinates":[-79.87204,40.454613]},"properties":{"stop_id":"9164","name":"EAST HILLS DR + #2220","weekday_trips":31,"routes":["79","P17"]}},{"type":"Feature","geometry":{"type":"Point","coordinates":[-79.869209,40.454144]},"properties":{"stop_id":"9166","name":"WILNER DR + #2278","weekday_trips":63,"routes":["79","P17"]}},{"type":"Feature","geometry":{"type":"Point","coordinates":[-79.867246,40.45404]},"properties":{"stop_id":"9167","name":"WILNER DR + BRACEY","weekday_trips":63,"routes":["79","P17"]}},{"type":"Feature","geometry":{"type":"Point","coordinates":[-79.866758,40.452763]},"properties":{"stop_id":"9168","name":"WILNER DR + ROBINSON","weekday_trips":63,"routes":["79","P17"]}},{"type":"Feature","geometry":{"type":"Point","coordinates":[-79.868341,40.451243]},"properties":{"stop_id":"9169","name":"ROBINSON BLVD + SUNRISE","weekday_trips":31,"routes":["79","P17"]}},{"type":"Feature","geometry":{"type":"Point","coordinates":[-80.023384,40.498524]},"properties":{"stop_id":"917","name":"CONNIE DR + MULKERIN","weekday_trips":33,"routes":["17"]}},{"type":"Feature","geometry":{"type":"Point","coordinates":[-79.930203,40.463414]},"properties":{"stop_id":"9172","name":"PENN AVE + NEGLEY","weekday_trips":35,"routes":["88"]}},{"type":"Feature","geometry":{"type":"Point","coordinates":[-79.936226,40.464718]},"properties":{"stop_id":"9175","name":"PENN AVE + AIKEN","weekday_trips":35,"routes":["88"]}},{"type":"Feature","geometry":{"type":"Point","coordinates":[-79.938461,40.464607]},"properties":{"stop_id":"9176","name":"PENN AVE + ATLANTIC","weekday_trips":67,"routes":["88","89"]}},{"type":"Feature","geometry":{"type":"Point","coordinates":[-79.941002,40.46476]},"properties":{"stop_id":"9177","name":"PENN AVE + EVALINE","weekday_trips":35,"routes":["88"]}},{"type":"Feature","geometry":{"type":"Point","coordinates":[-79.953405,40.466021]},"properties":{"stop_id":"9183","name":"PENN AVE + 44TH (CHILDRENS HOSPITAL)","weekday_trips":71,"routes":["64","88"]}},{"type":"Feature","geometry":{"type":"Point","coordinates":[-79.955054,40.465725]},"properties":{"stop_id":"9184","name":"PENN AVE + MAIN","weekday_trips":71,"routes":["64","88"]}},{"type":"Feature","geometry":{"type":"Point","coordinates":[-79.953722,40.465871]},"properties":{"stop_id":"9185","name":"PENN AVE + 44TH (CHILDRENS HOSPITAL)","weekday_trips":71,"routes":["64","88"]}},{"type":"Feature","geometry":{"type":"Point","coordinates":[-80.022881,40.496384]},"properties":{"stop_id":"919","name":"CONNIE DR + OLD CONNIE","weekday_trips":33,"routes":["17"]}},{"type":"Feature","geometry":{"type":"Point","coordinates":[-79.885453,40.453159]},"properties":{"stop_id":"9198","name":"OAKWOOD ST + KELLY","weekday_trips":35,"routes":["86"]}},{"type":"Feature","geometry":{"type":"Point","coordinates":[-79.99833,40.393266]},"properties":{"stop_id":"92","name":"SOUTH BANK STATION","weekday_trips":84,"routes":["BLUE","SLVR"]}},{"type":"Feature","geometry":{"type":"Point","coordinates":[-80.02034,40.496327]},"properties":{"stop_id":"920","name":"CONNIE DR + PERRY","weekday_trips":33,"routes":["17"]}},{"type":"Feature","geometry":{"type":"Point","coordinates":[-79.884536,40.450724]},"properties":{"stop_id":"9200","name":"OAKWOOD ST + INGLENOOK FS","weekday_trips":96,"routes":["71D","86"]}},{"type":"Feature","geometry":{"type":"Point","coordinates":[-79.884202,40.449361]},"properties":{"stop_id":"9201","name":"OAKWOOD ST + TIOGA","weekday_trips":96,"routes":["71D","86"]}},{"type":"Feature","geometry":{"type":"Point","coordinates":[-79.93824,40.465744]},"properties":{"stop_id":"9212","name":"ATLANTIC AVE + BROAD","weekday_trips":16,"routes":["89"]}},{"type":"Feature","geometry":{"type":"Point","coordinates":[-79.937815,40.467313]},"properties":{"stop_id":"9214","name":"ATLANTIC AVE + ROSETTA","weekday_trips":16,"routes":["89"]}},{"type":"Feature","geometry":{"type":"Point","coordinates":[-79.938063,40.468215]},"properties":{"stop_id":"9215","name":"HILLCREST ST + ATLANTIC","weekday_trips":16,"routes":["89"]}},{"type":"Feature","geometry":{"type":"Point","coordinates":[-79.938956,40.46912]},"properties":{"stop_id":"9217","name":"COLUMBO ST + PACIFIC","weekday_trips":16,"routes":["89"]}},{"type":"Feature","geometry":{"type":"Point","coordinates":[-79.940106,40.471602]},"properties":{"stop_id":"9219","name":"COLUMBO ST + SCHENLEY","weekday_trips":16,"routes":["89"]}},{"type":"Feature","geometry":{"type":"Point","coordinates":[-80.028262,40.50977]},"properties":{"stop_id":"922","name":"CENTER AVE + PERRYSVILLE","weekday_trips":53,"routes":["8"]}},{"type":"Feature","geometry":{"type":"Point","coordinates":[-79.938809,40.47197]},"properties":{"stop_id":"9220","name":"SCHENLEY AVE + PACIFIC AVE","weekday_trips":16,"routes":["89"]}},{"type":"Feature","geometry":{"type":"Point","coordinates":[-79.932941,40.470642]},"properties":{"stop_id":"9224","name":"BLACK ST + AIKEN","weekday_trips":16,"routes":["89"]}},{"type":"Feature","geometry":{"type":"Point","coordinates":[-79.930359,40.46973]},"properties":{"stop_id":"9225","name":"BLACK ST + CHISLETT","weekday_trips":16,"routes":["89"]}},{"type":"Feature","geometry":{"type":"Point","coordinates":[-79.927757,40.468788]},"properties":{"stop_id":"9226","name":"BLACK ST + NEGLEY","weekday_trips":16,"routes":["89"]}},{"type":"Feature","geometry":{"type":"Point","coordinates":[-79.925528,40.466662]},"properties":{"stop_id":"9228","name":"EAST LIBERTY BLVD + EUCLID","weekday_trips":16,"routes":["89"]}},{"type":"Feature","geometry":{"type":"Point","coordinates":[-79.921753,40.465836]},"properties":{"stop_id":"9233","name":"EAST LIBERTY BLVD + HIGHLAND","weekday_trips":58,"routes":["74","75"]}},{"type":"Feature","geometry":{"type":"Point","coordinates":[-79.925108,40.466732]},"properties":{"stop_id":"9234","name":"EAST LIBERTY BLVD + EUCLID","weekday_trips":16,"routes":["89"]}},{"type":"Feature","geometry":{"type":"Point","coordinates":[-79.927925,40.467743]},"properties":{"stop_id":"9235","name":"EAST LIBERTY BLVD + NEGLEY","weekday_trips":16,"routes":["89"]}},{"type":"Feature","geometry":{"type":"Point","coordinates":[-79.928055,40.468979]},"properties":{"stop_id":"9236","name":"BLACK ST + NEGLEY FS","weekday_trips":16,"routes":["89"]}},{"type":"Feature","geometry":{"type":"Point","coordinates":[-79.929984,40.469684]},"properties":{"stop_id":"9237","name":"BLACK ST + CHISLETT","weekday_trips":16,"routes":["89"]}},{"type":"Feature","geometry":{"type":"Point","coordinates":[-79.938845,40.472022]},"properties":{"stop_id":"9242","name":"SCHENLEY AVE + PACIFIC","weekday_trips":16,"routes":["89"]}},{"type":"Feature","geometry":{"type":"Point","coordinates":[-79.939239,40.469095]},"properties":{"stop_id":"9246","name":"COLUMBO ST + PACIFIC AVE","weekday_trips":16,"routes":["89"]}},{"type":"Feature","geometry":{"type":"Point","coordinates":[-79.938188,40.468291]},"properties":{"stop_id":"9248","name":"ATLANTIC AVE + HILLCREST","weekday_trips":16,"routes":["89"]}},{"type":"Feature","geometry":{"type":"Point","coordinates":[-79.936562,40.467946]},"properties":{"stop_id":"9249","name":"HILLCREST ST + FANNELL","weekday_trips":16,"routes":["89"]}},{"type":"Feature","geometry":{"type":"Point","coordinates":[-80.025693,40.513314]},"properties":{"stop_id":"925","name":"CENTER AVE + FRANKFORT AVE","weekday_trips":53,"routes":["8"]}},{"type":"Feature","geometry":{"type":"Point","coordinates":[-79.934766,40.467689]},"properties":{"stop_id":"9251","name":"HILLCREST ST + AIKEN","weekday_trips":16,"routes":["89"]}},{"type":"Feature","geometry":{"type":"Point","coordinates":[-79.935038,40.467076]},"properties":{"stop_id":"9252","name":"AIKEN AVE + ROSETTA","weekday_trips":16,"routes":["89"]}},{"type":"Feature","geometry":{"type":"Point","coordinates":[-79.935494,40.466325]},"properties":{"stop_id":"9253","name":"AIKEN AVE + KINCAID","weekday_trips":16,"routes":["89"]}},{"type":"Feature","geometry":{"type":"Point","coordinates":[-79.936414,40.464795]},"properties":{"stop_id":"9255","name":"AIKEN AVE + PENN","weekday_trips":16,"routes":["89"]}},{"type":"Feature","geometry":{"type":"Point","coordinates":[-79.909137,40.457103]},"properties":{"stop_id":"9257","name":"5TH AVE + HAMILTON","weekday_trips":5,"routes":["P10"]}},{"type":"Feature","geometry":{"type":"Point","coordinates":[-79.947888,40.484288]},"properties":{"stop_id":"9259","name":"56TH ST + BUTLER","weekday_trips":69,"routes":["87","93"]}},{"type":"Feature","geometry":{"type":"Point","coordinates":[-80.024165,40.514329]},"properties":{"stop_id":"926","name":"CENTER AVE + OAKWOOD","weekday_trips":53,"routes":["8"]}},{"type":"Feature","geometry":{"type":"Point","coordinates":[-79.94971,40.483737]},"properties":{"stop_id":"9260","name":"BUTLER ST + 55TH ST","weekday_trips":108,"routes":["87","91","93"]}},{"type":"Feature","geometry":{"type":"Point","coordinates":[-79.951151,40.482944]},"properties":{"stop_id":"9261","name":"BUTLER ST + 54TH ST","weekday_trips":108,"routes":["87","91","93"]}},{"type":"Feature","geometry":{"type":"Point","coordinates":[-79.953264,40.481755]},"properties":{"stop_id":"9262","name":"BUTLER ST + MCCANDLESS AVE","weekday_trips":108,"routes":["87","91","93"]}},{"type":"Feature","geometry":{"type":"Point","coordinates":[-79.954463,40.480536]},"properties":{"stop_id":"9263","name":"BUTLER ST + 52ND ST","weekday_trips":108,"routes":["87","91","93"]}},{"type":"Feature","geometry":{"type":"Point","coordinates":[-79.955326,40.478069]},"properties":{"stop_id":"9264","name":"STANTON AVE + BUTLER ST FS","weekday_trips":20,"routes":["87"]}},{"type":"Feature","geometry":{"type":"Point","coordinates":[-79.950501,40.477516]},"properties":{"stop_id":"9268","name":"STANTON AVE + 52ND","weekday_trips":20,"routes":["87"]}},{"type":"Feature","geometry":{"type":"Point","coordinates":[-80.023044,40.515096]},"properties":{"stop_id":"927","name":"CENTER AVE + RIDGEWOOD (STEPS)","weekday_trips":53,"routes":["8"]}},{"type":"Feature","geometry":{"type":"Point","coordinates":[-79.947708,40.477775]},"properties":{"stop_id":"9270","name":"STANTON AVE + STEPS FS","weekday_trips":20,"routes":["87"]}},{"type":"Feature","geometry":{"type":"Point","coordinates":[-79.942445,40.480438]},"properties":{"stop_id":"9273","name":"STANTON AVE + #4340","weekday_trips":20,"routes":["87"]}},{"type":"Feature","geometry":{"type":"Point","coordinates":[-79.940844,40.481744]},"properties":{"stop_id":"9274","name":"STANTON AVE + MCCANDLESS AVE NS","weekday_trips":20,"routes":["87"]}},{"type":"Feature","geometry":{"type":"Point","coordinates":[-79.939531,40.48175]},"properties":{"stop_id":"9275","name":"STANTON AVE + WOODBINE","weekday_trips":20,"routes":["87"]}},{"type":"Feature","geometry":{"type":"Point","coordinates":[-79.930902,40.473278]},"properties":{"stop_id":"9283","name":"STANTON AVE + CHISLETT ST","weekday_trips":72,"routes":["75","87"]}},{"type":"Feature","geometry":{"type":"Point","coordinates":[-79.928604,40.472374]},"properties":{"stop_id":"9284","name":"STANTON AVE + HETHS","weekday_trips":72,"routes":["75","87"]}},{"type":"Feature","geometry":{"type":"Point","coordinates":[-79.92658,40.471596]},"properties":{"stop_id":"9285","name":"STANTON AVE + NEGLEY","weekday_trips":72,"routes":["75","87"]}},{"type":"Feature","geometry":{"type":"Point","coordinates":[-79.925085,40.471068]},"properties":{"stop_id":"9286","name":"STANTON AVE + MELLON ST","weekday_trips":33,"routes":["75"]}},{"type":"Feature","geometry":{"type":"Point","coordinates":[-79.923181,40.470394]},"properties":{"stop_id":"9288","name":"STANTON AVE + EUCLID AVE","weekday_trips":33,"routes":["75"]}},{"type":"Feature","geometry":{"type":"Point","coordinates":[-80.022009,40.516639]},"properties":{"stop_id":"929","name":"CENTER AVE + HAWTHORNE","weekday_trips":53,"routes":["8"]}},{"type":"Feature","geometry":{"type":"Point","coordinates":[-79.922946,40.4704]},"properties":{"stop_id":"9297","name":"STANTON AVE + EUCLID AVE","weekday_trips":33,"routes":["75"]}},{"type":"Feature","geometry":{"type":"Point","coordinates":[-79.924842,40.471076]},"properties":{"stop_id":"9299","name":"STANTON AVE + MELLON ST","weekday_trips":33,"routes":["75"]}},{"type":"Feature","geometry":{"type":"Point","coordinates":[-79.998309,40.392837]},"properties":{"stop_id":"93","name":"SOUTH BANK STATION","weekday_trips":84,"routes":["BLUE","SLVR"]}},{"type":"Feature","geometry":{"type":"Point","coordinates":[-79.928469,40.472427]},"properties":{"stop_id":"9301","name":"STANTON AVE + HETHS","weekday_trips":72,"routes":["75","87"]}},{"type":"Feature","geometry":{"type":"Point","coordinates":[-79.929756,40.472922]},"properties":{"stop_id":"9302","name":"STANTON AVE + HIGHVIEW","weekday_trips":72,"routes":["75","87"]}},{"type":"Feature","geometry":{"type":"Point","coordinates":[-79.930598,40.473259]},"properties":{"stop_id":"9303","name":"STANTON AVE + CHISLETT ST","weekday_trips":72,"routes":["75","87"]}},{"type":"Feature","geometry":{"type":"Point","coordinates":[-79.931448,40.474]},"properties":{"stop_id":"9304","name":"STANTON AVE + JANCEY","weekday_trips":19,"routes":["87"]}},{"type":"Feature","geometry":{"type":"Point","coordinates":[-80.025228,40.51893]},"properties":{"stop_id":"931","name":"CENTER AVE + TOWNSHIP","weekday_trips":53,"routes":["8"]}},{"type":"Feature","geometry":{"type":"Point","coordinates":[-79.954758,40.477784]},"properties":{"stop_id":"9322","name":"STANTON AVE + CARNEGIE","weekday_trips":19,"routes":["87"]}},{"type":"Feature","geometry":{"type":"Point","coordinates":[-79.954491,40.480283]},"properties":{"stop_id":"9324","name":"BUTLER ST + 52ND ST","weekday_trips":106,"routes":["87","91","93"]}},{"type":"Feature","geometry":{"type":"Point","coordinates":[-79.95359,40.481472]},"properties":{"stop_id":"9325","name":"BUTLER ST + MCCANDLESS AVE","weekday_trips":106,"routes":["87","91","93"]}},{"type":"Feature","geometry":{"type":"Point","coordinates":[-79.951281,40.482786]},"properties":{"stop_id":"9326","name":"BUTLER ST + 54TH ST","weekday_trips":106,"routes":["87","91","93"]}},{"type":"Feature","geometry":{"type":"Point","coordinates":[-79.949988,40.483504]},"properties":{"stop_id":"9327","name":"BUTLER ST + 55TH ST","weekday_trips":106,"routes":["87","91","93"]}},{"type":"Feature","geometry":{"type":"Point","coordinates":[-79.886433,40.487113]},"properties":{"stop_id":"9329","name":"FREEPORT RD + MAIN ENTRANCE (WATERWORKS)","weekday_trips":123,"routes":["1","75","91"]}},{"type":"Feature","geometry":{"type":"Point","coordinates":[-79.921672,40.487464]},"properties":{"stop_id":"9330","name":"BAKER ST + GALLATIN","weekday_trips":52,"routes":["75","87"]}},{"type":"Feature","geometry":{"type":"Point","coordinates":[-79.924786,40.487679]},"properties":{"stop_id":"9331","name":"JANCEY ST + GAEL WAY","weekday_trips":52,"routes":["75","87"]}},{"type":"Feature","geometry":{"type":"Point","coordinates":[-79.92544,40.48695]},"properties":{"stop_id":"9332","name":"JANCEY ST + #1853","weekday_trips":52,"routes":["75","87"]}},{"type":"Feature","geometry":{"type":"Point","coordinates":[-79.926461,40.486014]},"properties":{"stop_id":"9333","name":"JANCEY ST + GREENWOOD","weekday_trips":52,"routes":["75","87"]}},{"type":"Feature","geometry":{"type":"Point","coordinates":[-79.927788,40.48497]},"properties":{"stop_id":"9334","name":"JANCEY ST + MARTHA","weekday_trips":52,"routes":["75","87"]}},{"type":"Feature","geometry":{"type":"Point","coordinates":[-79.928725,40.482677]},"properties":{"stop_id":"9335","name":"JANCEY ST + VILSACK","weekday_trips":52,"routes":["75","87"]}},{"type":"Feature","geometry":{"type":"Point","coordinates":[-79.929232,40.481113]},"properties":{"stop_id":"9336","name":"JANCEY ST + VETTER","weekday_trips":52,"routes":["75","87"]}},{"type":"Feature","geometry":{"type":"Point","coordinates":[-79.929774,40.479447]},"properties":{"stop_id":"9337","name":"JANCEY ST + BRYANT","weekday_trips":52,"routes":["75","87"]}},{"type":"Feature","geometry":{"type":"Point","coordinates":[-79.930466,40.47731]},"properties":{"stop_id":"9338","name":"JANCEY ST + HAMPTON","weekday_trips":52,"routes":["75","87"]}},{"type":"Feature","geometry":{"type":"Point","coordinates":[-79.930827,40.476175]},"properties":{"stop_id":"9339","name":"JANCEY ST + WELLESLEY","weekday_trips":52,"routes":["75","87"]}},{"type":"Feature","geometry":{"type":"Point","coordinates":[-79.931448,40.474308]},"properties":{"stop_id":"9340","name":"JANCEY ST + STANTON","weekday_trips":52,"routes":["75","87"]}},{"type":"Feature","geometry":{"type":"Point","coordinates":[-79.915977,40.460932]},"properties":{"stop_id":"9342","name":"EAST LIBERTY BLVD + BROAD","weekday_trips":33,"routes":["75"]}},{"type":"Feature","geometry":{"type":"Point","coordinates":[-79.929487,40.476962]},"properties":{"stop_id":"9346","name":"CHISLETT ST + HAMPTON","weekday_trips":53,"routes":["75","87"]}},{"type":"Feature","geometry":{"type":"Point","coordinates":[-79.92884,40.478971]},"properties":{"stop_id":"9347","name":"CHISLETT ST + BRYANT","weekday_trips":53,"routes":["75","87"]}},{"type":"Feature","geometry":{"type":"Point","coordinates":[-79.928267,40.480749]},"properties":{"stop_id":"9348","name":"CHISLETT ST + VETTER","weekday_trips":53,"routes":["75","87"]}},{"type":"Feature","geometry":{"type":"Point","coordinates":[-79.927764,40.482279]},"properties":{"stop_id":"9349","name":"CHISLETT ST + VILLANOVA","weekday_trips":53,"routes":["75","87"]}},{"type":"Feature","geometry":{"type":"Point","coordinates":[-79.927122,40.484272]},"properties":{"stop_id":"9350","name":"CHISLETT ST + MARTHA","weekday_trips":53,"routes":["75","87"]}},{"type":"Feature","geometry":{"type":"Point","coordinates":[-79.925947,40.485262]},"properties":{"stop_id":"9351","name":"CHISLETT ST + GREENWOOD","weekday_trips":53,"routes":["75","87"]}},{"type":"Feature","geometry":{"type":"Point","coordinates":[-79.926432,40.485885]},"properties":{"stop_id":"9352","name":"GREENWOOD ST + JANCEY","weekday_trips":53,"routes":["75","87"]}},{"type":"Feature","geometry":{"type":"Point","coordinates":[-79.925194,40.4871]},"properties":{"stop_id":"9353","name":"JANCEY ST + #1842","weekday_trips":53,"routes":["75","87"]}},{"type":"Feature","geometry":{"type":"Point","coordinates":[-79.921928,40.487457]},"properties":{"stop_id":"9355","name":"BAKER ST + GALLATIN","weekday_trips":53,"routes":["75","87"]}},{"type":"Feature","geometry":{"type":"Point","coordinates":[-79.893883,40.487635]},"properties":{"stop_id":"9356","name":"WATERWORKS MALL + GIANT EAGLE","weekday_trips":121,"routes":["1","75","91"]}},{"type":"Feature","geometry":{"type":"Point","coordinates":[-79.875718,40.488368]},"properties":{"stop_id":"9361","name":"OLD FREEPORT RD + POST OFFICE","weekday_trips":57,"routes":["91"]}},{"type":"Feature","geometry":{"type":"Point","coordinates":[-79.981741,40.366037]},"properties":{"stop_id":"9364","name":"BROWNSVILLE RD + MEADOWBROOK BLVD","weekday_trips":52,"routes":["51","51L"]}},{"type":"Feature","geometry":{"type":"Point","coordinates":[-79.975557,40.369195]},"properties":{"stop_id":"9368","name":"BROWNSVILLE RD + KAUFMANN AVE","weekday_trips":52,"routes":["51","51L"]}},{"type":"Feature","geometry":{"type":"Point","coordinates":[-79.975491,40.375122]},"properties":{"stop_id":"9373","name":"BROWNSVILLE RD + PARK DR","weekday_trips":52,"routes":["51","51L"]}},{"type":"Feature","geometry":{"type":"Point","coordinates":[-79.975362,40.377797]},"properties":{"stop_id":"9375","name":"BROWNSVILLE RD + E GARDEN RD","weekday_trips":52,"routes":["51","51L"]}},{"type":"Feature","geometry":{"type":"Point","coordinates":[-79.975903,40.380932]},"properties":{"stop_id":"9377","name":"BROWNSVILLE RD OPP BRENTWOOD LOOP","weekday_trips":52,"routes":["51","51L"]}},{"type":"Feature","geometry":{"type":"Point","coordinates":[-79.976741,40.382785]},"properties":{"stop_id":"9379","name":"BROWNSVILLE RD + STEWART AVE","weekday_trips":105,"routes":["51"]}},{"type":"Feature","geometry":{"type":"Point","coordinates":[-79.977546,40.384114]},"properties":{"stop_id":"9380","name":"BROWNSVILLE RD + SANKEY AVE","weekday_trips":112,"routes":["51","51L"]}},{"type":"Feature","geometry":{"type":"Point","coordinates":[-80.004684,40.377718]},"properties":{"stop_id":"94","name":"MCNEILLY STATION","weekday_trips":84,"routes":["BLUE","SLVR"]}},{"type":"Feature","geometry":{"type":"Point","coordinates":[-79.966174,40.34199]},"properties":{"stop_id":"9414","name":"HWY RT 51 + CLOVERLEAF TOWERS","weekday_trips":28,"routes":["Y1","Y46"]}},{"type":"Feature","geometry":{"type":"Point","coordinates":[-79.971331,40.344022]},"properties":{"stop_id":"9416","name":"HWY RT 51 + GRACE","weekday_trips":73,"routes":["51","Y1","Y46"]}},{"type":"Feature","geometry":{"type":"Point","coordinates":[-79.973317,40.346239]},"properties":{"stop_id":"9417","name":"HWY RT 51 + STREETS RUN RD","weekday_trips":70,"routes":["51","Y46"]}},{"type":"Feature","geometry":{"type":"Point","coordinates":[-79.977589,40.352284]},"properties":{"stop_id":"9419","name":"HWY RT 51 + NURNBERGER","weekday_trips":70,"routes":["51","Y46"]}},{"type":"Feature","geometry":{"type":"Point","coordinates":[-79.979426,40.355419]},"properties":{"stop_id":"9421","name":"HWY RT 51 + BEALL","weekday_trips":70,"routes":["51","Y46"]}},{"type":"Feature","geometry":{"type":"Point","coordinates":[-79.982392,40.361158]},"properties":{"stop_id":"9423","name":"HWY RT 51 + STILLEY","weekday_trips":70,"routes":["51","Y46"]}},{"type":"Feature","geometry":{"type":"Point","coordinates":[-79.98386,40.36354]},"properties":{"stop_id":"9424","name":"HWY RT 51 + BROWNSVILLE","weekday_trips":91,"routes":["51","Y1","Y46","Y49"]}},{"type":"Feature","geometry":{"type":"Point","coordinates":[-79.967986,40.363839]},"properties":{"stop_id":"9425","name":"RADFORD RD + WILLOCK (OPP 7-11)","weekday_trips":18,"routes":["Y49"]}},{"type":"Feature","geometry":{"type":"Point","coordinates":[-79.970655,40.362877]},"properties":{"stop_id":"9426","name":"PROSPECT RD + COLTER","weekday_trips":18,"routes":["Y49"]}},{"type":"Feature","geometry":{"type":"Point","coordinates":[-79.973079,40.364069]},"properties":{"stop_id":"9427","name":"PROSPECT RD + ABBOTT","weekday_trips":18,"routes":["Y49"]}},{"type":"Feature","geometry":{"type":"Point","coordinates":[-79.974918,40.363753]},"properties":{"stop_id":"9428","name":"PROSPECT RD + GIESE","weekday_trips":18,"routes":["Y49"]}},{"type":"Feature","geometry":{"type":"Point","coordinates":[-79.978391,40.362326]},"properties":{"stop_id":"9430","name":"PROSPECT RD + WAINWRIGHT","weekday_trips":18,"routes":["Y49"]}},{"type":"Feature","geometry":{"type":"Point","coordinates":[-79.980008,40.360803]},"properties":{"stop_id":"9431","name":"PROSPECT RD + BAUMAN","weekday_trips":18,"routes":["Y49"]}},{"type":"Feature","geometry":{"type":"Point","coordinates":[-79.980531,40.359545]},"properties":{"stop_id":"9432","name":"PROSPECT RD AT STILLEY RD","weekday_trips":18,"routes":["Y49"]}},{"type":"Feature","geometry":{"type":"Point","coordinates":[-79.982221,40.361288]},"properties":{"stop_id":"9433","name":"STILLEY RD + HWY RT 51","weekday_trips":18,"routes":["Y49"]}},{"type":"Feature","geometry":{"type":"Point","coordinates":[-80.001041,40.45153]},"properties":{"stop_id":"944","name":"CEDAR AVE + PRESSLEY ST","weekday_trips":141,"routes":["11","15","17","8"]}},{"type":"Feature","geometry":{"type":"Point","coordinates":[-79.939865,40.344669]},"properties":{"stop_id":"9447","name":"MOUNTAINVIEW DR + GREASE MONKEY","weekday_trips":97,"routes":["53L","55","59","Y47","Y49"]}},{"type":"Feature","geometry":{"type":"Point","coordinates":[-79.953896,40.342239]},"properties":{"stop_id":"9451","name":"MOUNTAINVIEW DR + HOME DEPOT","weekday_trips":43,"routes":["55","59"]}},{"type":"Feature","geometry":{"type":"Point","coordinates":[-80.005063,40.377404]},"properties":{"stop_id":"95","name":"MCNEILLY STATION","weekday_trips":84,"routes":["BLUE","SLVR"]}},{"type":"Feature","geometry":{"type":"Point","coordinates":[-79.976962,40.382955]},"properties":{"stop_id":"9537","name":"BROWNSVILLE RD + STEWART AVE","weekday_trips":105,"routes":["51"]}},{"type":"Feature","geometry":{"type":"Point","coordinates":[-79.975485,40.377925]},"properties":{"stop_id":"9541","name":"BROWNSVILLE RD + W GARDEN RD","weekday_trips":52,"routes":["51","51L"]}},{"type":"Feature","geometry":{"type":"Point","coordinates":[-79.975601,40.374939]},"properties":{"stop_id":"9543","name":"BROWNSVILLE RD + HILLSON AVE FS","weekday_trips":52,"routes":["51","51L"]}},{"type":"Feature","geometry":{"type":"Point","coordinates":[-79.975354,40.371652]},"properties":{"stop_id":"9545","name":"BROWNSVILLE RD + HILLMAN ST","weekday_trips":52,"routes":["51","51L"]}},{"type":"Feature","geometry":{"type":"Point","coordinates":[-79.97581,40.369085]},"properties":{"stop_id":"9547","name":"BROWNSVILLE RD + KAUFMAN AVE FS","weekday_trips":52,"routes":["51","51L"]}},{"type":"Feature","geometry":{"type":"Point","coordinates":[-79.980438,40.359533]},"properties":{"stop_id":"9554","name":"PROSPECT RD + STILLEY FS","weekday_trips":18,"routes":["Y49"]}},{"type":"Feature","geometry":{"type":"Point","coordinates":[-79.979955,40.360768]},"properties":{"stop_id":"9555","name":"PROSPECT RD + BAUMAN","weekday_trips":18,"routes":["Y49"]}},{"type":"Feature","geometry":{"type":"Point","coordinates":[-79.978555,40.362215]},"properties":{"stop_id":"9556","name":"PROSPECT RD + WAINWRIGHT","weekday_trips":18,"routes":["Y49"]}},{"type":"Feature","geometry":{"type":"Point","coordinates":[-79.975046,40.363623]},"properties":{"stop_id":"9558","name":"PROSPECT RD + GIESE","weekday_trips":18,"routes":["Y49"]}},{"type":"Feature","geometry":{"type":"Point","coordinates":[-79.973373,40.36407]},"properties":{"stop_id":"9559","name":"PROSPECT RD + ABBOTT","weekday_trips":18,"routes":["Y49"]}},{"type":"Feature","geometry":{"type":"Point","coordinates":[-79.971208,40.36298]},"properties":{"stop_id":"9560","name":"PROSPECT RD + COLTER","weekday_trips":18,"routes":["Y49"]}},{"type":"Feature","geometry":{"type":"Point","coordinates":[-79.968349,40.363332]},"properties":{"stop_id":"9561","name":"PROSPECT RD + E WILLOCK","weekday_trips":18,"routes":["Y49"]}},{"type":"Feature","geometry":{"type":"Point","coordinates":[-79.982709,40.361387]},"properties":{"stop_id":"9587","name":"HWY RT 51 + STILLEY","weekday_trips":70,"routes":["51","Y46"]}},{"type":"Feature","geometry":{"type":"Point","coordinates":[-79.980487,40.356702]},"properties":{"stop_id":"9588","name":"HWY RT 51 + GLEN ELM","weekday_trips":73,"routes":["51","Y1","Y46"]}},{"type":"Feature","geometry":{"type":"Point","coordinates":[-79.979737,40.355602]},"properties":{"stop_id":"9589","name":"HWY RT 51 + BEALL","weekday_trips":70,"routes":["51","Y46"]}},{"type":"Feature","geometry":{"type":"Point","coordinates":[-80.011154,40.470547]},"properties":{"stop_id":"959","name":"CHARLES ST + SHELTON","weekday_trips":56,"routes":["11","15"]}},{"type":"Feature","geometry":{"type":"Point","coordinates":[-79.977752,40.352256]},"properties":{"stop_id":"9590","name":"HWY RT 51 + BOROUGH PARK","weekday_trips":70,"routes":["51","Y46"]}},{"type":"Feature","geometry":{"type":"Point","coordinates":[-79.976465,40.350023]},"properties":{"stop_id":"9591","name":"HWY RT 51 + MAXWELL FS","weekday_trips":70,"routes":["51","Y46"]}},{"type":"Feature","geometry":{"type":"Point","coordinates":[-79.973576,40.34645]},"properties":{"stop_id":"9592","name":"HWY RT 51 + STREETS RUN RD","weekday_trips":70,"routes":["51","Y46"]}},{"type":"Feature","geometry":{"type":"Point","coordinates":[-79.97174,40.344044]},"properties":{"stop_id":"9593","name":"HWY RT 51 + GRACE","weekday_trips":73,"routes":["51","Y1","Y46"]}},{"type":"Feature","geometry":{"type":"Point","coordinates":[-79.970306,40.343486]},"properties":{"stop_id":"9594","name":"HWY RT 51 + IRWIN","weekday_trips":70,"routes":["51","Y46"]}},{"type":"Feature","geometry":{"type":"Point","coordinates":[-79.966751,40.342102]},"properties":{"stop_id":"9596","name":"HWY RT 51 + CLOVERLEAF TOWERS","weekday_trips":73,"routes":["51","Y1","Y46"]}},{"type":"Feature","geometry":{"type":"Point","coordinates":[-80.00777,40.373925]},"properties":{"stop_id":"96","name":"KILLARNEY","weekday_trips":84,"routes":["BLUE","SLVR"]}},{"type":"Feature","geometry":{"type":"Point","coordinates":[-80.012608,40.470272]},"properties":{"stop_id":"960","name":"CHARLES ST + NORWOOD","weekday_trips":56,"routes":["11","15"]}},{"type":"Feature","geometry":{"type":"Point","coordinates":[-80.01384,40.470039]},"properties":{"stop_id":"961","name":"CHARLES ST + LINWOOD","weekday_trips":56,"routes":["11","15"]}},{"type":"Feature","geometry":{"type":"Point","coordinates":[-79.953791,40.342289]},"properties":{"stop_id":"9611","name":"MOUNTAINVIEW DR + HOME DEPOT","weekday_trips":44,"routes":["55","59"]}},{"type":"Feature","geometry":{"type":"Point","coordinates":[-79.948273,40.344507]},"properties":{"stop_id":"9613","name":"CENTURY DR+ SAMS CLUB DRWY","weekday_trips":119,"routes":["51","55","59","Y47","Y49"]}},{"type":"Feature","geometry":{"type":"Point","coordinates":[-79.939678,40.344582]},"properties":{"stop_id":"9616","name":"MOUNTAINVIEW DR + GREASE MONKEY","weekday_trips":157,"routes":["51","53L","55","59","Y47","Y49"]}},{"type":"Feature","geometry":{"type":"Point","coordinates":[-79.932259,40.361889]},"properties":{"stop_id":"9618","name":"LEBANON RD + NOBLE DR","weekday_trips":82,"routes":["51","53L","55"]}},{"type":"Feature","geometry":{"type":"Point","coordinates":[-79.990675,40.358279]},"properties":{"stop_id":"9622","name":"BROWNSVILLE RD + CURRY","weekday_trips":17,"routes":["Y47"]}},{"type":"Feature","geometry":{"type":"Point","coordinates":[-80.013563,40.467432]},"properties":{"stop_id":"963","name":"WILSON AVE + CHESTER","weekday_trips":25,"routes":["11"]}},{"type":"Feature","geometry":{"type":"Point","coordinates":[-80.01327,40.466527]},"properties":{"stop_id":"964","name":"WILSON AVE + BURGESS","weekday_trips":25,"routes":["11"]}},{"type":"Feature","geometry":{"type":"Point","coordinates":[-79.993248,40.378742]},"properties":{"stop_id":"9647","name":"HWY RT 51 + STEWART","weekday_trips":43,"routes":["Y46","Y49"]}},{"type":"Feature","geometry":{"type":"Point","coordinates":[-79.989857,40.378346]},"properties":{"stop_id":"9648","name":"HWY RT 51 + #2790","weekday_trips":43,"routes":["Y46","Y49"]}},{"type":"Feature","geometry":{"type":"Point","coordinates":[-79.987442,40.377594]},"properties":{"stop_id":"9649","name":"HWY RT 51 + #2850","weekday_trips":43,"routes":["Y46","Y49"]}},{"type":"Feature","geometry":{"type":"Point","coordinates":[-80.012784,40.465029]},"properties":{"stop_id":"965","name":"WILSON AVE + DRUM","weekday_trips":25,"routes":["11"]}},{"type":"Feature","geometry":{"type":"Point","coordinates":[-79.982146,40.373095]},"properties":{"stop_id":"9651","name":"HWY RT 51 + #3500","weekday_trips":43,"routes":["Y46","Y49"]}},{"type":"Feature","geometry":{"type":"Point","coordinates":[-79.982348,40.370796]},"properties":{"stop_id":"9652","name":"HWY RT 51 + DELCO","weekday_trips":46,"routes":["Y1","Y46","Y49"]}},{"type":"Feature","geometry":{"type":"Point","coordinates":[-79.983506,40.368452]},"properties":{"stop_id":"9653","name":"HWY RT 51 + #4040","weekday_trips":43,"routes":["Y46","Y49"]}},{"type":"Feature","geometry":{"type":"Point","coordinates":[-80.012369,40.463772]},"properties":{"stop_id":"966","name":"WILSON AVE + PERRYSVILLE","weekday_trips":25,"routes":["11"]}},{"type":"Feature","geometry":{"type":"Point","coordinates":[-79.984815,40.341664]},"properties":{"stop_id":"9664","name":"KNOEDLER RD + BROWNSVILLE","weekday_trips":17,"routes":["Y47"]}},{"type":"Feature","geometry":{"type":"Point","coordinates":[-79.981401,40.342028]},"properties":{"stop_id":"9665","name":"KNOEDLER RD + KEEPORT(UNI MART)","weekday_trips":17,"routes":["Y47"]}},{"type":"Feature","geometry":{"type":"Point","coordinates":[-80.001613,40.461295]},"properties":{"stop_id":"967","name":"HENDERSON ST + CARRIE","weekday_trips":25,"routes":["11"]}},{"type":"Feature","geometry":{"type":"Point","coordinates":[-79.98514,40.343571]},"properties":{"stop_id":"9673","name":"BROWNSVILLE RD + HALLOW HAVEN","weekday_trips":17,"routes":["Y47"]}},{"type":"Feature","geometry":{"type":"Point","coordinates":[-79.986265,40.347167]},"properties":{"stop_id":"9675","name":"BROWNSVILLE RD + STREETS RUN RD FS","weekday_trips":17,"routes":["Y47"]}},{"type":"Feature","geometry":{"type":"Point","coordinates":[-79.987648,40.349961]},"properties":{"stop_id":"9677","name":"BROWNSVILLE RD + FELIX","weekday_trips":17,"routes":["Y47"]}},{"type":"Feature","geometry":{"type":"Point","coordinates":[-80.00268,40.460938]},"properties":{"stop_id":"968","name":"WARREN ST + CATOMA","weekday_trips":25,"routes":["11"]}},{"type":"Feature","geometry":{"type":"Point","coordinates":[-79.989761,40.353929]},"properties":{"stop_id":"9680","name":"BROWNSVILLE RD + CARLYN","weekday_trips":17,"routes":["Y47"]}},{"type":"Feature","geometry":{"type":"Point","coordinates":[-79.990528,40.355211]},"properties":{"stop_id":"9681","name":"BROWNSVILLE RD + MCANULTY","weekday_trips":17,"routes":["Y47"]}},{"type":"Feature","geometry":{"type":"Point","coordinates":[-79.991077,40.361322]},"properties":{"stop_id":"9684","name":"BROWNSVILLE RD + BAPTIST FS","weekday_trips":17,"routes":["Y47"]}},{"type":"Feature","geometry":{"type":"Point","coordinates":[-80.004087,40.460631]},"properties":{"stop_id":"969","name":"CATOMA ST + LANARK","weekday_trips":25,"routes":["11"]}},{"type":"Feature","geometry":{"type":"Point","coordinates":[-79.987343,40.377704]},"properties":{"stop_id":"9695","name":"HWY RT 51 + #2859","weekday_trips":43,"routes":["Y46","Y49"]}},{"type":"Feature","geometry":{"type":"Point","coordinates":[-80.008182,40.373624]},"properties":{"stop_id":"97","name":"KILLARNEY STATION","weekday_trips":84,"routes":["BLUE","SLVR"]}},{"type":"Feature","geometry":{"type":"Point","coordinates":[-80.005492,40.46192]},"properties":{"stop_id":"970","name":"MEADVILLE ST + BELLEAU","weekday_trips":25,"routes":["11"]}},{"type":"Feature","geometry":{"type":"Point","coordinates":[-79.984203,40.366702]},"properties":{"stop_id":"9700","name":"HWY RT 51 + BRENTWOOD TOWN SQUARE","weekday_trips":43,"routes":["Y46","Y49"]}},{"type":"Feature","geometry":{"type":"Point","coordinates":[-79.983551,40.368006]},"properties":{"stop_id":"9701","name":"HWY RT 51 + TOWNE SQUARE WAY","weekday_trips":43,"routes":["Y46","Y49"]}},{"type":"Feature","geometry":{"type":"Point","coordinates":[-79.982295,40.370518]},"properties":{"stop_id":"9702","name":"HWY RT 51 + MARYLEA","weekday_trips":46,"routes":["Y1","Y46","Y49"]}},{"type":"Feature","geometry":{"type":"Point","coordinates":[-79.983158,40.375346]},"properties":{"stop_id":"9704","name":"HWY RT 51 + GREENLEE","weekday_trips":46,"routes":["Y1","Y46","Y49"]}},{"type":"Feature","geometry":{"type":"Point","coordinates":[-79.992142,40.363881]},"properties":{"stop_id":"9705","name":"PROVOST RD + BARLIND","weekday_trips":17,"routes":["Y47"]}},{"type":"Feature","geometry":{"type":"Point","coordinates":[-79.992119,40.364708]},"properties":{"stop_id":"9706","name":"PROVOST RD + BRIGHTVIEW","weekday_trips":17,"routes":["Y47"]}},{"type":"Feature","geometry":{"type":"Point","coordinates":[-79.994702,40.372174]},"properties":{"stop_id":"9707","name":"PROVOST RD + WHITEHALL COUNTRY CLUB","weekday_trips":17,"routes":["Y47"]}},{"type":"Feature","geometry":{"type":"Point","coordinates":[-80.006014,40.46355]},"properties":{"stop_id":"972","name":"MEADVILLE ST + RISING MAIN","weekday_trips":25,"routes":["11"]}},{"type":"Feature","geometry":{"type":"Point","coordinates":[-80.005344,40.463748]},"properties":{"stop_id":"973","name":"RISING MAIN AVE + LANARK","weekday_trips":25,"routes":["11"]}},{"type":"Feature","geometry":{"type":"Point","coordinates":[-79.990726,40.355383]},"properties":{"stop_id":"9754","name":"BROWNSVILLE RD + MCANULTY","weekday_trips":17,"routes":["Y47"]}},{"type":"Feature","geometry":{"type":"Point","coordinates":[-79.989848,40.353915]},"properties":{"stop_id":"9755","name":"BROWNSVILLE RD + CARLYN","weekday_trips":17,"routes":["Y47"]}},{"type":"Feature","geometry":{"type":"Point","coordinates":[-79.987923,40.350306]},"properties":{"stop_id":"9758","name":"BROWNSVILLE RD + FELIX","weekday_trips":17,"routes":["Y47"]}},{"type":"Feature","geometry":{"type":"Point","coordinates":[-79.986459,40.346842]},"properties":{"stop_id":"9761","name":"BROWNSVILLE RD + STREETS RUN","weekday_trips":17,"routes":["Y47"]}},{"type":"Feature","geometry":{"type":"Point","coordinates":[-80.005838,40.46729]},"properties":{"stop_id":"977","name":"HAZELTON ST + SUFFOLK","weekday_trips":25,"routes":["11"]}},{"type":"Feature","geometry":{"type":"Point","coordinates":[-80.00416,40.468689]},"properties":{"stop_id":"978","name":"WURZELL AVE + BURGESS","weekday_trips":25,"routes":["11"]}},{"type":"Feature","geometry":{"type":"Point","coordinates":[-80.00599,40.470995]},"properties":{"stop_id":"979","name":"BRULE ST + MAGNET","weekday_trips":25,"routes":["11"]}},{"type":"Feature","geometry":{"type":"Point","coordinates":[-80.016186,40.366611]},"properties":{"stop_id":"98","name":"MEMORIAL HALL","weekday_trips":84,"routes":["BLUE","SLVR"]}},{"type":"Feature","geometry":{"type":"Point","coordinates":[-80.007174,40.471237]},"properties":{"stop_id":"980","name":"HAZELTON ST + CHARLES","weekday_trips":25,"routes":["11"]}},{"type":"Feature","geometry":{"type":"Point","coordinates":[-80.008481,40.471063]},"properties":{"stop_id":"981","name":"CHARLES ST + PERRYSVILLE","weekday_trips":25,"routes":["11"]}},{"type":"Feature","geometry":{"type":"Point","coordinates":[-79.964645,40.364496]},"properties":{"stop_id":"9814","name":"MAPLE DR + SKYLINE","weekday_trips":18,"routes":["Y49"]}},{"type":"Feature","geometry":{"type":"Point","coordinates":[-79.984277,40.366919]},"properties":{"stop_id":"9815","name":"HWY RT 51 + OLD CLAIRTON","weekday_trips":43,"routes":["Y46","Y49"]}},{"type":"Feature","geometry":{"type":"Point","coordinates":[-79.967366,40.364348]},"properties":{"stop_id":"9816","name":"RADFORD RD + BEVAN","weekday_trips":18,"routes":["Y49"]}},{"type":"Feature","geometry":{"type":"Point","coordinates":[-80.003705,40.431789]},"properties":{"stop_id":"9827","name":"PRIVATE ROADWAY + STATION SQUARE STATION","weekday_trips":183,"routes":["39","40","41","44","51L","Y1","Y45","Y46","Y47","Y49"]}},{"type":"Feature","geometry":{"type":"Point","coordinates":[-80.006879,40.459033]},"properties":{"stop_id":"983","name":"HENDERSON ST + FOUNTAIN","weekday_trips":25,"routes":["11"]}},{"type":"Feature","geometry":{"type":"Point","coordinates":[-80.005647,40.459227]},"properties":{"stop_id":"984","name":"HENDERSON ST + SANDUSKY CT","weekday_trips":25,"routes":["11"]}},{"type":"Feature","geometry":{"type":"Point","coordinates":[-80.0026,40.459598]},"properties":{"stop_id":"985","name":"HENDERSON ST + JAMES ST STEPS","weekday_trips":25,"routes":["11"]}},{"type":"Feature","geometry":{"type":"Point","coordinates":[-79.860893,40.351905]},"properties":{"stop_id":"9892","name":"LYSLE BLVD + MCKEESPORT TRANSP CTR","weekday_trips":156,"routes":["55","56","59","60","61C","P7"]}},{"type":"Feature","geometry":{"type":"Point","coordinates":[-79.858639,40.352058]},"properties":{"stop_id":"9894","name":"LYSLE BLVD + SENIOR CARE PLAZA","weekday_trips":156,"routes":["55","56","59","60","61C","P7"]}},{"type":"Feature","geometry":{"type":"Point","coordinates":[-79.853365,40.352345]},"properties":{"stop_id":"9896","name":"LYSLE BLVD + CENTER","weekday_trips":156,"routes":["55","56","59","60","61C","P7"]}},{"type":"Feature","geometry":{"type":"Point","coordinates":[-79.85124,40.352435]},"properties":{"stop_id":"9897","name":"LYSLE BLVD + EVANS","weekday_trips":156,"routes":["55","56","59","60","61C","P7"]}},{"type":"Feature","geometry":{"type":"Point","coordinates":[-79.848289,40.35269]},"properties":{"stop_id":"9898","name":"LYSLE BLVD + 5TH","weekday_trips":156,"routes":["55","56","59","60","61C","P7"]}},{"type":"Feature","geometry":{"type":"Point","coordinates":[-80.01672,40.366474]},"properties":{"stop_id":"99","name":"MEMORIAL HALL STATION","weekday_trips":84,"routes":["BLUE","SLVR"]}},{"type":"Feature","geometry":{"type":"Point","coordinates":[-79.850788,40.352602]},"properties":{"stop_id":"9915","name":"LYSLE BLVD + EVANS","weekday_trips":144,"routes":["55","56","59","61C","P7"]}},{"type":"Feature","geometry":{"type":"Point","coordinates":[-79.853088,40.352478]},"properties":{"stop_id":"9916","name":"LYSLE BLVD + CENTER","weekday_trips":158,"routes":["55","56","59","60","61C","P7"]}},{"type":"Feature","geometry":{"type":"Point","coordinates":[-79.856464,40.352325]},"properties":{"stop_id":"9917","name":"LYSLE BLVD + COURSIN","weekday_trips":158,"routes":["55","56","59","60","61C","P7"]}},{"type":"Feature","geometry":{"type":"Point","coordinates":[-79.86381,40.351758]},"properties":{"stop_id":"9920","name":"LYSLE BLVD + LOCUST","weekday_trips":86,"routes":["55","56","59","60"]}},{"type":"Feature","geometry":{"type":"Point","coordinates":[-79.866607,40.351415]},"properties":{"stop_id":"9922","name":"LYSLE BLVD + MARKET","weekday_trips":71,"routes":["55","56","59"]}},{"type":"Feature","geometry":{"type":"Point","coordinates":[-79.961113,40.344937]},"properties":{"stop_id":"9974","name":"LEBANON CHURCH RD + PLEASANT HILLS BLVD","weekday_trips":62,"routes":["51","Y47"]}},{"type":"Feature","geometry":{"type":"Point","coordinates":[-79.978767,40.385795]},"properties":{"stop_id":"9978","name":"BROWNSVILLE RD + CHURCHVIEW AVE","weekday_trips":105,"routes":["51"]}},{"type":"Feature","geometry":{"type":"Point","coordinates":[-79.981806,40.386925]},"properties":{"stop_id":"9980","name":"BROWNSVILLE RD + CLIFTON BLVD","weekday_trips":112,"routes":["51","51L"]}},{"type":"Feature","geometry":{"type":"Point","coordinates":[-79.984626,40.388133]},"properties":{"stop_id":"9982","name":"BROWNSVILLE RD + #2347","weekday_trips":105,"routes":["51"]}},{"type":"Feature","geometry":{"type":"Point","coordinates":[-79.986547,40.391234]},"properties":{"stop_id":"9984","name":"BROWNSVILLE RD + PARKFIELD ST","weekday_trips":112,"routes":["51","51L"]}},{"type":"Feature","geometry":{"type":"Point","coordinates":[-79.986482,40.393037]},"properties":{"stop_id":"9985","name":"BROWNSVILLE RD + WOODFORD AVE","weekday_trips":105,"routes":["51"]}},{"type":"Feature","geometry":{"type":"Point","coordinates":[-79.986681,40.395102]},"properties":{"stop_id":"9987","name":"BROWNSVILLE RD + E AGNEW RD","weekday_trips":112,"routes":["51","51L"]}},{"type":"Feature","geometry":{"type":"Point","coordinates":[-79.987568,40.396629]},"properties":{"stop_id":"9988","name":"BROWNSVILLE RD + CRAILO AVE","weekday_trips":112,"routes":["51","51L"]}},{"type":"Feature","geometry":{"type":"Point","coordinates":[-79.988322,40.397927]},"properties":{"stop_id":"9989","name":"BROWNSVILLE RD + W CHERRYHILL ST","weekday_trips":105,"routes":["51"]}},{"type":"Feature","geometry":{"type":"Point","coordinates":[-79.989003,40.399731]},"properties":{"stop_id":"9990","name":"BROWNSVILLE RD + E MEYERS AVE","weekday_trips":112,"routes":["51","51L"]}},{"type":"Feature","geometry":{"type":"Point","coordinates":[-79.989158,40.400888]},"properties":{"stop_id":"9991","name":"BROWNSVILLE RD + THE BOULEVARD","weekday_trips":112,"routes":["51","51L"]}},{"type":"Feature","geometry":{"type":"Point","coordinates":[-79.990016,40.403758]},"properties":{"stop_id":"9993","name":"BROWNSVILLE RD + NOBLES LN","weekday_trips":112,"routes":["51","51L"]}},{"type":"Feature","geometry":{"type":"Point","coordinates":[-79.991058,40.405552]},"properties":{"stop_id":"9994","name":"BROWNSVILLE RD + WYNOKA ST","weekday_trips":105,"routes":["51"]}},{"type":"Feature","geometry":{"type":"Point","coordinates":[-80.038129,40.375081]},"properties":{"stop_id":"99948","name":"POPLAR","weekday_trips":62,"routes":["RED"]}},{"type":"Feature","geometry":{"type":"Point","coordinates":[-80.03851,40.375395]},"properties":{"stop_id":"99949","name":"POPLAR","weekday_trips":62,"routes":["RED"]}},{"type":"Feature","geometry":{"type":"Point","coordinates":[-79.991143,40.408548]},"properties":{"stop_id":"9996","name":"BROWNSVILLE RD + MCKINLEY ST","weekday_trips":112,"routes":["51","51L"]}},{"type":"Feature","geometry":{"type":"Point","coordinates":[-80.028911,40.34549]},"properties":{"stop_id":"99963","name":"HILLCREST","weekday_trips":55,"routes":["SLVR"]}},{"type":"Feature","geometry":{"type":"Point","coordinates":[-80.028867,40.345557]},"properties":{"stop_id":"99964","name":"HILLCREST","weekday_trips":56,"routes":["SLVR"]}},{"type":"Feature","geometry":{"type":"Point","coordinates":[-80.03979,40.348372]},"properties":{"stop_id":"99965","name":"HIGHLAND","weekday_trips":106,"routes":["BLUE","RED"]}},{"type":"Feature","geometry":{"type":"Point","coordinates":[-80.039769,40.348321]},"properties":{"stop_id":"99966","name":"HIGHLAND","weekday_trips":105,"routes":["BLUE","RED"]}},{"type":"Feature","geometry":{"type":"Point","coordinates":[-80.023078,40.411148]},"properties":{"stop_id":"99968","name":"FALLOWFIELD STATION","weekday_trips":62,"routes":["RED"]}},{"type":"Feature","geometry":{"type":"Point","coordinates":[-80.04108,40.391329]},"properties":{"stop_id":"99969","name":"DORMONT JUNCTION","weekday_trips":62,"routes":["RED"]}},{"type":"Feature","geometry":{"type":"Point","coordinates":[-79.987081,40.416036]},"properties":{"stop_id":"9997","name":"BROWNSVILLE RD + WALNUT ST FS","weekday_trips":105,"routes":["51"]}},{"type":"Feature","geometry":{"type":"Point","coordinates":[-80.010912,40.413126]},"properties":{"stop_id":"99973","name":"DAWN","weekday_trips":62,"routes":["RED"]}},{"type":"Feature","geometry":{"type":"Point","coordinates":[-80.010848,40.412945]},"properties":{"stop_id":"99974","name":"DAWN","weekday_trips":62,"routes":["RED"]}},{"type":"Feature","geometry":{"type":"Point","coordinates":[-80.030126,40.368066]},"properties":{"stop_id":"99975","name":"CASTLE SHANNON STATION","weekday_trips":62,"routes":["RED"]}},{"type":"Feature","geometry":{"type":"Point","coordinates":[-80.030516,40.368492]},"properties":{"stop_id":"99976","name":"CASTLE SHANNON STATION","weekday_trips":62,"routes":["RED"]}},{"type":"Feature","geometry":{"type":"Point","coordinates":[-80.034039,40.349264]},"properties":{"stop_id":"99978","name":"CASSWELL","weekday_trips":105,"routes":["BLUE","RED"]}},{"type":"Feature","geometry":{"type":"Point","coordinates":[-80.046747,40.343744]},"properties":{"stop_id":"99979","name":"BETHEL VILLAGE","weekday_trips":106,"routes":["BLUE","RED"]}},{"type":"Feature","geometry":{"type":"Point","coordinates":[-79.97764,40.42367]},"properties":{"stop_id":"9998","name":"S 18TH ST + MISSION ST","weekday_trips":160,"routes":["51","54"]}},{"type":"Feature","geometry":{"type":"Point","coordinates":[-80.04607,40.344605]},"properties":{"stop_id":"99980","name":"BETHEL VILLAGE","weekday_trips":105,"routes":["BLUE","RED"]}},{"type":"Feature","geometry":{"type":"Point","coordinates":[-80.033313,40.369889]},"properties":{"stop_id":"99983","name":"ARLINGTON","weekday_trips":62,"routes":["RED"]}},{"type":"Feature","geometry":{"type":"Point","coordinates":[-80.03354,40.370176]},"properties":{"stop_id":"99984","name":"ARLINGTON","weekday_trips":62,"routes":["RED"]}},{"type":"Feature","geometry":{"type":"Point","coordinates":[-80.024525,40.410999]},"properties":{"stop_id":"99987","name":"BROADWAY AVE AT HAMPSHIRE","weekday_trips":62,"routes":["RED"]}},{"type":"Feature","geometry":{"type":"Point","coordinates":[-79.996698,40.435282]},"properties":{"stop_id":"99996","name":"FIRST AVENUE STATION","weekday_trips":146,"routes":["BLUE","RED","SLVR"]}},{"type":"Feature","geometry":{"type":"Point","coordinates":[-79.996468,40.435574]},"properties":{"stop_id":"99997","name":"FIRST AVENUE STATION","weekday_trips":146,"routes":["BLUE","RED","SLVR"]}},{"type":"Feature","geometry":{"type":"Point","coordinates":[-80.017787,40.44789]},"properties":{"stop_id":"99998","name":"ALLEGHENY STATION","weekday_trips":292,"routes":["BLUE","RED","SLVR"]}},{"type":"Feature","geometry":{"type":"Point","coordinates":[-80.010515,40.4481]},"properties":{"stop_id":"99999","name":"NORTH SIDE STATION","weekday_trips":146,"routes":["BLUE","RED","SLVR"]}},{"type":"Feature","geometry":{"type":"Point","coordinates":[-80.018026,40.440126]},"properties":{"stop_id":"W06290","name":"DUQUESNE INCLINE AT LOWER STATION","weekday_trips":0,"routes":[]}},{"type":"Feature","geometry":{"type":"Point","coordinates":[-80.019468,40.43851]},"properties":{"stop_id":"W06300","name":"DUQUESNE INCLINE AT UPPER STATION","weekday_trips":0,"routes":[]}},{"type":"Feature","geometry":{"type":"Point","coordinates":[-80.006097,40.431371]},"properties":{"stop_id":"W15307","name":"MONONGAHELA INCLINE AT UPPER STATION","weekday_trips":0,"routes":[]}},{"type":"Feature","geometry":{"type":"Point","coordinates":[-80.004904,40.432559]},"properties":{"stop_id":"W15308","name":"MONONGAHELA INCLINE AT LOWER STATION","weekday_trips":0,"routes":[]}}]}
